2026-09-21 13:09:33.691 INFO: Using statistics file /global/u1/t/twarford/dev/mace-scf/matpes_fit/processed_r2scan_split/statistics.json
2026-09-21 13:09:33.698 INFO: Process group initialized: True
2026-09-21 13:09:33.699 INFO: Processes: 8
2026-09-21 13:09:33.699 INFO: MACE version: 0.3.14
2026-09-21 13:09:33.699 INFO: CUDA version: 13.0, CUDA device: 0
2026-09-21 13:09:33.700 INFO: Configuration: Namespace(config='/global/u1/t/twarford/dev/mace-scf/fit_matpes_vanilla/config.yaml', name='matpes_vanilla', seed=1, work_dir='/global/u1/t/twarford/dev/mace-scf/fit_matpes_vanilla', log_dir='/global/u1/t/twarford/dev/mace-scf/fit_matpes_vanilla/logs', model_dir='/global/u1/t/twarford/dev/mace-scf/fit_matpes_vanilla', checkpoints_dir='/global/u1/t/twarford/dev/mace-scf/fit_matpes_vanilla/checkpoints', results_dir='/global/u1/t/twarford/dev/mace-scf/fit_matpes_vanilla/results', downloads_dir='/global/u1/t/twarford/dev/mace-scf/fit_matpes_vanilla/downloads', device='cuda', default_dtype='float64', distributed=True, launcher='slurm', log_level='INFO', plot=True, plot_frequency=0, plot_interaction_e=False, r_max=6.0, radial_type='bessel', num_radial_basis=8, num_cutoff_basis=5, pair_repulsion=False, distance_transform='None', apply_cutoff=True, use_last_readout_only=False, use_embedding_readout=False, interaction='RealAgnosticResidualInteractionBlock', interaction_first='RealAgnosticResidualInteractionBlock', max_ell=3, correlation=3, use_reduced_cg=False, use_so3=False, use_agnostic_product=False, num_interactions=2, MLP_irreps='16x0e', radial_MLP='[64, 64, 64]', hidden_irreps='128x0e + 128x1o', edge_irreps=None, num_channels=None, max_L=None, gate='silu', scaling='rms_forces_scaling', avg_num_neighbors=54.184029281139374, compute_avg_num_neighbors=False, compute_stress=True, compute_forces=True, train_file='/global/u1/t/twarford/dev/mace-scf/matpes_fit/processed_r2scan_split/train', valid_file='/global/u1/t/twarford/dev/mace-scf/matpes_fit/processed_r2scan_split/val', valid_fraction=0.1, test_file=None, test_dir=None, multi_processed_test=False, num_workers=8, pin_memory=True, atomic_numbers='[1, 2, 3, 4, 5, 6, 7, 8, 9, 10, 11, 12, 13, 14, 15, 16, 17, 18, 19, 20, 21, 22, 23, 24, 25, 26, 27, 28, 29, 30, 31, 32, 33, 34, 35, 36, 37, 38, 39, 40, 41, 42, 43, 44, 45, 46, 47, 48, 49, 50, 51, 52, 53, 54, 55, 56, 57, 58, 59, 60, 61, 62, 63, 64, 65, 66, 67, 68, 69, 70, 71, 72, 73, 74, 75, 76, 77, 78, 79, 80, 81, 82, 83, 89, 90, 91, 92, 93, 94]', mean=-3.814699526876211, std=1.5658278409391642, statistics_file='/global/u1/t/twarford/dev/mace-scf/matpes_fit/processed_r2scan_split/statistics.json', les_arguments=None, E0s='{1: -1.12256101, 2: -0.32636788, 3: -0.77574867, 4: -0.55505964, 5: -1.1719562, 6: -2.37153267, 7: -4.42722573, 8: -3.22079709, 9: -2.24667956, 10: -1.87587063, 11: -2.47916288, 12: -2.46009842, 13: -3.13610691, 14: -4.10417318, 15: -5.58350445, 16: -5.11758869, 17: -4.8080844, 18: -4.81548181, 19: -5.1619833, 20: -4.96437348, 21: -7.3758385, 22: -7.89348124, 23: -9.39933491, 24: -11.58612906, 25: -11.62153053, 26: -9.75123742, 27: -8.06962288, 28: -7.33886001, 29: -6.96372255, 30: -7.44297004, 31: -8.61531029, 32: -10.00138965, 33: -11.8352409, 34: -11.78712055, 35: -11.94318729, 36: -12.53125178, 37: -13.16897743, 38: -13.3079222, 39: -16.17722027, 40: -16.68644557, 41: -17.68512895, 42: -20.43632183, 43: -19.6789338, 44: -18.30519319, 45: -18.30000869, 46: -18.77913604, 47: -18.47864697, 48: -19.04302934, 49: -20.18193266, 50: -21.36410117, 51: -23.14770657, 52: -23.14988811, 53: -23.31069583, 54: -23.80420774, 55: -24.33703294, 56: -25.72952087, 57: -25.77726829, 58: -26.70836462, 59: -28.03128505, 60: -30.12134597, 61: -31.83328727, 62: -34.20690699, 63: -37.50571106, 64: -37.09642203, 65: -35.36334319, 66: -35.18798673, 67: -34.4915607, 68: -33.45594441, 69: -32.87419661, 70: -33.50674037, 71: -33.75240649, 72: -38.72151641, 73: -40.45435788, 74: -43.42146831, 75: -45.01003731, 76: -44.9549781, 77: -45.21733442, 78: -45.78349652, 79: -47.17549869, 80: -48.91051649, 81: -51.09730432, 82: -53.33681477, 83: -56.1998466, 89: -65.08565284, 90: -67.22815256, 91: -70.10833751, 92: -74.35431907, 93: -78.24114297, 94: -82.93460559}', pseudolabel_replay=False, foundation_filter_elements=True, multiheads_finetuning=True, foundation_head=None, weight_pt_head=1.0, real_pt_data_ratio_threshold=0.1, num_samples_pt=10000, force_mh_ft_lr=False, subselect_pt='random', filter_type_pt='none', allow_random_padding_pt=True, pt_train_file=None, pt_valid_file=None, foundation_model_elements=False, keep_isolated_atoms=False, energy_key=None, forces_key=None, virials_key=None, stress_key=None, dipole_key=None, polarizability_key=None, head_key=None, charges_key=None, elec_temp_key=None, total_spin_key=None, total_charge_key=None, embedding_specs=None, skip_evaluate_heads='pt_head', forces_weight=100.0, swa_forces_weight=100.0, energy_weight=1.0, swa_energy_weight=1000.0, virials_weight=1.0, swa_virials_weight=10.0, stress_weight=1.0, swa_stress_weight=10.0, dipole_weight=1.0, swa_dipole_weight=1.0, swa_polarizability_weight=1.0, polarizability_weight=1.0, config_type_weights={'Default': 1.0}, huber_delta=0.01, beta=0.9, batch_size=32, valid_batch_size=64, lr=0.01, swa_lr=0.001, weight_decay=5e-07, amsgrad=True, scheduler='ReduceLROnPlateau', lr_factor=0.8, scheduler_patience=50, lr_scheduler_gamma=0.9993, swa=False, start_swa=None, lbfgs=False, ema=True, ema_decay=0.99, max_num_epochs=2048, patience=2048, foundation_model=None, foundation_model_readout=True, eval_interval=1, keep_checkpoints=False, save_all_checkpoints=False, save_cpu=True, clip_grad=100.0, dry_run=False, enable_cueq=True, only_cueq=False, enable_oeq=False, wandb=True, wandb_dir='/global/u1/t/twarford/dev/mace-scf/fit_matpes_vanilla/wandb', wandb_project='matpes-lsc-comparison', wandb_entity='', wandb_name='matpes_vanilla_debug', wandb_log_hypers=['lr', 'batch_size', 'r_max', 'weight_decay', 'max_num_epochs'], atomic_multipoles_key=None, electrostatic_potentials_key=None, external_field_key=None, fermi_level_key=None, include_local_electron_energy=True, atomic_multipoles_max_l=1, atomic_multipoles_smearing_width=1.5, kspace_cutoff_factor=1.0, atomic_formal_charges='{}', formal_charges_from_data=False, formal_charge_noise_sigma=None, field_feature_max_l=1, field_feature_widths='[1.0, 2.0]', dont_include_pbc_corrections=False, include_electrostatic_self_interaction=True, valid_set_seed=1, quadrupole_feature_corrections=False, electrostatic_pbc_method='mixed_periodic', allow_low_density_pbc=False, override_pbc_checks=False, low_density_pbc_max_volume_per_atom=100.0, static_bond_transfer_block='OxidationDependentSymmetricPredictionSourceBlock', oxidation_state_mixer='SumOxidationStateMixer', return_electrostatic_potentials=False, train_schedule=[{'name': 'stage1', 'start': 0, 'end': 49, 'loss': {'energy_per_atom': {'weight': 1.0}, 'forces': {'weight': 100.0}, 'stress': {'weight': 1.0}}, 'lr': 0.01}, {'name': 'stage2', 'start': 50, 'end': 89, 'loss': {'energy_per_atom': {'weight': 100.0}, 'forces': {'weight': 20.0}, 'stress': {'weight': 1.0}}, 'lr': 0.001}], fixedpoint_update_config={'type': <class 'mace_scf.electrostatics.field_blocks.OneBodyVariableUpdate'>, 'potential_embedding_cls': <class 'mace_scf.electrostatics.field_blocks.BiasedLinearPotentialEmbedding'>, 'nonlinearity_cls': <class 'mace_scf.electrostatics.field_blocks.NoNonLinearity'>}, field_readout_config={'type': <class 'mace_scf.electrostatics.field_blocks.StrictQuadraticFieldEnergyReadout'>}, field_block_weight_decay=5e-07, local_charges_weight_decay=5e-07, field_feature_norms='average', fermi_level_offset=None, field_norm_factor=1.0, oxidation_state_range='(-6.0, 6.0)', polarizable_charges=False, beta_two=0.999, log_on_test_sets=False, scf_convergence_summary=False, use_linear_final_readout=False, include_field_si=False, use_linear_local_charges=False, atom_density_scaling='None', wandb_watch='gradients', wandb_watch_log_freq=25, debug_log_grad_summary=True, log_all_ranks=False, fixedpoint_initial_charge_head_scale=0.01, heads={'default': {'info_keys': {'energy': 'REF_energy', 'total_charge': 'REF_total_charge', 'stress': 'REF_stress', 'head': 'head'}, 'arrays_keys': {'forces': 'REF_forces', 'charges': 'REF_formal_charges', 'atomic_multipoles': 'REF_multipoles'}}}, error_table='PerAtomRMSEstressvirials', compute_polarizability=False, restart_latest=True, model='ScaleShiftMACE', optimizer='adam', qeq_charges='autograd', train_hardness=False, read_enegs=False, read_hardness=False, enegs_key=None, default_hardness=2.0)
2026-09-21 13:09:33.701 INFO: Using the key specifications to parse data:
2026-09-21 13:09:33.702 INFO: KeySpecification(info_keys={'energy': 'REF_energy', 'total_charge': 'REF_total_charge', 'stress': 'REF_stress', 'head': 'head'}, arrays_keys={'forces': 'REF_forces', 'charges': 'REF_formal_charges', 'atomic_multipoles': 'REF_multipoles'})
2026-09-21 13:09:33.704 INFO: Loading preprocessed .h5 input; its checks ran at preprocess time.
2026-09-21 13:09:33.705 INFO: Isolated Atomic Energies (E0s) not in training file, using command line argument
2026-09-21 13:10:10.298 INFO: AtomicNumberTable: (1, 2, 3, 4, 5, 6, 7, 8, 9, 10, 11, 12, 13, 14, 15, 16, 17, 18, 19, 20, 21, 22, 23, 24, 25, 26, 27, 28, 29, 30, 31, 32, 33, 34, 35, 36, 37, 38, 39, 40, 41, 42, 43, 44, 45, 46, 47, 48, 49, 50, 51, 52, 53, 54, 55, 56, 57, 58, 59, 60, 61, 62, 63, 64, 65, 66, 67, 68, 69, 70, 71, 72, 73, 74, 75, 76, 77, 78, 79, 80, 81, 82, 83, 89, 90, 91, 92, 93, 94)
2026-09-21 13:10:10.299 INFO: Total number of configurations: train=362799, valid=11254, tests=[]
2026-09-21 13:10:10.300 INFO: Atomic energies: [-1.12256101, -0.32636788, -0.77574867, -0.55505964, -1.1719562, -2.37153267, -4.42722573, -3.22079709, -2.24667956, -1.87587063, -2.47916288, -2.46009842, -3.13610691, -4.10417318, -5.58350445, -5.11758869, -4.8080844, -4.81548181, -5.1619833, -4.96437348, -7.3758385, -7.89348124, -9.39933491, -11.58612906, -11.62153053, -9.75123742, -8.06962288, -7.33886001, -6.96372255, -7.44297004, -8.61531029, -10.00138965, -11.8352409, -11.78712055, -11.94318729, -12.53125178, -13.16897743, -13.3079222, -16.17722027, -16.68644557, -17.68512895, -20.43632183, -19.6789338, -18.30519319, -18.30000869, -18.77913604, -18.47864697, -19.04302934, -20.18193266, -21.36410117, -23.14770657, -23.14988811, -23.31069583, -23.80420774, -24.33703294, -25.72952087, -25.77726829, -26.70836462, -28.03128505, -30.12134597, -31.83328727, -34.20690699, -37.50571106, -37.09642203, -35.36334319, -35.18798673, -34.4915607, -33.45594441, -32.87419661, -33.50674037, -33.75240649, -38.72151641, -40.45435788, -43.42146831, -45.01003731, -44.9549781, -45.21733442, -45.78349652, -47.17549869, -48.91051649, -51.09730432, -53.33681477, -56.1998466, -65.08565284, -67.22815256, -70.10833751, -74.35431907, -78.24114297, -82.93460559]
2026-09-21 13:10:10.300 INFO: Average number of neighbors: 54.184029281139374
2026-09-21 13:10:10.301 DEBUG: Normalized paths for operand 2 in uv,iu,iv operands=[(89, 128)],[(1, 89)],[(1, 128)] paths=[op0[0]*op1[0]*op2[0]*1.]: got uv,iu,iv operands=[(89, 128)],[(1, 89)],[(1, 128)] paths=[op0[0]*op1[0]*op2[0]*0.11]
2026-09-21 13:10:10.301 DEBUG: Normalized paths for operand 2 in uv,iu,iv operands=[(89, 128)],[(1, 89)],[(1, 128)] paths=[op0[0]*op1[0]*op2[0]*1.]: got uv,iu,iv operands=[(89, 128)],[(1, 89)],[(1, 128)] paths=[op0[0]*op1[0]*op2[0]*0.11]
2026-09-21 13:10:10.301 DEBUG: Normalized paths for operand 2 in uv,iu,iv operands=[(89, 128)],[(1, 89)],[(1, 128)] paths=[op0[0]*op1[0]*op2[0]*1.]: got uv,iu,iv operands=[(89, 128)],[(1, 89)],[(1, 128)] paths=[op0[0]*op1[0]*op2[0]*0.11]
2026-09-21 13:10:10.301 DEBUG: Normalized paths for operand 2 in uv,iu,iv operands=[(89, 128)],[(1, 89)],[(1, 128)] paths=[op0[0]*op1[0]*op2[0]*1.]: got uv,iu,iv operands=[(89, 128)],[(1, 89)],[(1, 128)] paths=[op0[0]*op1[0]*op2[0]*0.11]
2026-09-21 13:10:10.301 DEBUG: Normalized paths for operand 2 in uv,iu,iv operands=[(89, 128)],[(1, 89)],[(1, 128)] paths=[op0[0]*op1[0]*op2[0]*1.]: got uv,iu,iv operands=[(89, 128)],[(1, 89)],[(1, 128)] paths=[op0[0]*op1[0]*op2[0]*0.11]
2026-09-21 13:10:10.301 DEBUG: Normalized paths for operand 2 in uv,iu,iv operands=[(89, 128)],[(1, 89)],[(1, 128)] paths=[op0[0]*op1[0]*op2[0]*1.]: got uv,iu,iv operands=[(89, 128)],[(1, 89)],[(1, 128)] paths=[op0[0]*op1[0]*op2[0]*0.11]
2026-09-21 13:10:10.301 INFO: Fermi level offset is only used by FixedPoint; skipping the training-set scan for model ScaleShiftMACE
2026-09-21 13:10:10.301 DEBUG: Normalized paths for operand 2 in uv,iu,iv operands=[(89, 128)],[(1, 89)],[(1, 128)] paths=[op0[0]*op1[0]*op2[0]*1.]: got uv,iu,iv operands=[(89, 128)],[(1, 89)],[(1, 128)] paths=[op0[0]*op1[0]*op2[0]*0.11]
2026-09-21 13:10:10.302 INFO: using Fermi level offset 0.0
2026-09-21 13:10:10.303 INFO: Ignoring field_feature_norms='average' for model ScaleShiftMACE; field features are only used by FixedPoint.
2026-09-21 13:10:10.303 INFO: using normalization for field features None
2026-09-21 13:10:10.304 INFO: using atom density scaling factors [1. 1. 1. 1. 1. 1. 1. 1. 1. 1. 1. 1. 1. 1. 1. 1. 1. 1. 1. 1. 1. 1. 1. 1.
 1. 1. 1. 1. 1. 1. 1. 1. 1. 1. 1. 1. 1. 1. 1. 1. 1. 1. 1. 1. 1. 1. 1. 1.
 1. 1. 1. 1. 1. 1. 1. 1. 1. 1. 1. 1. 1. 1. 1. 1. 1. 1. 1. 1. 1. 1. 1. 1.
 1. 1. 1. 1. 1. 1. 1. 1. 1. 1. 1. 1. 1. 1. 1. 1. 1.]
2026-09-21 13:10:10.305 INFO: Building model
2026-09-21 13:10:10.305 INFO: Hidden irreps: 128x0e + 128x1o
2026-09-21 13:10:10.306 INFO: Using cuequivariance: CuEquivarianceConfig(enabled=True, layout=(mul,irrep), layout_str='mul_ir', group=<class 'mace.tools.cg.O3_e3nn'>, optimize_all=True, optimize_linear=False, optimize_channelwise=False, optimize_symmetric=False, optimize_fctp=False, conv_fusion=False)
2026-09-21 13:10:10.306 INFO: using mean -3.814699526876211 and std 1.5658278409391642 from the statistics file
2026-09-21 13:10:10.308 DEBUG: Normalized paths for operand 2 in uv,iu,iv operands=[(89, 128)],[(1, 89)],[(1, 128)] paths=[op0[0]*op1[0]*op2[0]*1.]: got uv,iu,iv operands=[(89, 128)],[(1, 89)],[(1, 128)] paths=[op0[0]*op1[0]*op2[0]*0.11]
2026-09-21 13:10:10.370 DEBUG: Normalized paths for operand 2 in uv,iu,iv operands=[(128, 128)],[(1, 128)],[(1, 128)] paths=[op0[0]*op1[0]*op2[0]*1.]: got uv,iu,iv operands=[(128, 128)],[(1, 128)],[(1, 128)] paths=[op0[0]*op1[0]*op2[0]*0.09]
2026-09-21 13:10:10.370 DEBUG: Normalized paths for operand 2 in uv,iu,iv operands=[(128, 128)],[(1, 128)],[(1, 128)] paths=[op0[0]*op1[0]*op2[0]*1.]: got uv,iu,iv operands=[(128, 128)],[(1, 128)],[(1, 128)] paths=[op0[0]*op1[0]*op2[0]*0.09]
2026-09-21 13:10:10.370 DEBUG: Normalized paths for operand 2 in uv,iu,iv operands=[(128, 128)],[(1, 128)],[(1, 128)] paths=[op0[0]*op1[0]*op2[0]*1.]: got uv,iu,iv operands=[(128, 128)],[(1, 128)],[(1, 128)] paths=[op0[0]*op1[0]*op2[0]*0.09]
2026-09-21 13:10:10.370 DEBUG: Normalized paths for operand 2 in uv,iu,iv operands=[(128, 128)],[(1, 128)],[(1, 128)] paths=[op0[0]*op1[0]*op2[0]*1.]: got uv,iu,iv operands=[(128, 128)],[(1, 128)],[(1, 128)] paths=[op0[0]*op1[0]*op2[0]*0.09]
2026-09-21 13:10:10.375 DEBUG: Normalized paths for operand 2 in uv,iu,iv operands=[(128, 128)],[(1, 128)],[(1, 128)] paths=[op0[0]*op1[0]*op2[0]*1.]: got uv,iu,iv operands=[(128, 128)],[(1, 128)],[(1, 128)] paths=[op0[0]*op1[0]*op2[0]*0.09]
2026-09-21 13:10:10.375 DEBUG: Normalized paths for operand 2 in uv,iu,iv operands=[(128, 128)],[(1, 128)],[(1, 128)] paths=[op0[0]*op1[0]*op2[0]*1.]: got uv,iu,iv operands=[(128, 128)],[(1, 128)],[(1, 128)] paths=[op0[0]*op1[0]*op2[0]*0.09]
2026-09-21 13:10:10.375 DEBUG: Normalized paths for operand 2 in uv,iu,iv operands=[(128, 128)],[(1, 128)],[(1, 128)] paths=[op0[0]*op1[0]*op2[0]*1.]: got uv,iu,iv operands=[(128, 128)],[(1, 128)],[(1, 128)] paths=[op0[0]*op1[0]*op2[0]*0.09]
2026-09-21 13:10:10.375 DEBUG: Normalized paths for operand 2 in uv,iu,iv operands=[(128, 128)],[(1, 128)],[(1, 128)] paths=[op0[0]*op1[0]*op2[0]*1.]: got uv,iu,iv operands=[(128, 128)],[(1, 128)],[(1, 128)] paths=[op0[0]*op1[0]*op2[0]*0.09]
2026-09-21 13:10:10.386 DEBUG: Normalized paths for operand 3 in uv,iu,jv,kuv+ijk sizes=512,128,16,2048 num_segments=4,1,4,4 num_paths=4 i=1 j={1, 3, 5, 7} k={1, 3, 5, 7} u=128 v=1: got uv,iu,jv,kuv+ijk sizes=512,128,16,2048 num_segments=4,1,4,4 num_paths=4 i=1 j={1, 3, 5, 7} k={1, 3, 5, 7} u=128 v=1
2026-09-21 13:10:10.386 DEBUG: Normalized paths for operand 3 in uv,iu,jv,kuv+ijk sizes=512,128,16,2048 num_segments=4,1,4,4 num_paths=4 i=1 j={1, 3, 5, 7} k={1, 3, 5, 7} u=128 v=1: got uv,iu,jv,kuv+ijk sizes=512,128,16,2048 num_segments=4,1,4,4 num_paths=4 i=1 j={1, 3, 5, 7} k={1, 3, 5, 7} u=128 v=1
2026-09-21 13:10:10.387 DEBUG: Flattened ijk in uv,iu,jv,kuv+ijk sizes=512,128,16,2048 num_segments=4,1,4,4 num_paths=4 i=1 j={1, 3, 5, 7} k={1, 3, 5, 7} u=128 v=1: got uv,u,v,uv sizes=512,128,16,2048 num_segments=4,1,16,16 num_paths=16 u=128 v=1
2026-09-21 13:10:10.387 DEBUG: Flattened ijk in uv,iu,jv,kuv+ijk sizes=512,128,16,2048 num_segments=4,1,4,4 num_paths=4 i=1 j={1, 3, 5, 7} k={1, 3, 5, 7} u=128 v=1: got uv,u,v,uv sizes=512,128,16,2048 num_segments=4,1,16,16 num_paths=16 u=128 v=1
2026-09-21 13:10:10.391 DEBUG: Normalized paths for operand 3 in uv,iu,jv,kuv+ijk sizes=512,128,16,2048 num_segments=4,1,4,4 num_paths=4 i=1 j={1, 3, 5, 7} k={1, 3, 5, 7} u=128 v=1: got uv,iu,jv,kuv+ijk sizes=512,128,16,2048 num_segments=4,1,4,4 num_paths=4 i=1 j={1, 3, 5, 7} k={1, 3, 5, 7} u=128 v=1
2026-09-21 13:10:10.391 DEBUG: Normalized paths for operand 3 in uv,iu,jv,kuv+ijk sizes=512,128,16,2048 num_segments=4,1,4,4 num_paths=4 i=1 j={1, 3, 5, 7} k={1, 3, 5, 7} u=128 v=1: got uv,iu,jv,kuv+ijk sizes=512,128,16,2048 num_segments=4,1,4,4 num_paths=4 i=1 j={1, 3, 5, 7} k={1, 3, 5, 7} u=128 v=1
2026-09-21 13:10:10.391 DEBUG: Normalized paths for operand 3 in uv,iu,jv,kuv+ijk sizes=512,128,16,2048 num_segments=4,1,4,4 num_paths=4 i=1 j={1, 3, 5, 7} k={1, 3, 5, 7} u=128 v=1: got uv,iu,jv,kuv+ijk sizes=512,128,16,2048 num_segments=4,1,4,4 num_paths=4 i=1 j={1, 3, 5, 7} k={1, 3, 5, 7} u=128 v=1
2026-09-21 13:10:10.391 DEBUG: Normalized paths for operand 3 in uv,iu,jv,kuv+ijk sizes=512,128,16,2048 num_segments=4,1,4,4 num_paths=4 i=1 j={1, 3, 5, 7} k={1, 3, 5, 7} u=128 v=1: got uv,iu,jv,kuv+ijk sizes=512,128,16,2048 num_segments=4,1,4,4 num_paths=4 i=1 j={1, 3, 5, 7} k={1, 3, 5, 7} u=128 v=1
2026-09-21 13:10:10.393 DEBUG: Flattened ijk in uv,iu,jv,kuv+ijk sizes=512,128,16,2048 num_segments=4,1,4,4 num_paths=4 i=1 j={1, 3, 5, 7} k={1, 3, 5, 7} u=128 v=1: got uv,u,v,uv sizes=512,128,16,2048 num_segments=4,1,16,16 num_paths=16 u=128 v=1
2026-09-21 13:10:10.393 DEBUG: Flattened ijk in uv,iu,jv,kuv+ijk sizes=512,128,16,2048 num_segments=4,1,4,4 num_paths=4 i=1 j={1, 3, 5, 7} k={1, 3, 5, 7} u=128 v=1: got uv,u,v,uv sizes=512,128,16,2048 num_segments=4,1,16,16 num_paths=16 u=128 v=1
2026-09-21 13:10:10.393 DEBUG: Flattened ijk in uv,iu,jv,kuv+ijk sizes=512,128,16,2048 num_segments=4,1,4,4 num_paths=4 i=1 j={1, 3, 5, 7} k={1, 3, 5, 7} u=128 v=1: got uv,u,v,uv sizes=512,128,16,2048 num_segments=4,1,16,16 num_paths=16 u=128 v=1
2026-09-21 13:10:10.393 DEBUG: Flattened ijk in uv,iu,jv,kuv+ijk sizes=512,128,16,2048 num_segments=4,1,4,4 num_paths=4 i=1 j={1, 3, 5, 7} k={1, 3, 5, 7} u=128 v=1: got uv,u,v,uv sizes=512,128,16,2048 num_segments=4,1,16,16 num_paths=16 u=128 v=1
2026-09-21 13:10:10.557 DEBUG: Normalized paths for operand 3 in uv,iu,jv,kuv+ijk sizes=512,128,16,2048 num_segments=4,1,4,4 num_paths=4 i=1 j={1, 3, 5, 7} k={1, 3, 5, 7} u=128 v=1: got uv,iu,jv,kuv+ijk sizes=512,128,16,2048 num_segments=4,1,4,4 num_paths=4 i=1 j={1, 3, 5, 7} k={1, 3, 5, 7} u=128 v=1
2026-09-21 13:10:10.559 DEBUG: Flattened ijk in uv,iu,jv,kuv+ijk sizes=512,128,16,2048 num_segments=4,1,4,4 num_paths=4 i=1 j={1, 3, 5, 7} k={1, 3, 5, 7} u=128 v=1: got uv,u,v,uv sizes=512,128,16,2048 num_segments=4,1,16,16 num_paths=16 u=128 v=1
2026-09-21 13:10:10.561 DEBUG: Squeezed uv,u,v,uv sizes=512,128,16,2048 num_segments=4,1,16,16 num_paths=16 u=128 v=1 to u,u,,u sizes=512,128,16,2048 num_segments=4,1,16,16 num_paths=16 u=128
2026-09-21 13:10:10.561 DEBUG: Normalized paths for operand 3 in uv,iu,jv,kuv+ijk sizes=512,128,16,2048 num_segments=4,1,4,4 num_paths=4 i=1 j={1, 3, 5, 7} k={1, 3, 5, 7} u=128 v=1: got uv,iu,jv,kuv+ijk sizes=512,128,16,2048 num_segments=4,1,4,4 num_paths=4 i=1 j={1, 3, 5, 7} k={1, 3, 5, 7} u=128 v=1
2026-09-21 13:10:10.562 DEBUG: Flattened ijk in uv,iu,jv,kuv+ijk sizes=512,128,16,2048 num_segments=4,1,4,4 num_paths=4 i=1 j={1, 3, 5, 7} k={1, 3, 5, 7} u=128 v=1: got uv,u,v,uv sizes=512,128,16,2048 num_segments=4,1,16,16 num_paths=16 u=128 v=1
2026-09-21 13:10:10.563 DEBUG: Flattened ijk in uv,iu,jv,kuv+ijk sizes=512,128,16,2048 num_segments=4,1,4,4 num_paths=4 i=1 j={1, 3, 5, 7} k={1, 3, 5, 7} u=128 v=1: got uv,u,v,uv sizes=512,128,16,2048 num_segments=4,1,16,16 num_paths=16 u=128 v=1
2026-09-21 13:10:10.563 DEBUG: Squeezed uv,u,v,uv sizes=512,128,16,2048 num_segments=4,1,16,16 num_paths=16 u=128 v=1 to u,u,,u sizes=512,128,16,2048 num_segments=4,1,16,16 num_paths=16 u=128
2026-09-21 13:10:10.563 DEBUG: Squeezed uv,u,v,uv sizes=512,128,16,2048 num_segments=4,1,16,16 num_paths=16 u=128 v=1 to u,u,,u sizes=512,128,16,2048 num_segments=4,1,16,16 num_paths=16 u=128
2026-09-21 13:10:10.564 DEBUG: Squeezed uv,u,v,uv sizes=512,128,16,2048 num_segments=4,1,16,16 num_paths=16 u=128 v=1 to u,u,,u sizes=512,128,16,2048 num_segments=4,1,16,16 num_paths=16 u=128
2026-09-21 13:10:10.564 DEBUG: Squeezed uv,u,v,uv sizes=512,128,16,2048 num_segments=4,1,16,16 num_paths=16 u=128 v=1 to u,u,,u sizes=512,128,16,2048 num_segments=4,1,16,16 num_paths=16 u=128
2026-09-21 13:10:10.564 DEBUG: Squeezed uv,u,v,uv sizes=512,128,16,2048 num_segments=4,1,16,16 num_paths=16 u=128 v=1 to u,u,,u sizes=512,128,16,2048 num_segments=4,1,16,16 num_paths=16 u=128
2026-09-21 13:10:10.564 DEBUG: Flattened ijk in uv,iu,jv,kuv+ijk sizes=512,128,16,2048 num_segments=4,1,4,4 num_paths=4 i=1 j={1, 3, 5, 7} k={1, 3, 5, 7} u=128 v=1: got uv,u,v,uv sizes=512,128,16,2048 num_segments=4,1,16,16 num_paths=16 u=128 v=1
2026-09-21 13:10:10.565 DEBUG: Flattened ijk in uv,iu,jv,kuv+ijk sizes=512,128,16,2048 num_segments=4,1,4,4 num_paths=4 i=1 j={1, 3, 5, 7} k={1, 3, 5, 7} u=128 v=1: got uv,u,v,uv sizes=512,128,16,2048 num_segments=4,1,16,16 num_paths=16 u=128 v=1
2026-09-21 13:10:10.566 DEBUG: Flattened ijk in uv,iu,jv,kuv+ijk sizes=512,128,16,2048 num_segments=4,1,4,4 num_paths=4 i=1 j={1, 3, 5, 7} k={1, 3, 5, 7} u=128 v=1: got uv,u,v,uv sizes=512,128,16,2048 num_segments=4,1,16,16 num_paths=16 u=128 v=1
2026-09-21 13:10:10.566 DEBUG: Squeezed uv,u,v,uv sizes=512,128,16,2048 num_segments=4,1,16,16 num_paths=16 u=128 v=1 to u,u,,u sizes=512,128,16,2048 num_segments=4,1,16,16 num_paths=16 u=128
2026-09-21 13:10:10.566 DEBUG: Flattened ijk in uv,iu,jv,kuv+ijk sizes=512,128,16,2048 num_segments=4,1,4,4 num_paths=4 i=1 j={1, 3, 5, 7} k={1, 3, 5, 7} u=128 v=1: got uv,u,v,uv sizes=512,128,16,2048 num_segments=4,1,16,16 num_paths=16 u=128 v=1
2026-09-21 13:10:10.566 DEBUG: Squeezed uv,u,v,uv sizes=512,128,16,2048 num_segments=4,1,16,16 num_paths=16 u=128 v=1 to u,u,,u sizes=512,128,16,2048 num_segments=4,1,16,16 num_paths=16 u=128
2026-09-21 13:10:10.567 DEBUG: Squeezed uv,u,v,uv sizes=512,128,16,2048 num_segments=4,1,16,16 num_paths=16 u=128 v=1 to u,u,,u sizes=512,128,16,2048 num_segments=4,1,16,16 num_paths=16 u=128
2026-09-21 13:10:10.567 DEBUG: Squeezed uv,u,v,uv sizes=512,128,16,2048 num_segments=4,1,16,16 num_paths=16 u=128 v=1 to u,u,,u sizes=512,128,16,2048 num_segments=4,1,16,16 num_paths=16 u=128
2026-09-21 13:10:10.567 DEBUG: Squeezed uv,u,v,uv sizes=512,128,16,2048 num_segments=4,1,16,16 num_paths=16 u=128 v=1 to u,u,,u sizes=512,128,16,2048 num_segments=4,1,16,16 num_paths=16 u=128
2026-09-21 13:10:10.568 DEBUG: Squeezed uv,u,v,uv sizes=512,128,16,2048 num_segments=4,1,16,16 num_paths=16 u=128 v=1 to u,u,,u sizes=512,128,16,2048 num_segments=4,1,16,16 num_paths=16 u=128
2026-09-21 13:10:10.568 DEBUG: Flattened ijk in uv,iu,jv,kuv+ijk sizes=512,128,16,2048 num_segments=4,1,4,4 num_paths=4 i=1 j={1, 3, 5, 7} k={1, 3, 5, 7} u=128 v=1: got uv,u,v,uv sizes=512,128,16,2048 num_segments=4,1,16,16 num_paths=16 u=128 v=1
2026-09-21 13:10:10.569 DEBUG: Flattened ijk in uv,iu,jv,kuv+ijk sizes=512,128,16,2048 num_segments=4,1,4,4 num_paths=4 i=1 j={1, 3, 5, 7} k={1, 3, 5, 7} u=128 v=1: got uv,u,v,uv sizes=512,128,16,2048 num_segments=4,1,16,16 num_paths=16 u=128 v=1
2026-09-21 13:10:10.570 DEBUG: Squeezed uv,u,v,uv sizes=512,128,16,2048 num_segments=4,1,16,16 num_paths=16 u=128 v=1 to u,u,,u sizes=512,128,16,2048 num_segments=4,1,16,16 num_paths=16 u=128
2026-09-21 13:10:10.570 DEBUG: Squeezed uv,u,v,uv sizes=512,128,16,2048 num_segments=4,1,16,16 num_paths=16 u=128 v=1 to u,u,,u sizes=512,128,16,2048 num_segments=4,1,16,16 num_paths=16 u=128
2026-09-21 13:10:10.571 DEBUG: Squeezed uv,u,v,uv sizes=512,128,16,2048 num_segments=4,1,16,16 num_paths=16 u=128 v=1 to u,u,,u sizes=512,128,16,2048 num_segments=4,1,16,16 num_paths=16 u=128
2026-09-21 13:10:10.573 DEBUG: Flattened ijk in uv,iu,jv,kuv+ijk sizes=512,128,16,2048 num_segments=4,1,4,4 num_paths=4 i=1 j={1, 3, 5, 7} k={1, 3, 5, 7} u=128 v=1: got uv,u,v,uv sizes=512,128,16,2048 num_segments=4,1,16,16 num_paths=16 u=128 v=1
2026-09-21 13:10:10.574 DEBUG: Squeezed uv,u,v,uv sizes=512,128,16,2048 num_segments=4,1,16,16 num_paths=16 u=128 v=1 to u,u,,u sizes=512,128,16,2048 num_segments=4,1,16,16 num_paths=16 u=128
2026-09-21 13:10:10.608 DEBUG: Normalized paths for operand 2 in uv,iu,iv sizes=65536,2048,2048 num_segments=4,4,4 num_paths=4 i={1, 3, 5, 7} u=128 v=128: got uv,iu,iv sizes=65536,2048,2048 num_segments=4,4,4 num_paths=4 i={1, 3, 5, 7} u=128 v=128
2026-09-21 13:10:10.608 DEBUG: Normalized paths for operand 2 in uv,iu,iv sizes=65536,2048,2048 num_segments=4,4,4 num_paths=4 i={1, 3, 5, 7} u=128 v=128: got uv,iu,iv sizes=65536,2048,2048 num_segments=4,4,4 num_paths=4 i={1, 3, 5, 7} u=128 v=128
2026-09-21 13:10:10.608 DEBUG: Normalized paths for operand 2 in uv,iu,iv sizes=65536,2048,2048 num_segments=4,4,4 num_paths=4 i={1, 3, 5, 7} u=128 v=128: got uv,iu,iv sizes=65536,2048,2048 num_segments=4,4,4 num_paths=4 i={1, 3, 5, 7} u=128 v=128
2026-09-21 13:10:10.609 DEBUG: Normalized paths for operand 2 in uv,iu,iv sizes=65536,2048,2048 num_segments=4,4,4 num_paths=4 i={1, 3, 5, 7} u=128 v=128: got uv,iu,iv sizes=65536,2048,2048 num_segments=4,4,4 num_paths=4 i={1, 3, 5, 7} u=128 v=128
2026-09-21 13:10:10.609 DEBUG: Normalized paths for operand 2 in uv,iu,iv sizes=65536,2048,2048 num_segments=4,4,4 num_paths=4 i={1, 3, 5, 7} u=128 v=128: got uv,iu,iv sizes=65536,2048,2048 num_segments=4,4,4 num_paths=4 i={1, 3, 5, 7} u=128 v=128
2026-09-21 13:10:10.609 DEBUG: Normalized paths for operand 2 in uv,iu,iv sizes=65536,2048,2048 num_segments=4,4,4 num_paths=4 i={1, 3, 5, 7} u=128 v=128: got uv,iu,iv sizes=65536,2048,2048 num_segments=4,4,4 num_paths=4 i={1, 3, 5, 7} u=128 v=128
2026-09-21 13:10:10.609 DEBUG: Normalized paths for operand 2 in uv,iu,iv sizes=65536,2048,2048 num_segments=4,4,4 num_paths=4 i={1, 3, 5, 7} u=128 v=128: got uv,iu,iv sizes=65536,2048,2048 num_segments=4,4,4 num_paths=4 i={1, 3, 5, 7} u=128 v=128
2026-09-21 13:10:10.610 DEBUG: Normalized paths for operand 2 in uv,iu,iv sizes=65536,2048,2048 num_segments=4,4,4 num_paths=4 i={1, 3, 5, 7} u=128 v=128: got uv,iu,iv sizes=65536,2048,2048 num_segments=4,4,4 num_paths=4 i={1, 3, 5, 7} u=128 v=128
2026-09-21 13:10:10.639 DEBUG: Normalized paths for operand 3 in uvw,iu,jv,kw+ijk sizes=1458176,128,89,512 num_segments=1,1,1,2 num_paths=1 i=1 j=1 k={1, 3} u=128 v=89 w=128: got uvw,iu,jv,kw+ijk sizes=1458176,128,89,512 num_segments=1,1,1,2 num_paths=1 i=1 j=1 k={1, 3} u=128 v=89 w=128
2026-09-21 13:10:10.640 DEBUG: Normalized paths for operand 3 in uvw,iu,jv,kw+ijk sizes=1458176,128,89,512 num_segments=1,1,1,2 num_paths=1 i=1 j=1 k={1, 3} u=128 v=89 w=128: got uvw,iu,jv,kw+ijk sizes=1458176,128,89,512 num_segments=1,1,1,2 num_paths=1 i=1 j=1 k={1, 3} u=128 v=89 w=128
2026-09-21 13:10:10.640 DEBUG: Normalized paths for operand 3 in uvw,iu,jv,kw+ijk sizes=1458176,128,89,512 num_segments=1,1,1,2 num_paths=1 i=1 j=1 k={1, 3} u=128 v=89 w=128: got uvw,iu,jv,kw+ijk sizes=1458176,128,89,512 num_segments=1,1,1,2 num_paths=1 i=1 j=1 k={1, 3} u=128 v=89 w=128
2026-09-21 13:10:10.641 DEBUG: Normalized paths for operand 3 in uvw,iu,jv,kw+ijk sizes=1458176,128,89,512 num_segments=1,1,1,2 num_paths=1 i=1 j=1 k={1, 3} u=128 v=89 w=128: got uvw,iu,jv,kw+ijk sizes=1458176,128,89,512 num_segments=1,1,1,2 num_paths=1 i=1 j=1 k={1, 3} u=128 v=89 w=128
2026-09-21 13:10:10.641 DEBUG: Normalized paths for operand 3 in uvw,iu,jv,kw+ijk sizes=1458176,128,89,512 num_segments=1,1,1,2 num_paths=1 i=1 j=1 k={1, 3} u=128 v=89 w=128: got uvw,iu,jv,kw+ijk sizes=1458176,128,89,512 num_segments=1,1,1,2 num_paths=1 i=1 j=1 k={1, 3} u=128 v=89 w=128
2026-09-21 13:10:10.641 DEBUG: Normalized paths for operand 3 in uvw,iu,jv,kw+ijk sizes=1458176,128,89,512 num_segments=1,1,1,2 num_paths=1 i=1 j=1 k={1, 3} u=128 v=89 w=128: got uvw,iu,jv,kw+ijk sizes=1458176,128,89,512 num_segments=1,1,1,2 num_paths=1 i=1 j=1 k={1, 3} u=128 v=89 w=128
2026-09-21 13:10:10.641 DEBUG: Normalized paths for operand 3 in uvw,iu,jv,kw+ijk sizes=1458176,128,89,512 num_segments=1,1,1,2 num_paths=1 i=1 j=1 k={1, 3} u=128 v=89 w=128: got uvw,iu,jv,kw+ijk sizes=1458176,128,89,512 num_segments=1,1,1,2 num_paths=1 i=1 j=1 k={1, 3} u=128 v=89 w=128
2026-09-21 13:10:10.642 DEBUG: Normalized paths for operand 3 in uvw,iu,jv,kw+ijk sizes=1458176,128,89,512 num_segments=1,1,1,2 num_paths=1 i=1 j=1 k={1, 3} u=128 v=89 w=128: got uvw,iu,jv,kw+ijk sizes=1458176,128,89,512 num_segments=1,1,1,2 num_paths=1 i=1 j=1 k={1, 3} u=128 v=89 w=128
2026-09-21 13:10:11.971 DEBUG: Flattened abciu in u,a,b,c,i+abcui operands=[(23,)],[(16,)],[(16,)],[(16,)],[(1,)] paths=[op0[0]*op1[0]*op2[0]*op3[0]*op4[0]*c c.shape=(16, 16, 16, 23, 1) c.nnz=276]: got ,,,, sizes=23,16,16,16,1 num_segments=23,16,16,16,1 num_paths=276
2026-09-21 13:10:11.971 DEBUG: Flattened abciu in u,a,b,c,i+abcui operands=[(23,)],[(16,)],[(16,)],[(16,)],[(1,)] paths=[op0[0]*op1[0]*op2[0]*op3[0]*op4[0]*c c.shape=(16, 16, 16, 23, 1) c.nnz=276]: got ,,,, sizes=23,16,16,16,1 num_segments=23,16,16,16,1 num_paths=276
2026-09-21 13:10:11.971 DEBUG: Flattened abciu in u,a,b,c,i+abcui operands=[(23,)],[(16,)],[(16,)],[(16,)],[(1,)] paths=[op0[0]*op1[0]*op2[0]*op3[0]*op4[0]*c c.shape=(16, 16, 16, 23, 1) c.nnz=276]: got ,,,, sizes=23,16,16,16,1 num_segments=23,16,16,16,1 num_paths=276
2026-09-21 13:10:11.974 DEBUG: Flattened abciu in u,a,b,c,i+abcui operands=[(23,)],[(16,)],[(16,)],[(16,)],[(1,)] paths=[op0[0]*op1[0]*op2[0]*op3[0]*op4[0]*c c.shape=(16, 16, 16, 23, 1) c.nnz=276]: got ,,,, sizes=23,16,16,16,1 num_segments=23,16,16,16,1 num_paths=276
2026-09-21 13:10:11.974 DEBUG: Flattened abciu in u,a,b,c,i+abcui operands=[(23,)],[(16,)],[(16,)],[(16,)],[(1,)] paths=[op0[0]*op1[0]*op2[0]*op3[0]*op4[0]*c c.shape=(16, 16, 16, 23, 1) c.nnz=276]: got ,,,, sizes=23,16,16,16,1 num_segments=23,16,16,16,1 num_paths=276
2026-09-21 13:10:11.974 DEBUG: Flattened abciu in u,a,b,c,i+abcui operands=[(23,)],[(16,)],[(16,)],[(16,)],[(1,)] paths=[op0[0]*op1[0]*op2[0]*op3[0]*op4[0]*c c.shape=(16, 16, 16, 23, 1) c.nnz=276]: got ,,,, sizes=23,16,16,16,1 num_segments=23,16,16,16,1 num_paths=276
2026-09-21 13:10:11.977 DEBUG: Flattened abiu in u,a,b,i+abui operands=[(4,)],[(16,)],[(16,)],[(1,)] paths=[op0[0]*op1[0]*op2[0]*op3[0]*c c.shape=(16, 16, 4, 1) c.nnz=16]: got ,,, sizes=4,16,16,1 num_segments=4,16,16,1 num_paths=16
2026-09-21 13:10:11.977 DEBUG: Flattened abiu in u,a,b,i+abui operands=[(4,)],[(16,)],[(16,)],[(1,)] paths=[op0[0]*op1[0]*op2[0]*op3[0]*c c.shape=(16, 16, 4, 1) c.nnz=16]: got ,,, sizes=4,16,16,1 num_segments=4,16,16,1 num_paths=16
2026-09-21 13:10:11.978 DEBUG: Flattened abiu in u,a,b,i+abui operands=[(4,)],[(16,)],[(16,)],[(1,)] paths=[op0[0]*op1[0]*op2[0]*op3[0]*c c.shape=(16, 16, 4, 1) c.nnz=16]: got ,,, sizes=4,16,16,1 num_segments=4,16,16,1 num_paths=16
2026-09-21 13:10:11.978 DEBUG: Flattened abiu in u,a,b,i+abui operands=[(4,)],[(16,)],[(16,)],[(1,)] paths=[op0[0]*op1[0]*op2[0]*op3[0]*c c.shape=(16, 16, 4, 1) c.nnz=16]: got ,,, sizes=4,16,16,1 num_segments=4,16,16,1 num_paths=16
2026-09-21 13:10:11.979 DEBUG: Flattened abiu in u,a,b,i+abui operands=[(4,)],[(16,)],[(16,)],[(1,)] paths=[op0[0]*op1[0]*op2[0]*op3[0]*c c.shape=(16, 16, 4, 1) c.nnz=16]: got ,,, sizes=4,16,16,1 num_segments=4,16,16,1 num_paths=16
2026-09-21 13:10:11.980 DEBUG: Flattened aiu in u,a,i+aui operands=[(1,)],[(16,)],[(1,)] paths=[op0[0]*op1[0]*op2[0]*c c.shape=(16, 1, 1) c.nnz=1]: got ,, sizes=1,16,1 num_segments=1,16,1 num_paths=1
2026-09-21 13:10:11.978 DEBUG: Flattened abiu in u,a,b,i+abui operands=[(4,)],[(16,)],[(16,)],[(1,)] paths=[op0[0]*op1[0]*op2[0]*op3[0]*c c.shape=(16, 16, 4, 1) c.nnz=16]: got ,,, sizes=4,16,16,1 num_segments=4,16,16,1 num_paths=16
2026-09-21 13:10:11.979 DEBUG: Flattened aiu in u,a,i+aui operands=[(1,)],[(16,)],[(1,)] paths=[op0[0]*op1[0]*op2[0]*c c.shape=(16, 1, 1) c.nnz=1]: got ,, sizes=1,16,1 num_segments=1,16,1 num_paths=1
2026-09-21 13:10:11.981 DEBUG: Flattened aiu in u,a,i+aui operands=[(1,)],[(16,)],[(1,)] paths=[op0[0]*op1[0]*op2[0]*c c.shape=(16, 1, 1) c.nnz=1]: got ,, sizes=1,16,1 num_segments=1,16,1 num_paths=1
2026-09-21 13:10:11.980 DEBUG: Flattened aiu in u,a,i+aui operands=[(1,)],[(16,)],[(1,)] paths=[op0[0]*op1[0]*op2[0]*c c.shape=(16, 1, 1) c.nnz=1]: got ,, sizes=1,16,1 num_segments=1,16,1 num_paths=1
2026-09-21 13:10:11.982 DEBUG: Flattened aiu in u,a,i+aui operands=[(1,)],[(16,)],[(1,)] paths=[op0[0]*op1[0]*op2[0]*c c.shape=(16, 1, 1) c.nnz=1]: got ,, sizes=1,16,1 num_segments=1,16,1 num_paths=1
2026-09-21 13:10:11.982 DEBUG: Flattened aiu in u,a,i+aui operands=[(1,)],[(16,)],[(1,)] paths=[op0[0]*op1[0]*op2[0]*c c.shape=(16, 1, 1) c.nnz=1]: got ,, sizes=1,16,1 num_segments=1,16,1 num_paths=1
2026-09-21 13:10:12.002 DEBUG: Flattened abciu in u,a,b,c,i+abcui operands=[(23,)],[(16,)],[(16,)],[(16,)],[(1,)] paths=[op0[0]*op1[0]*op2[0]*op3[0]*op4[0]*c c.shape=(16, 16, 16, 23, 1) c.nnz=276]: got ,,,, sizes=23,16,16,16,1 num_segments=23,16,16,16,1 num_paths=276
2026-09-21 13:10:12.006 DEBUG: Flattened abciu in u,a,b,c,i+abcui operands=[(23,)],[(16,)],[(16,)],[(16,)],[(1,)] paths=[op0[0]*op1[0]*op2[0]*op3[0]*op4[0]*c c.shape=(16, 16, 16, 23, 1) c.nnz=276]: got ,,,, sizes=23,16,16,16,1 num_segments=23,16,16,16,1 num_paths=276
2026-09-21 13:10:12.006 DEBUG: Flattened abiu in u,a,b,i+abui operands=[(4,)],[(16,)],[(16,)],[(1,)] paths=[op0[0]*op1[0]*op2[0]*op3[0]*c c.shape=(16, 16, 4, 1) c.nnz=16]: got ,,, sizes=4,16,16,1 num_segments=4,16,16,1 num_paths=16
2026-09-21 13:10:12.008 DEBUG: Flattened aiu in u,a,i+aui operands=[(1,)],[(16,)],[(1,)] paths=[op0[0]*op1[0]*op2[0]*c c.shape=(16, 1, 1) c.nnz=1]: got ,, sizes=1,16,1 num_segments=1,16,1 num_paths=1
2026-09-21 13:10:12.010 DEBUG: Flattened abiu in u,a,b,i+abui operands=[(4,)],[(16,)],[(16,)],[(1,)] paths=[op0[0]*op1[0]*op2[0]*op3[0]*c c.shape=(16, 16, 4, 1) c.nnz=16]: got ,,, sizes=4,16,16,1 num_segments=4,16,16,1 num_paths=16
2026-09-21 13:10:12.012 DEBUG: Flattened aiu in u,a,i+aui operands=[(1,)],[(16,)],[(1,)] paths=[op0[0]*op1[0]*op2[0]*c c.shape=(16, 1, 1) c.nnz=1]: got ,, sizes=1,16,1 num_segments=1,16,1 num_paths=1
2026-09-21 13:10:12.039 DEBUG: Flattened abciu in u,a,b,c,i+abcui operands=[(51,)],[(16,)],[(16,)],[(16,)],[(3,)] paths=[op0[0]*op1[0]*op2[0]*op3[0]*op4[0]*c c.shape=(16, 16, 16, 51, 3) c.nnz=1554]: got ,,,, sizes=51,16,16,16,3 num_segments=51,16,16,16,3 num_paths=1554
2026-09-21 13:10:12.040 DEBUG: Flattened abciu in u,a,b,c,i+abcui operands=[(51,)],[(16,)],[(16,)],[(16,)],[(3,)] paths=[op0[0]*op1[0]*op2[0]*op3[0]*op4[0]*c c.shape=(16, 16, 16, 51, 3) c.nnz=1554]: got ,,,, sizes=51,16,16,16,3 num_segments=51,16,16,16,3 num_paths=1554
2026-09-21 13:10:12.041 DEBUG: Flattened abciu in u,a,b,c,i+abcui operands=[(51,)],[(16,)],[(16,)],[(16,)],[(3,)] paths=[op0[0]*op1[0]*op2[0]*op3[0]*op4[0]*c c.shape=(16, 16, 16, 51, 3) c.nnz=1554]: got ,,,, sizes=51,16,16,16,3 num_segments=51,16,16,16,3 num_paths=1554
2026-09-21 13:10:12.041 DEBUG: Flattened abciu in u,a,b,c,i+abcui operands=[(51,)],[(16,)],[(16,)],[(16,)],[(3,)] paths=[op0[0]*op1[0]*op2[0]*op3[0]*op4[0]*c c.shape=(16, 16, 16, 51, 3) c.nnz=1554]: got ,,,, sizes=51,16,16,16,3 num_segments=51,16,16,16,3 num_paths=1554
2026-09-21 13:10:12.041 DEBUG: Flattened abciu in u,a,b,c,i+abcui operands=[(51,)],[(16,)],[(16,)],[(16,)],[(3,)] paths=[op0[0]*op1[0]*op2[0]*op3[0]*op4[0]*c c.shape=(16, 16, 16, 51, 3) c.nnz=1554]: got ,,,, sizes=51,16,16,16,3 num_segments=51,16,16,16,3 num_paths=1554
2026-09-21 13:10:12.042 DEBUG: Flattened abciu in u,a,b,c,i+abcui operands=[(51,)],[(16,)],[(16,)],[(16,)],[(3,)] paths=[op0[0]*op1[0]*op2[0]*op3[0]*op4[0]*c c.shape=(16, 16, 16, 51, 3) c.nnz=1554]: got ,,,, sizes=51,16,16,16,3 num_segments=51,16,16,16,3 num_paths=1554
2026-09-21 13:10:12.051 DEBUG: Flattened abiu in u,a,b,i+abui operands=[(6,)],[(16,)],[(16,)],[(3,)] paths=[op0[0]*op1[0]*op2[0]*op3[0]*c c.shape=(16, 16, 6, 3) c.nnz=70]: got ,,, sizes=6,16,16,3 num_segments=6,16,16,3 num_paths=70
2026-09-21 13:10:12.051 DEBUG: Flattened abiu in u,a,b,i+abui operands=[(6,)],[(16,)],[(16,)],[(3,)] paths=[op0[0]*op1[0]*op2[0]*op3[0]*c c.shape=(16, 16, 6, 3) c.nnz=70]: got ,,, sizes=6,16,16,3 num_segments=6,16,16,3 num_paths=70
2026-09-21 13:10:12.052 DEBUG: Flattened abiu in u,a,b,i+abui operands=[(6,)],[(16,)],[(16,)],[(3,)] paths=[op0[0]*op1[0]*op2[0]*op3[0]*c c.shape=(16, 16, 6, 3) c.nnz=70]: got ,,, sizes=6,16,16,3 num_segments=6,16,16,3 num_paths=70
2026-09-21 13:10:12.052 DEBUG: Flattened abiu in u,a,b,i+abui operands=[(6,)],[(16,)],[(16,)],[(3,)] paths=[op0[0]*op1[0]*op2[0]*op3[0]*c c.shape=(16, 16, 6, 3) c.nnz=70]: got ,,, sizes=6,16,16,3 num_segments=6,16,16,3 num_paths=70
2026-09-21 13:10:12.053 DEBUG: Flattened aiu in u,a,i+aui operands=[(1,)],[(16,)],[(3,)] paths=[op0[0]*op1[0]*op2[0]*c c.shape=(16, 1, 3) c.nnz=3]: got ,, sizes=1,16,3 num_segments=1,16,3 num_paths=3
2026-09-21 13:10:12.054 DEBUG: Flattened aiu in u,a,i+aui operands=[(1,)],[(16,)],[(3,)] paths=[op0[0]*op1[0]*op2[0]*c c.shape=(16, 1, 3) c.nnz=3]: got ,, sizes=1,16,3 num_segments=1,16,3 num_paths=3
2026-09-21 13:10:12.054 DEBUG: Flattened aiu in u,a,i+aui operands=[(1,)],[(16,)],[(3,)] paths=[op0[0]*op1[0]*op2[0]*c c.shape=(16, 1, 3) c.nnz=3]: got ,, sizes=1,16,3 num_segments=1,16,3 num_paths=3
2026-09-21 13:10:12.054 DEBUG: Flattened aiu in u,a,i+aui operands=[(1,)],[(16,)],[(3,)] paths=[op0[0]*op1[0]*op2[0]*c c.shape=(16, 1, 3) c.nnz=3]: got ,, sizes=1,16,3 num_segments=1,16,3 num_paths=3
2026-09-21 13:10:12.057 DEBUG: Flattened abiu in u,a,b,i+abui operands=[(6,)],[(16,)],[(16,)],[(3,)] paths=[op0[0]*op1[0]*op2[0]*op3[0]*c c.shape=(16, 16, 6, 3) c.nnz=70]: got ,,, sizes=6,16,16,3 num_segments=6,16,16,3 num_paths=70
2026-09-21 13:10:12.057 DEBUG: Flattened abiu in u,a,b,i+abui operands=[(6,)],[(16,)],[(16,)],[(3,)] paths=[op0[0]*op1[0]*op2[0]*op3[0]*c c.shape=(16, 16, 6, 3) c.nnz=70]: got ,,, sizes=6,16,16,3 num_segments=6,16,16,3 num_paths=70
2026-09-21 13:10:12.060 DEBUG: Flattened aiu in u,a,i+aui operands=[(1,)],[(16,)],[(3,)] paths=[op0[0]*op1[0]*op2[0]*c c.shape=(16, 1, 3) c.nnz=3]: got ,, sizes=1,16,3 num_segments=1,16,3 num_paths=3
2026-09-21 13:10:12.060 DEBUG: Flattened aiu in u,a,i+aui operands=[(1,)],[(16,)],[(3,)] paths=[op0[0]*op1[0]*op2[0]*c c.shape=(16, 1, 3) c.nnz=3]: got ,, sizes=1,16,3 num_segments=1,16,3 num_paths=3
2026-09-21 13:10:12.066 DEBUG: Flattened abciu in u,a,b,c,i+abcui operands=[(51,)],[(16,)],[(16,)],[(16,)],[(3,)] paths=[op0[0]*op1[0]*op2[0]*op3[0]*op4[0]*c c.shape=(16, 16, 16, 51, 3) c.nnz=1554]: got ,,,, sizes=51,16,16,16,3 num_segments=51,16,16,16,3 num_paths=1554
2026-09-21 13:10:12.071 DEBUG: Flattened abciu in u,a,b,c,i+abcui operands=[(51,)],[(16,)],[(16,)],[(16,)],[(3,)] paths=[op0[0]*op1[0]*op2[0]*op3[0]*op4[0]*c c.shape=(16, 16, 16, 51, 3) c.nnz=1554]: got ,,,, sizes=51,16,16,16,3 num_segments=51,16,16,16,3 num_paths=1554
2026-09-21 13:10:12.078 DEBUG: Flattened abiu in u,a,b,i+abui operands=[(6,)],[(16,)],[(16,)],[(3,)] paths=[op0[0]*op1[0]*op2[0]*op3[0]*c c.shape=(16, 16, 6, 3) c.nnz=70]: got ,,, sizes=6,16,16,3 num_segments=6,16,16,3 num_paths=70
2026-09-21 13:10:12.080 DEBUG: Flattened aiu in u,a,i+aui operands=[(1,)],[(16,)],[(3,)] paths=[op0[0]*op1[0]*op2[0]*c c.shape=(16, 1, 3) c.nnz=3]: got ,, sizes=1,16,3 num_segments=1,16,3 num_paths=3
2026-09-21 13:10:12.083 DEBUG: Flattened abiu in u,a,b,i+abui operands=[(6,)],[(16,)],[(16,)],[(3,)] paths=[op0[0]*op1[0]*op2[0]*op3[0]*c c.shape=(16, 16, 6, 3) c.nnz=70]: got ,,, sizes=6,16,16,3 num_segments=6,16,16,3 num_paths=70
2026-09-21 13:10:12.085 DEBUG: Flattened aiu in u,a,i+aui operands=[(1,)],[(16,)],[(3,)] paths=[op0[0]*op1[0]*op2[0]*c c.shape=(16, 1, 3) c.nnz=3]: got ,, sizes=1,16,3 num_segments=1,16,3 num_paths=3
2026-09-21 13:10:12.185 DEBUG: _reduced_tensor_product_basis (0e+1o+2e+3o,), frozenset({(1, (0,))}), keep_ir=frozenset({0e, 1o})
2026-09-21 13:10:12.186 DEBUG: _reduced_tensor_product_basis (0e+1o+2e+3o,), frozenset({(1, (0,))}), keep_ir=frozenset({0e, 1o})
2026-09-21 13:10:12.187 DEBUG: Normalized paths for operand 2 in w,a,i+aiw sizes=2,16,4 num_segments=2,1,2 num_paths=2 a=16 i={1, 3} w=1: got w,a,i+aiw sizes=2,16,4 num_segments=2,1,2 num_paths=2 a=16 i={1, 3} w=1
2026-09-21 13:10:12.188 DEBUG: Flattened aiw in w,a,i+aiw sizes=2,16,4 num_segments=2,1,2 num_paths=2 a=16 i={1, 3} w=1: got ,, sizes=2,16,4 num_segments=2,16,4 num_paths=4
2026-09-21 13:10:12.188 DEBUG: _reduced_tensor_product_basis (0e+1o+2e+3o,), frozenset({(1, (0,))}), keep_ir=frozenset({0e, 1o})
2026-09-21 13:10:12.188 DEBUG: Normalized paths for operand 2 in w,a,i+aiw sizes=2,16,4 num_segments=2,1,2 num_paths=2 a=16 i={1, 3} w=1: got w,a,i+aiw sizes=2,16,4 num_segments=2,1,2 num_paths=2 a=16 i={1, 3} w=1
2026-09-21 13:10:12.189 DEBUG: _reduced_tensor_product_basis (0e+1o+2e+3o, 0e+1o+2e+3o), frozenset({(1, (0, 1)), (1, (1, 0))}), keep_ir=frozenset({0e, 1o}), use _optimized_reduced_symmetric_tensor_product_basis
2026-09-21 13:10:12.189 DEBUG: Flattened aiw in w,a,i+aiw sizes=2,16,4 num_segments=2,1,2 num_paths=2 a=16 i={1, 3} w=1: got ,, sizes=2,16,4 num_segments=2,16,4 num_paths=4
2026-09-21 13:10:12.189 DEBUG: _reduced_tensor_product_basis (0e,), frozenset({(1, (0,))}), keep_ir=frozenset({0e, 2o, 3o, 2e, 3e, 1e, 1o, 4e})
2026-09-21 13:10:12.190 DEBUG: _reduced_tensor_product_basis (0e+1o+2e+3o, 0e+1o+2e+3o), frozenset({(1, (0, 1)), (1, (1, 0))}), keep_ir=frozenset({0e, 1o}), use _optimized_reduced_symmetric_tensor_product_basis
2026-09-21 13:10:12.190 DEBUG: Normalized paths for operand 2 in w,a,i+aiw sizes=2,16,4 num_segments=2,1,2 num_paths=2 a=16 i={1, 3} w=1: got w,a,i+aiw sizes=2,16,4 num_segments=2,1,2 num_paths=2 a=16 i={1, 3} w=1
2026-09-21 13:10:12.190 DEBUG: _reduced_tensor_product_basis (0e, 0e), frozenset({(1, (0, 1)), (1, (1, 0))}), keep_ir=frozenset({0e, 1o})
2026-09-21 13:10:12.190 DEBUG: _reduced_tensor_product_basis (0e+1o+2e+3o,), frozenset({(1, (0,))}), keep_ir=frozenset({0e, 1o})
2026-09-21 13:10:12.191 DEBUG: _reduced_tensor_product_basis (0e,), frozenset({(1, (0,))}), keep_ir=frozenset({0e, 2o, 3o, 2e, 3e, 1e, 1o, 4e})
2026-09-21 13:10:12.191 DEBUG: Flattened aiw in w,a,i+aiw sizes=2,16,4 num_segments=2,1,2 num_paths=2 a=16 i={1, 3} w=1: got ,, sizes=2,16,4 num_segments=2,16,4 num_paths=4
2026-09-21 13:10:12.191 DEBUG: _reduced_tensor_product_basis (0e, 0e), frozenset({(1, (0, 1)), (1, (1, 0))}), keep_ir=frozenset({0e, 1o})
2026-09-21 13:10:12.192 DEBUG: _reduced_tensor_product_basis (0e+1o+2e+3o, 0e+1o+2e+3o), frozenset({(1, (0, 1)), (1, (1, 0))}), keep_ir=frozenset({0e, 1o}), use _optimized_reduced_symmetric_tensor_product_basis
2026-09-21 13:10:12.192 DEBUG: _reduced_tensor_product_basis (0e,), frozenset({(1, (0,))}), keep_ir=frozenset({0e, 2o, 3o, 2e, 3e, 1e, 1o, 4e})
2026-09-21 13:10:12.193 DEBUG: Normalized paths for operand 2 in w,a,i+aiw sizes=2,16,4 num_segments=2,1,2 num_paths=2 a=16 i={1, 3} w=1: got w,a,i+aiw sizes=2,16,4 num_segments=2,1,2 num_paths=2 a=16 i={1, 3} w=1
2026-09-21 13:10:12.192 DEBUG: _reduced_tensor_product_basis (1o,), frozenset({(1, (0,))}), keep_ir=frozenset({0e, 2o, 3o, 2e, 3e, 1e, 1o, 4e})
2026-09-21 13:10:12.193 DEBUG: _reduced_tensor_product_basis (0e, 0e), frozenset({(1, (0, 1)), (1, (1, 0))}), keep_ir=frozenset({0e, 1o})
2026-09-21 13:10:12.193 DEBUG: _reduced_tensor_product_basis (1o,), frozenset({(1, (0,))}), keep_ir=frozenset({0e, 2o, 3o, 2e, 3e, 1e, 1o, 4e})
2026-09-21 13:10:12.193 DEBUG: Flattened aiw in w,a,i+aiw sizes=2,16,4 num_segments=2,1,2 num_paths=2 a=16 i={1, 3} w=1: got ,, sizes=2,16,4 num_segments=2,16,4 num_paths=4
2026-09-21 13:10:12.193 DEBUG: _reduced_tensor_product_basis (1o, 1o), frozenset({(1, (0, 1)), (1, (1, 0))}), keep_ir=frozenset({0e, 1o})
2026-09-21 13:10:12.194 DEBUG: _reduced_tensor_product_basis (1o, 1o), frozenset({(1, (0, 1)), (1, (1, 0))}), keep_ir=frozenset({0e, 1o})
2026-09-21 13:10:12.194 DEBUG: _reduced_tensor_product_basis (0e+1o+2e+3o, 0e+1o+2e+3o), frozenset({(1, (0, 1)), (1, (1, 0))}), keep_ir=frozenset({0e, 1o}), use _optimized_reduced_symmetric_tensor_product_basis
2026-09-21 13:10:12.195 DEBUG: _reduced_tensor_product_basis (0e,), frozenset({(1, (0,))}), keep_ir=frozenset({0e, 2o, 3o, 2e, 3e, 1e, 1o, 4e})
2026-09-21 13:10:12.195 DEBUG: _reduced_tensor_product_basis (0e, 0e), frozenset({(1, (0, 1)), (1, (1, 0))}), keep_ir=frozenset({0e, 1o})
2026-09-21 13:10:12.195 DEBUG: _reduced_tensor_product_basis (2e,), frozenset({(1, (0,))}), keep_ir=frozenset({0e, 2o, 3o, 2e, 3e, 1e, 1o, 4e})
2026-09-21 13:10:12.195 DEBUG: _reduced_tensor_product_basis (1o,), frozenset({(1, (0,))}), keep_ir=frozenset({0e, 2o, 3o, 2e, 3e, 1e, 1o, 4e})
2026-09-21 13:10:12.195 DEBUG: _reduced_tensor_product_basis (2e,), frozenset({(1, (0,))}), keep_ir=frozenset({0e, 2o, 3o, 2e, 3e, 1e, 1o, 4e})
2026-09-21 13:10:12.196 DEBUG: _reduced_tensor_product_basis (2e, 2e), frozenset({(1, (0, 1)), (1, (1, 0))}), keep_ir=frozenset({0e, 1o})
2026-09-21 13:10:12.196 DEBUG: _reduced_tensor_product_basis (1o, 1o), frozenset({(1, (0, 1)), (1, (1, 0))}), keep_ir=frozenset({0e, 1o})
2026-09-21 13:10:12.196 DEBUG: _reduced_tensor_product_basis (0e+1o+2e+3o,), frozenset({(1, (0,))}), keep_ir=frozenset({0e, 1o})
2026-09-21 13:10:12.196 DEBUG: _reduced_tensor_product_basis (2e, 2e), frozenset({(1, (0, 1)), (1, (1, 0))}), keep_ir=frozenset({0e, 1o})
2026-09-21 13:10:12.197 DEBUG: _reduced_tensor_product_basis (1o,), frozenset({(1, (0,))}), keep_ir=frozenset({0e, 2o, 3o, 2e, 3e, 1e, 1o, 4e})
2026-09-21 13:10:12.197 DEBUG: _reduced_tensor_product_basis (1o, 1o), frozenset({(1, (0, 1)), (1, (1, 0))}), keep_ir=frozenset({0e, 1o})
2026-09-21 13:10:12.198 DEBUG: _reduced_tensor_product_basis (3o,), frozenset({(1, (0,))}), keep_ir=frozenset({0e, 2o, 3o, 2e, 3e, 1e, 1o, 4e})
2026-09-21 13:10:12.198 DEBUG: _reduced_tensor_product_basis (2e,), frozenset({(1, (0,))}), keep_ir=frozenset({0e, 2o, 3o, 2e, 3e, 1e, 1o, 4e})
2026-09-21 13:10:12.198 DEBUG: _reduced_tensor_product_basis (0e+1o+2e+3o,), frozenset({(1, (0,))}), keep_ir=frozenset({0e, 1o})
2026-09-21 13:10:12.198 DEBUG: _reduced_tensor_product_basis (3o,), frozenset({(1, (0,))}), keep_ir=frozenset({0e, 2o, 3o, 2e, 3e, 1e, 1o, 4e})
2026-09-21 13:10:12.199 DEBUG: _reduced_tensor_product_basis (2e, 2e), frozenset({(1, (0, 1)), (1, (1, 0))}), keep_ir=frozenset({0e, 1o})
2026-09-21 13:10:12.199 DEBUG: _reduced_tensor_product_basis (2e,), frozenset({(1, (0,))}), keep_ir=frozenset({0e, 2o, 3o, 2e, 3e, 1e, 1o, 4e})
2026-09-21 13:10:12.200 DEBUG: _reduced_tensor_product_basis (2e, 2e), frozenset({(1, (0, 1)), (1, (1, 0))}), keep_ir=frozenset({0e, 1o})
2026-09-21 13:10:12.200 DEBUG: _reduced_tensor_product_basis (3o,), frozenset({(1, (0,))}), keep_ir=frozenset({0e, 2o, 3o, 2e, 3e, 1e, 1o, 4e})
2026-09-21 13:10:12.201 DEBUG: _reduced_tensor_product_basis (3o, 3o), frozenset({(1, (0, 1)), (1, (1, 0))}), keep_ir=frozenset({0e, 1o})
2026-09-21 13:10:12.201 DEBUG: _reduced_tensor_product_basis (3o,), frozenset({(1, (0,))}), keep_ir=frozenset({0e, 2o, 3o, 2e, 3e, 1e, 1o, 4e})
2026-09-21 13:10:12.198 DEBUG: Normalized paths for operand 2 in w,a,i+aiw sizes=2,16,4 num_segments=2,1,2 num_paths=2 a=16 i={1, 3} w=1: got w,a,i+aiw sizes=2,16,4 num_segments=2,1,2 num_paths=2 a=16 i={1, 3} w=1
2026-09-21 13:10:12.198 DEBUG: _reduced_tensor_product_basis (3o, 3o), frozenset({(1, (0, 1)), (1, (1, 0))}), keep_ir=frozenset({0e, 1o})
2026-09-21 13:10:12.202 DEBUG: _reduced_tensor_product_basis (3o, 3o), frozenset({(1, (0, 1)), (1, (1, 0))}), keep_ir=frozenset({0e, 1o})
2026-09-21 13:10:12.200 DEBUG: Normalized paths for operand 2 in w,a,i+aiw sizes=2,16,4 num_segments=2,1,2 num_paths=2 a=16 i={1, 3} w=1: got w,a,i+aiw sizes=2,16,4 num_segments=2,1,2 num_paths=2 a=16 i={1, 3} w=1
2026-09-21 13:10:12.202 DEBUG: _reduced_tensor_product_basis (3o, 3o), frozenset({(1, (0, 1)), (1, (1, 0))}), keep_ir=frozenset({0e, 1o})
2026-09-21 13:10:12.202 DEBUG: Flattened aiw in w,a,i+aiw sizes=2,16,4 num_segments=2,1,2 num_paths=2 a=16 i={1, 3} w=1: got ,, sizes=2,16,4 num_segments=2,16,4 num_paths=4
2026-09-21 13:10:12.206 DEBUG: Flattened aiw in w,a,i+aiw sizes=2,16,4 num_segments=2,1,2 num_paths=2 a=16 i={1, 3} w=1: got ,, sizes=2,16,4 num_segments=2,16,4 num_paths=4
2026-09-21 13:10:12.206 DEBUG: _reduced_tensor_product_basis (0e+1o+2e+3o, 0e+1o+2e+3o), frozenset({(1, (0, 1)), (1, (1, 0))}), keep_ir=frozenset({0e, 1o}), use _optimized_reduced_symmetric_tensor_product_basis
2026-09-21 13:10:12.206 DEBUG: _reduced_tensor_product_basis (0e+1o+2e+3o, 0e+1o+2e+3o), frozenset({(1, (0, 1)), (1, (1, 0))}), keep_ir=frozenset({0e, 1o}), use _optimized_reduced_symmetric_tensor_product_basis
2026-09-21 13:10:12.207 DEBUG: Normalized paths for operand 3 in w,a,b,i+abiw sizes=7,16,16,4 num_segments=2,1,1,2 num_paths=2 a=16 b=16 i={1, 3} w={3, 4}: got w,a,b,i+abiw sizes=7,16,16,4 num_segments=2,1,1,2 num_paths=2 a=16 b=16 i={1, 3} w={3, 4}
2026-09-21 13:10:12.206 DEBUG: _reduced_tensor_product_basis (0e,), frozenset({(1, (0,))}), keep_ir=frozenset({0e, 2o, 3o, 2e, 3e, 1e, 1o, 4e})
2026-09-21 13:10:12.207 DEBUG: _reduced_tensor_product_basis (0e,), frozenset({(1, (0,))}), keep_ir=frozenset({0e, 2o, 3o, 2e, 3e, 1e, 1o, 4e})
2026-09-21 13:10:12.207 DEBUG: _reduced_tensor_product_basis (0e, 0e), frozenset({(1, (0, 1)), (1, (1, 0))}), keep_ir=frozenset({0e, 1o})
2026-09-21 13:10:12.208 DEBUG: Normalized paths for operand 3 in w,a,b,i+abiw sizes=7,16,16,4 num_segments=2,1,1,2 num_paths=2 a=16 b=16 i={1, 3} w={3, 4}: got w,a,b,i+abiw sizes=7,16,16,4 num_segments=2,1,1,2 num_paths=2 a=16 b=16 i={1, 3} w={3, 4}
2026-09-21 13:10:12.208 DEBUG: Flattened abiw in w,a,b,i+abiw sizes=7,16,16,4 num_segments=2,1,1,2 num_paths=2 a=16 b=16 i={1, 3} w={3, 4}: got ,,, sizes=7,16,16,4 num_segments=7,16,16,4 num_paths=86
2026-09-21 13:10:12.209 DEBUG: Flattened abiw in w,a,b,i+abiw sizes=7,16,16,4 num_segments=2,1,1,2 num_paths=2 a=16 b=16 i={1, 3} w={3, 4}: got ,,, sizes=7,16,16,4 num_segments=7,16,16,4 num_paths=86
2026-09-21 13:10:12.207 DEBUG: _reduced_tensor_product_basis (0e, 0e), frozenset({(1, (0, 1)), (1, (1, 0))}), keep_ir=frozenset({0e, 1o})
2026-09-21 13:10:12.210 DEBUG: _reduced_tensor_product_basis (0e+1o+2e+3o, 0e+1o+2e+3o, 0e+1o+2e+3o), frozenset({(1, (0, 1, 2)), (1, (1, 0, 2)), (1, (2, 0, 1)), (1, (1, 2, 0)), (1, (0, 2, 1)), (1, (2, 1, 0))}), keep_ir=frozenset({0e, 1o}), use _optimized_reduced_symmetric_tensor_product_basis
2026-09-21 13:10:12.210 DEBUG: _reduced_tensor_product_basis (0e,), frozenset({(1, (0,))}), keep_ir=frozenset({0e, 2o, 7o, 3o, 2e, 4e, 3e, 5o, 6e, 1e, 6o, 1o, 5e, 4o, 0o})
2026-09-21 13:10:12.210 DEBUG: Normalized paths for operand 3 in w,a,b,i+abiw sizes=7,16,16,4 num_segments=2,1,1,2 num_paths=2 a=16 b=16 i={1, 3} w={3, 4}: got w,a,b,i+abiw sizes=7,16,16,4 num_segments=2,1,1,2 num_paths=2 a=16 b=16 i={1, 3} w={3, 4}
2026-09-21 13:10:12.211 DEBUG: _reduced_tensor_product_basis (0e+1o+2e+3o, 0e+1o+2e+3o, 0e+1o+2e+3o), frozenset({(1, (0, 1, 2)), (1, (1, 0, 2)), (1, (2, 0, 1)), (1, (1, 2, 0)), (1, (0, 2, 1)), (1, (2, 1, 0))}), keep_ir=frozenset({0e, 1o}), use _optimized_reduced_symmetric_tensor_product_basis
2026-09-21 13:10:12.211 DEBUG: _reduced_tensor_product_basis (0e, 0e), frozenset({(1, (0, 1)), (1, (1, 0))}), keep_ir=frozenset({0e, 2o, 3o, 2e, 3e, 1e, 1o, 4e})
2026-09-21 13:10:12.211 DEBUG: Normalized paths for operand 3 in w,a,b,i+abiw sizes=7,16,16,4 num_segments=2,1,1,2 num_paths=2 a=16 b=16 i={1, 3} w={3, 4}: got w,a,b,i+abiw sizes=7,16,16,4 num_segments=2,1,1,2 num_paths=2 a=16 b=16 i={1, 3} w={3, 4}
2026-09-21 13:10:12.211 DEBUG: _reduced_tensor_product_basis (0e,), frozenset({(1, (0,))}), keep_ir=frozenset({0e, 2o, 7o, 3o, 2e, 4e, 3e, 5o, 6e, 1e, 6o, 1o, 5e, 4o, 0o})
2026-09-21 13:10:12.211 DEBUG: _reduced_tensor_product_basis (1o,), frozenset({(1, (0,))}), keep_ir=frozenset({0e, 2o, 3o, 2e, 3e, 1e, 1o, 4e})
2026-09-21 13:10:12.211 DEBUG: _reduced_tensor_product_basis (1o,), frozenset({(1, (0,))}), keep_ir=frozenset({0e, 2o, 3o, 2e, 3e, 1e, 1o, 4e})
2026-09-21 13:10:12.212 DEBUG: _reduced_tensor_product_basis (0e, 0e), frozenset({(1, (0, 1)), (1, (1, 0))}), keep_ir=frozenset({0e, 2o, 3o, 2e, 3e, 1e, 1o, 4e})
2026-09-21 13:10:12.212 DEBUG: _reduced_tensor_product_basis (1o, 1o), frozenset({(1, (0, 1)), (1, (1, 0))}), keep_ir=frozenset({0e, 1o})
2026-09-21 13:10:12.212 DEBUG: _reduced_tensor_product_basis (0e, 0e, 0e), frozenset({(1, (0, 1, 2)), (1, (1, 0, 2)), (1, (2, 0, 1)), (1, (1, 2, 0)), (1, (0, 2, 1)), (1, (2, 1, 0))}), keep_ir=frozenset({0e, 1o})
2026-09-21 13:10:12.212 DEBUG: _reduced_tensor_product_basis (1o, 1o), frozenset({(1, (0, 1)), (1, (1, 0))}), keep_ir=frozenset({0e, 1o})
2026-09-21 13:10:12.212 DEBUG: Flattened abiw in w,a,b,i+abiw sizes=7,16,16,4 num_segments=2,1,1,2 num_paths=2 a=16 b=16 i={1, 3} w={3, 4}: got ,,, sizes=7,16,16,4 num_segments=7,16,16,4 num_paths=86
2026-09-21 13:10:12.212 DEBUG: Flattened abiw in w,a,b,i+abiw sizes=7,16,16,4 num_segments=2,1,1,2 num_paths=2 a=16 b=16 i={1, 3} w={3, 4}: got ,,, sizes=7,16,16,4 num_segments=7,16,16,4 num_paths=86
2026-09-21 13:10:12.213 DEBUG: _reduced_tensor_product_basis (0e, 0e, 0e), frozenset({(1, (0, 1, 2)), (1, (1, 0, 2)), (1, (2, 0, 1)), (1, (1, 2, 0)), (1, (0, 2, 1)), (1, (2, 1, 0))}), keep_ir=frozenset({0e, 1o})
2026-09-21 13:10:12.213 DEBUG: _reduced_tensor_product_basis (1o,), frozenset({(1, (0,))}), keep_ir=frozenset({0e, 2o, 7o, 3o, 2e, 4e, 3e, 5o, 6e, 1e, 6o, 1o, 5e, 4o, 0o})
2026-09-21 13:10:12.213 DEBUG: _reduced_tensor_product_basis (0e+1o+2e+3o, 0e+1o+2e+3o, 0e+1o+2e+3o), frozenset({(1, (0, 1, 2)), (1, (1, 0, 2)), (1, (2, 0, 1)), (1, (1, 2, 0)), (1, (0, 2, 1)), (1, (2, 1, 0))}), keep_ir=frozenset({0e, 1o}), use _optimized_reduced_symmetric_tensor_product_basis
2026-09-21 13:10:12.214 DEBUG: _reduced_tensor_product_basis (2e,), frozenset({(1, (0,))}), keep_ir=frozenset({0e, 2o, 3o, 2e, 3e, 1e, 1o, 4e})
2026-09-21 13:10:12.214 DEBUG: _reduced_tensor_product_basis (1o, 1o), frozenset({(1, (0, 1)), (1, (1, 0))}), keep_ir=frozenset({0e, 2o, 3o, 2e, 3e, 1e, 1o, 4e})
2026-09-21 13:10:12.214 DEBUG: _reduced_tensor_product_basis (2e,), frozenset({(1, (0,))}), keep_ir=frozenset({0e, 2o, 3o, 2e, 3e, 1e, 1o, 4e})
2026-09-21 13:10:12.215 DEBUG: _reduced_tensor_product_basis (0e+1o+2e+3o,), frozenset({(1, (0,))}), keep_ir=frozenset({0e, 1o})
2026-09-21 13:10:12.214 DEBUG: _reduced_tensor_product_basis (0e+1o+2e+3o, 0e+1o+2e+3o, 0e+1o+2e+3o), frozenset({(1, (0, 1, 2)), (1, (1, 0, 2)), (1, (2, 0, 1)), (1, (1, 2, 0)), (1, (0, 2, 1)), (1, (2, 1, 0))}), keep_ir=frozenset({0e, 1o}), use _optimized_reduced_symmetric_tensor_product_basis
2026-09-21 13:10:12.215 DEBUG: _reduced_tensor_product_basis (1o,), frozenset({(1, (0,))}), keep_ir=frozenset({0e, 2o, 7o, 3o, 2e, 4e, 3e, 5o, 6e, 1e, 6o, 1o, 5e, 4o, 0o})
2026-09-21 13:10:12.214 DEBUG: _reduced_tensor_product_basis (0e,), frozenset({(1, (0,))}), keep_ir=frozenset({0e, 2o, 7o, 3o, 2e, 4e, 3e, 5o, 6e, 1e, 6o, 1o, 5e, 4o, 0o})
2026-09-21 13:10:12.215 DEBUG: _reduced_tensor_product_basis (2e, 2e), frozenset({(1, (0, 1)), (1, (1, 0))}), keep_ir=frozenset({0e, 1o})
2026-09-21 13:10:12.216 DEBUG: _reduced_tensor_product_basis (1o, 1o), frozenset({(1, (0, 1)), (1, (1, 0))}), keep_ir=frozenset({0e, 2o, 3o, 2e, 3e, 1e, 1o, 4e})
2026-09-21 13:10:12.216 DEBUG: _reduced_tensor_product_basis (1o, 1o, 1o), frozenset({(1, (0, 1, 2)), (1, (1, 0, 2)), (1, (2, 0, 1)), (1, (1, 2, 0)), (1, (0, 2, 1)), (1, (2, 1, 0))}), keep_ir=frozenset({0e, 1o})
2026-09-21 13:10:12.217 DEBUG: _reduced_tensor_product_basis (1o, 1o), frozenset({(1, (0, 1)), (1, (1, 0))}), keep_ir=frozenset({0e, 1e, 2e, 1o})
2026-09-21 13:10:12.217 DEBUG: Normalized paths for operand 2 in w,a,i+aiw sizes=2,16,4 num_segments=2,1,2 num_paths=2 a=16 i={1, 3} w=1: got w,a,i+aiw sizes=2,16,4 num_segments=2,1,2 num_paths=2 a=16 i={1, 3} w=1
2026-09-21 13:10:12.218 DEBUG: Flattened aiw in w,a,i+aiw sizes=2,16,4 num_segments=2,1,2 num_paths=2 a=16 i={1, 3} w=1: got ,, sizes=2,16,4 num_segments=2,16,4 num_paths=4
2026-09-21 13:10:12.215 DEBUG: _reduced_tensor_product_basis (2e, 2e), frozenset({(1, (0, 1)), (1, (1, 0))}), keep_ir=frozenset({0e, 1o})
2026-09-21 13:10:12.218 DEBUG: _reduced_tensor_product_basis (1o, 1o, 1o), frozenset({(1, (0, 1, 2)), (1, (1, 0, 2)), (1, (2, 0, 1)), (1, (1, 2, 0)), (1, (0, 2, 1)), (1, (2, 1, 0))}), keep_ir=frozenset({0e, 1o})
2026-09-21 13:10:12.216 DEBUG: _reduced_tensor_product_basis (0e,), frozenset({(1, (0,))}), keep_ir=frozenset({0e, 2o, 7o, 3o, 2e, 4e, 3e, 5o, 6e, 1e, 6o, 1o, 5e, 4o, 0o})
2026-09-21 13:10:12.219 DEBUG: _reduced_tensor_product_basis (0e+1o+2e+3o, 0e+1o+2e+3o), frozenset({(1, (0, 1)), (1, (1, 0))}), keep_ir=frozenset({0e, 1o}), use _optimized_reduced_symmetric_tensor_product_basis
2026-09-21 13:10:12.216 DEBUG: _reduced_tensor_product_basis (0e, 0e), frozenset({(1, (0, 1)), (1, (1, 0))}), keep_ir=frozenset({0e, 2o, 3o, 2e, 3e, 1e, 1o, 4e})
2026-09-21 13:10:12.219 DEBUG: _reduced_tensor_product_basis (1o, 1o), frozenset({(1, (0, 1)), (1, (1, 0))}), keep_ir=frozenset({0e, 1e, 2e, 1o})
2026-09-21 13:10:12.219 DEBUG: _reduced_tensor_product_basis (0e,), frozenset({(1, (0,))}), keep_ir=frozenset({0e, 2o, 3o, 2e, 3e, 1e, 1o, 4e})
2026-09-21 13:10:12.219 DEBUG: _reduced_tensor_product_basis (0e, 0e), frozenset({(1, (0, 1)), (1, (1, 0))}), keep_ir=frozenset({0e, 2o, 3o, 2e, 3e, 1e, 1o, 4e})
2026-09-21 13:10:12.220 DEBUG: _reduced_tensor_product_basis (0e, 0e), frozenset({(1, (0, 1)), (1, (1, 0))}), keep_ir=frozenset({0e, 1o})
2026-09-21 13:10:12.220 DEBUG: _reduced_tensor_product_basis (3o,), frozenset({(1, (0,))}), keep_ir=frozenset({0e, 2o, 3o, 2e, 3e, 1e, 1o, 4e})
2026-09-21 13:10:12.220 DEBUG: _reduced_tensor_product_basis (0e, 0e, 0e), frozenset({(1, (0, 1, 2)), (1, (1, 0, 2)), (1, (2, 0, 1)), (1, (1, 2, 0)), (1, (0, 2, 1)), (1, (2, 1, 0))}), keep_ir=frozenset({0e, 1o})
2026-09-21 13:10:12.220 DEBUG: _reduced_tensor_product_basis (3o,), frozenset({(1, (0,))}), keep_ir=frozenset({0e, 2o, 3o, 2e, 3e, 1e, 1o, 4e})
2026-09-21 13:10:12.220 DEBUG: _reduced_tensor_product_basis (2e,), frozenset({(1, (0,))}), keep_ir=frozenset({0e, 2o, 7o, 3o, 2e, 4e, 3e, 5o, 6e, 1e, 6o, 1o, 5e, 4o, 0o})
2026-09-21 13:10:12.220 DEBUG: _reduced_tensor_product_basis (3o, 3o), frozenset({(1, (0, 1)), (1, (1, 0))}), keep_ir=frozenset({0e, 1o})
2026-09-21 13:10:12.220 DEBUG: _reduced_tensor_product_basis (0e, 0e, 0e), frozenset({(1, (0, 1, 2)), (1, (1, 0, 2)), (1, (2, 0, 1)), (1, (1, 2, 0)), (1, (0, 2, 1)), (1, (2, 1, 0))}), keep_ir=frozenset({0e, 1o})
2026-09-21 13:10:12.221 DEBUG: _reduced_tensor_product_basis (2e, 2e), frozenset({(1, (0, 1)), (1, (1, 0))}), keep_ir=frozenset({0e, 2o, 3o, 2e, 3e, 1e, 1o, 4e})
2026-09-21 13:10:12.221 DEBUG: _reduced_tensor_product_basis (3o, 3o), frozenset({(1, (0, 1)), (1, (1, 0))}), keep_ir=frozenset({0e, 1o})
2026-09-21 13:10:12.221 DEBUG: _reduced_tensor_product_basis (1o,), frozenset({(1, (0,))}), keep_ir=frozenset({0e, 2o, 3o, 2e, 3e, 1e, 1o, 4e})
2026-09-21 13:10:12.221 DEBUG: _reduced_tensor_product_basis (1o,), frozenset({(1, (0,))}), keep_ir=frozenset({0e, 2o, 7o, 3o, 2e, 4e, 3e, 5o, 6e, 1e, 6o, 1o, 5e, 4o, 0o})
2026-09-21 13:10:12.222 DEBUG: _reduced_tensor_product_basis (1o, 1o), frozenset({(1, (0, 1)), (1, (1, 0))}), keep_ir=frozenset({0e, 1o})
2026-09-21 13:10:12.222 DEBUG: _reduced_tensor_product_basis (2e,), frozenset({(1, (0,))}), keep_ir=frozenset({0e, 2o, 7o, 3o, 2e, 4e, 3e, 5o, 6e, 1e, 6o, 1o, 5e, 4o, 0o})
2026-09-21 13:10:12.222 DEBUG: _reduced_tensor_product_basis (1o, 1o), frozenset({(1, (0, 1)), (1, (1, 0))}), keep_ir=frozenset({0e, 2o, 3o, 2e, 3e, 1e, 1o, 4e})
2026-09-21 13:10:12.222 DEBUG: _reduced_tensor_product_basis (1o,), frozenset({(1, (0,))}), keep_ir=frozenset({0e, 2o, 7o, 3o, 2e, 4e, 3e, 5o, 6e, 1e, 6o, 1o, 5e, 4o, 0o})
2026-09-21 13:10:12.223 DEBUG: _reduced_tensor_product_basis (2e, 2e), frozenset({(1, (0, 1)), (1, (1, 0))}), keep_ir=frozenset({0e, 2o, 3o, 2e, 3e, 1e, 1o, 4e})
2026-09-21 13:10:12.223 DEBUG: _reduced_tensor_product_basis (0e+1o+2e+3o,), frozenset({(1, (0,))}), keep_ir=frozenset({0e, 1o})
2026-09-21 13:10:12.223 DEBUG: _reduced_tensor_product_basis (1o, 1o), frozenset({(1, (0, 1)), (1, (1, 0))}), keep_ir=frozenset({0e, 2o, 3o, 2e, 3e, 1e, 1o, 4e})
2026-09-21 13:10:12.223 DEBUG: _reduced_tensor_product_basis (2e, 2e, 2e), frozenset({(1, (0, 1, 2)), (1, (1, 0, 2)), (1, (2, 0, 1)), (1, (1, 2, 0)), (1, (0, 2, 1)), (1, (2, 1, 0))}), keep_ir=frozenset({0e, 1o})
2026-09-21 13:10:12.224 DEBUG: _reduced_tensor_product_basis (2e,), frozenset({(1, (0,))}), keep_ir=frozenset({0e, 2o, 3o, 2e, 3e, 1e, 1o, 4e})
2026-09-21 13:10:12.224 DEBUG: _reduced_tensor_product_basis (2e, 2e), frozenset({(1, (0, 1)), (1, (1, 0))}), keep_ir=frozenset({3o, 1o, 2o, 2e})
2026-09-21 13:10:12.224 DEBUG: _reduced_tensor_product_basis (1o, 1o, 1o), frozenset({(1, (0, 1, 2)), (1, (1, 0, 2)), (1, (2, 0, 1)), (1, (1, 2, 0)), (1, (0, 2, 1)), (1, (2, 1, 0))}), keep_ir=frozenset({0e, 1o})
2026-09-21 13:10:12.224 DEBUG: _reduced_tensor_product_basis (2e, 2e), frozenset({(1, (0, 1)), (1, (1, 0))}), keep_ir=frozenset({0e, 1o})
2026-09-21 13:10:12.224 DEBUG: _reduced_tensor_product_basis (1o, 1o), frozenset({(1, (0, 1)), (1, (1, 0))}), keep_ir=frozenset({0e, 1e, 2e, 1o})
2026-09-21 13:10:12.225 DEBUG: _reduced_tensor_product_basis (1o, 1o, 1o), frozenset({(1, (0, 1, 2)), (1, (1, 0, 2)), (1, (2, 0, 1)), (1, (1, 2, 0)), (1, (0, 2, 1)), (1, (2, 1, 0))}), keep_ir=frozenset({0e, 1o})
2026-09-21 13:10:12.225 DEBUG: Normalized paths for operand 2 in w,a,i+aiw sizes=2,16,4 num_segments=2,1,2 num_paths=2 a=16 i={1, 3} w=1: got w,a,i+aiw sizes=2,16,4 num_segments=2,1,2 num_paths=2 a=16 i={1, 3} w=1
2026-09-21 13:10:12.225 DEBUG: _reduced_tensor_product_basis (1o, 1o), frozenset({(1, (0, 1)), (1, (1, 0))}), keep_ir=frozenset({0e, 1e, 2e, 1o})
2026-09-21 13:10:12.225 DEBUG: _reduced_tensor_product_basis (2e, 2e, 2e), frozenset({(1, (0, 1, 2)), (1, (1, 0, 2)), (1, (2, 0, 1)), (1, (1, 2, 0)), (1, (0, 2, 1)), (1, (2, 1, 0))}), keep_ir=frozenset({0e, 1o})
2026-09-21 13:10:12.225 DEBUG: Flattened aiw in w,a,i+aiw sizes=2,16,4 num_segments=2,1,2 num_paths=2 a=16 i={1, 3} w=1: got ,, sizes=2,16,4 num_segments=2,16,4 num_paths=4
2026-09-21 13:10:12.225 DEBUG: _reduced_tensor_product_basis (2e, 2e), frozenset({(1, (0, 1)), (1, (1, 0))}), keep_ir=frozenset({3o, 1o, 2o, 2e})
2026-09-21 13:10:12.226 DEBUG: _reduced_tensor_product_basis (3o,), frozenset({(1, (0,))}), keep_ir=frozenset({0e, 2o, 3o, 2e, 3e, 1e, 1o, 4e})
2026-09-21 13:10:12.226 DEBUG: _reduced_tensor_product_basis (0e+1o+2e+3o, 0e+1o+2e+3o), frozenset({(1, (0, 1)), (1, (1, 0))}), keep_ir=frozenset({0e, 1o}), use _optimized_reduced_symmetric_tensor_product_basis
2026-09-21 13:10:12.226 DEBUG: Normalized paths for operand 3 in w,a,b,i+abiw sizes=7,16,16,4 num_segments=2,1,1,2 num_paths=2 a=16 b=16 i={1, 3} w={3, 4}: got w,a,b,i+abiw sizes=7,16,16,4 num_segments=2,1,1,2 num_paths=2 a=16 b=16 i={1, 3} w={3, 4}
2026-09-21 13:10:12.226 DEBUG: _reduced_tensor_product_basis (3o, 3o), frozenset({(1, (0, 1)), (1, (1, 0))}), keep_ir=frozenset({0e, 1o})
2026-09-21 13:10:12.227 DEBUG: _reduced_tensor_product_basis (0e,), frozenset({(1, (0,))}), keep_ir=frozenset({0e, 2o, 3o, 2e, 3e, 1e, 1o, 4e})
2026-09-21 13:10:12.227 DEBUG: Normalized paths for operand 3 in w,a,b,i+abiw sizes=7,16,16,4 num_segments=2,1,1,2 num_paths=2 a=16 b=16 i={1, 3} w={3, 4}: got w,a,b,i+abiw sizes=7,16,16,4 num_segments=2,1,1,2 num_paths=2 a=16 b=16 i={1, 3} w={3, 4}
2026-09-21 13:10:12.227 DEBUG: _reduced_tensor_product_basis (0e, 0e), frozenset({(1, (0, 1)), (1, (1, 0))}), keep_ir=frozenset({0e, 1o})
2026-09-21 13:10:12.227 DEBUG: _reduced_tensor_product_basis (3o,), frozenset({(1, (0,))}), keep_ir=frozenset({0e, 2o, 7o, 3o, 2e, 4e, 3e, 5o, 6e, 1e, 6o, 1o, 5e, 4o, 0o})
2026-09-21 13:10:12.227 DEBUG: _reduced_tensor_product_basis (2e,), frozenset({(1, (0,))}), keep_ir=frozenset({0e, 2o, 7o, 3o, 2e, 4e, 3e, 5o, 6e, 1e, 6o, 1o, 5e, 4o, 0o})
2026-09-21 13:10:12.228 DEBUG: _reduced_tensor_product_basis (3o, 3o), frozenset({(1, (0, 1)), (1, (1, 0))}), keep_ir=frozenset({0e, 2o, 3o, 2e, 3e, 1e, 1o, 4e})
2026-09-21 13:10:12.228 DEBUG: Flattened abiw in w,a,b,i+abiw sizes=7,16,16,4 num_segments=2,1,1,2 num_paths=2 a=16 b=16 i={1, 3} w={3, 4}: got ,,, sizes=7,16,16,4 num_segments=7,16,16,4 num_paths=86
2026-09-21 13:10:12.228 DEBUG: _reduced_tensor_product_basis (2e, 2e), frozenset({(1, (0, 1)), (1, (1, 0))}), keep_ir=frozenset({0e, 2o, 3o, 2e, 3e, 1e, 1o, 4e})
2026-09-21 13:10:12.228 DEBUG: _reduced_tensor_product_basis (2e,), frozenset({(1, (0,))}), keep_ir=frozenset({0e, 2o, 7o, 3o, 2e, 4e, 3e, 5o, 6e, 1e, 6o, 1o, 5e, 4o, 0o})
2026-09-21 13:10:12.228 DEBUG: Flattened abiw in w,a,b,i+abiw sizes=7,16,16,4 num_segments=2,1,1,2 num_paths=2 a=16 b=16 i={1, 3} w={3, 4}: got ,,, sizes=7,16,16,4 num_segments=7,16,16,4 num_paths=86
2026-09-21 13:10:12.229 DEBUG: _reduced_tensor_product_basis (3o,), frozenset({(1, (0,))}), keep_ir=frozenset({0e, 2o, 7o, 3o, 2e, 4e, 3e, 5o, 6e, 1e, 6o, 1o, 5e, 4o, 0o})
2026-09-21 13:10:12.229 DEBUG: _reduced_tensor_product_basis (2e, 2e), frozenset({(1, (0, 1)), (1, (1, 0))}), keep_ir=frozenset({0e, 2o, 3o, 2e, 3e, 1e, 1o, 4e})
2026-09-21 13:10:12.229 DEBUG: _reduced_tensor_product_basis (1o,), frozenset({(1, (0,))}), keep_ir=frozenset({0e, 2o, 3o, 2e, 3e, 1e, 1o, 4e})
2026-09-21 13:10:12.229 DEBUG: _reduced_tensor_product_basis (0e+1o+2e+3o, 0e+1o+2e+3o, 0e+1o+2e+3o), frozenset({(1, (0, 1, 2)), (1, (1, 0, 2)), (1, (2, 0, 1)), (1, (1, 2, 0)), (1, (0, 2, 1)), (1, (2, 1, 0))}), keep_ir=frozenset({0e, 1o}), use _optimized_reduced_symmetric_tensor_product_basis
2026-09-21 13:10:12.229 DEBUG: _reduced_tensor_product_basis (3o, 3o), frozenset({(1, (0, 1)), (1, (1, 0))}), keep_ir=frozenset({0e, 2o, 3o, 2e, 3e, 1e, 1o, 4e})
2026-09-21 13:10:12.230 DEBUG: _reduced_tensor_product_basis (1o, 1o), frozenset({(1, (0, 1)), (1, (1, 0))}), keep_ir=frozenset({0e, 1o})
2026-09-21 13:10:12.230 DEBUG: _reduced_tensor_product_basis (0e,), frozenset({(1, (0,))}), keep_ir=frozenset({0e, 2o, 7o, 3o, 2e, 4e, 3e, 5o, 6e, 1e, 6o, 1o, 5e, 4o, 0o})
2026-09-21 13:10:12.230 DEBUG: _reduced_tensor_product_basis (0e+1o+2e+3o, 0e+1o+2e+3o, 0e+1o+2e+3o), frozenset({(1, (0, 1, 2)), (1, (1, 0, 2)), (1, (2, 0, 1)), (1, (1, 2, 0)), (1, (0, 2, 1)), (1, (2, 1, 0))}), keep_ir=frozenset({0e, 1o}), use _optimized_reduced_symmetric_tensor_product_basis
2026-09-21 13:10:12.230 DEBUG: _reduced_tensor_product_basis (0e, 0e), frozenset({(1, (0, 1)), (1, (1, 0))}), keep_ir=frozenset({0e, 2o, 3o, 2e, 3e, 1e, 1o, 4e})
2026-09-21 13:10:12.230 DEBUG: _reduced_tensor_product_basis (0e,), frozenset({(1, (0,))}), keep_ir=frozenset({0e, 2o, 7o, 3o, 2e, 4e, 3e, 5o, 6e, 1e, 6o, 1o, 5e, 4o, 0o})
2026-09-21 13:10:12.231 DEBUG: _reduced_tensor_product_basis (3o, 3o, 3o), frozenset({(1, (0, 1, 2)), (1, (1, 0, 2)), (1, (2, 0, 1)), (1, (1, 2, 0)), (1, (0, 2, 1)), (1, (2, 1, 0))}), keep_ir=frozenset({0e, 1o})
2026-09-21 13:10:12.231 DEBUG: _reduced_tensor_product_basis (2e, 2e, 2e), frozenset({(1, (0, 1, 2)), (1, (1, 0, 2)), (1, (2, 0, 1)), (1, (1, 2, 0)), (1, (0, 2, 1)), (1, (2, 1, 0))}), keep_ir=frozenset({0e, 1o})
2026-09-21 13:10:12.231 DEBUG: _reduced_tensor_product_basis (0e, 0e), frozenset({(1, (0, 1)), (1, (1, 0))}), keep_ir=frozenset({0e, 2o, 3o, 2e, 3e, 1e, 1o, 4e})
2026-09-21 13:10:12.231 DEBUG: _reduced_tensor_product_basis (3o, 3o), frozenset({(1, (0, 1)), (1, (1, 0))}), keep_ir=frozenset({3e, 3o, 2e, 4e})
2026-09-21 13:10:12.231 DEBUG: _reduced_tensor_product_basis (2e, 2e), frozenset({(1, (0, 1)), (1, (1, 0))}), keep_ir=frozenset({3o, 1o, 2o, 2e})
2026-09-21 13:10:12.231 DEBUG: _reduced_tensor_product_basis (2e,), frozenset({(1, (0,))}), keep_ir=frozenset({0e, 2o, 3o, 2e, 3e, 1e, 1o, 4e})
2026-09-21 13:10:12.231 DEBUG: _reduced_tensor_product_basis (0e, 0e, 0e), frozenset({(1, (0, 1, 2)), (1, (1, 0, 2)), (1, (2, 0, 1)), (1, (1, 2, 0)), (1, (0, 2, 1)), (1, (2, 1, 0))}), keep_ir=frozenset({0e, 1o})
2026-09-21 13:10:12.231 DEBUG: _reduced_tensor_product_basis (2e, 2e, 2e), frozenset({(1, (0, 1, 2)), (1, (1, 0, 2)), (1, (2, 0, 1)), (1, (1, 2, 0)), (1, (0, 2, 1)), (1, (2, 1, 0))}), keep_ir=frozenset({0e, 1o})
2026-09-21 13:10:12.232 DEBUG: _reduced_tensor_product_basis (2e, 2e), frozenset({(1, (0, 1)), (1, (1, 0))}), keep_ir=frozenset({0e, 1o})
2026-09-21 13:10:12.232 DEBUG: _reduced_tensor_product_basis (2e, 2e), frozenset({(1, (0, 1)), (1, (1, 0))}), keep_ir=frozenset({3o, 1o, 2o, 2e})
2026-09-21 13:10:12.232 DEBUG: Normalized paths for operand 3 in w,a,b,i+abiw sizes=7,16,16,4 num_segments=2,1,1,2 num_paths=2 a=16 b=16 i={1, 3} w={3, 4}: got w,a,b,i+abiw sizes=7,16,16,4 num_segments=2,1,1,2 num_paths=2 a=16 b=16 i={1, 3} w={3, 4}
2026-09-21 13:10:12.232 DEBUG: _reduced_tensor_product_basis (0e, 0e, 0e), frozenset({(1, (0, 1, 2)), (1, (1, 0, 2)), (1, (2, 0, 1)), (1, (1, 2, 0)), (1, (0, 2, 1)), (1, (2, 1, 0))}), keep_ir=frozenset({0e, 1o})
2026-09-21 13:10:12.232 DEBUG: _reduced_tensor_product_basis (3o, 3o, 3o), frozenset({(1, (0, 1, 2)), (1, (1, 0, 2)), (1, (2, 0, 1)), (1, (1, 2, 0)), (1, (0, 2, 1)), (1, (2, 1, 0))}), keep_ir=frozenset({0e, 1o})
2026-09-21 13:10:12.233 DEBUG: _reduced_tensor_product_basis (3o, 3o), frozenset({(1, (0, 1)), (1, (1, 0))}), keep_ir=frozenset({3e, 3o, 2e, 4e})
2026-09-21 13:10:12.233 DEBUG: _reduced_tensor_product_basis (1o,), frozenset({(1, (0,))}), keep_ir=frozenset({0e, 2o, 7o, 3o, 2e, 4e, 3e, 5o, 6e, 1e, 6o, 1o, 5e, 4o, 0o})
2026-09-21 13:10:12.233 DEBUG: _reduced_tensor_product_basis (3o,), frozenset({(1, (0,))}), keep_ir=frozenset({0e, 2o, 3o, 2e, 3e, 1e, 1o, 4e})
2026-09-21 13:10:12.234 DEBUG: _reduced_tensor_product_basis (1o,), frozenset({(1, (0,))}), keep_ir=frozenset({0e, 2o, 7o, 3o, 2e, 4e, 3e, 5o, 6e, 1e, 6o, 1o, 5e, 4o, 0o})
2026-09-21 13:10:12.234 DEBUG: Flattened abiw in w,a,b,i+abiw sizes=7,16,16,4 num_segments=2,1,1,2 num_paths=2 a=16 b=16 i={1, 3} w={3, 4}: got ,,, sizes=7,16,16,4 num_segments=7,16,16,4 num_paths=86
2026-09-21 13:10:12.234 DEBUG: _reduced_tensor_product_basis (3o, 3o), frozenset({(1, (0, 1)), (1, (1, 0))}), keep_ir=frozenset({0e, 1o})
2026-09-21 13:10:12.234 DEBUG: _reduced_tensor_product_basis (1o, 1o), frozenset({(1, (0, 1)), (1, (1, 0))}), keep_ir=frozenset({0e, 2o, 3o, 2e, 3e, 1e, 1o, 4e})
2026-09-21 13:10:12.234 DEBUG: _reduced_tensor_product_basis (3o,), frozenset({(1, (0,))}), keep_ir=frozenset({0e, 2o, 7o, 3o, 2e, 4e, 3e, 5o, 6e, 1e, 6o, 1o, 5e, 4o, 0o})
2026-09-21 13:10:12.234 DEBUG: _reduced_tensor_product_basis (1o, 1o), frozenset({(1, (0, 1)), (1, (1, 0))}), keep_ir=frozenset({0e, 2o, 3o, 2e, 3e, 1e, 1o, 4e})
2026-09-21 13:10:12.235 DEBUG: _reduced_tensor_product_basis (3o, 3o), frozenset({(1, (0, 1)), (1, (1, 0))}), keep_ir=frozenset({0e, 2o, 3o, 2e, 3e, 1e, 1o, 4e})
2026-09-21 13:10:12.235 DEBUG: _reduced_tensor_product_basis (0e+1o+2e+3o, 0e+1o+2e+3o, 0e+1o+2e+3o), frozenset({(1, (0, 1, 2)), (1, (1, 0, 2)), (1, (2, 0, 1)), (1, (1, 2, 0)), (1, (0, 2, 1)), (1, (2, 1, 0))}), keep_ir=frozenset({0e, 1o}), use _optimized_reduced_symmetric_tensor_product_basis
2026-09-21 13:10:12.235 DEBUG: _reduced_tensor_product_basis (3o,), frozenset({(1, (0,))}), keep_ir=frozenset({0e, 2o, 7o, 3o, 2e, 4e, 3e, 5o, 6e, 1e, 6o, 1o, 5e, 4o, 0o})
2026-09-21 13:10:12.236 DEBUG: _reduced_tensor_product_basis (0e,), frozenset({(1, (0,))}), keep_ir=frozenset({0e, 2o, 7o, 3o, 2e, 4e, 3e, 5o, 6e, 1e, 6o, 1o, 5e, 4o, 0o})
2026-09-21 13:10:12.236 DEBUG: _reduced_tensor_product_basis (3o, 3o), frozenset({(1, (0, 1)), (1, (1, 0))}), keep_ir=frozenset({0e, 2o, 3o, 2e, 3e, 1e, 1o, 4e})
2026-09-21 13:10:12.236 DEBUG: _reduced_tensor_product_basis (1o, 1o, 1o), frozenset({(1, (0, 1, 2)), (1, (1, 0, 2)), (1, (2, 0, 1)), (1, (1, 2, 0)), (1, (0, 2, 1)), (1, (2, 1, 0))}), keep_ir=frozenset({0e, 1o})
2026-09-21 13:10:12.236 DEBUG: _reduced_tensor_product_basis (0e, 0e), frozenset({(1, (0, 1)), (1, (1, 0))}), keep_ir=frozenset({0e, 2o, 3o, 2e, 3e, 1e, 1o, 4e})
2026-09-21 13:10:12.236 DEBUG: _reduced_tensor_product_basis (1o, 1o), frozenset({(1, (0, 1)), (1, (1, 0))}), keep_ir=frozenset({0e, 1e, 2e, 1o})
2026-09-21 13:10:12.236 DEBUG: _reduced_tensor_product_basis (1o, 1o, 1o), frozenset({(1, (0, 1, 2)), (1, (1, 0, 2)), (1, (2, 0, 1)), (1, (1, 2, 0)), (1, (0, 2, 1)), (1, (2, 1, 0))}), keep_ir=frozenset({0e, 1o})
2026-09-21 13:10:12.237 DEBUG: _reduced_tensor_product_basis (1o, 1o), frozenset({(1, (0, 1)), (1, (1, 0))}), keep_ir=frozenset({0e, 1e, 2e, 1o})
2026-09-21 13:10:12.237 DEBUG: _reduced_tensor_product_basis (0e, 0e, 0e), frozenset({(1, (0, 1, 2)), (1, (1, 0, 2)), (1, (2, 0, 1)), (1, (1, 2, 0)), (1, (0, 2, 1)), (1, (2, 1, 0))}), keep_ir=frozenset({0e, 1o})
2026-09-21 13:10:12.238 DEBUG: _reduced_tensor_product_basis (3o, 3o, 3o), frozenset({(1, (0, 1, 2)), (1, (1, 0, 2)), (1, (2, 0, 1)), (1, (1, 2, 0)), (1, (0, 2, 1)), (1, (2, 1, 0))}), keep_ir=frozenset({0e, 1o})
2026-09-21 13:10:12.238 DEBUG: _reduced_tensor_product_basis (3o, 3o), frozenset({(1, (0, 1)), (1, (1, 0))}), keep_ir=frozenset({3e, 3o, 2e, 4e})
2026-09-21 13:10:12.239 DEBUG: _reduced_tensor_product_basis (3o, 3o, 3o), frozenset({(1, (0, 1, 2)), (1, (1, 0, 2)), (1, (2, 0, 1)), (1, (1, 2, 0)), (1, (0, 2, 1)), (1, (2, 1, 0))}), keep_ir=frozenset({0e, 1o})
2026-09-21 13:10:12.239 DEBUG: _reduced_tensor_product_basis (1o,), frozenset({(1, (0,))}), keep_ir=frozenset({0e, 2o, 7o, 3o, 2e, 4e, 3e, 5o, 6e, 1e, 6o, 1o, 5e, 4o, 0o})
2026-09-21 13:10:12.239 DEBUG: _reduced_tensor_product_basis (3o, 3o), frozenset({(1, (0, 1)), (1, (1, 0))}), keep_ir=frozenset({3e, 3o, 2e, 4e})
2026-09-21 13:10:12.240 DEBUG: _reduced_tensor_product_basis (1o, 1o), frozenset({(1, (0, 1)), (1, (1, 0))}), keep_ir=frozenset({0e, 2o, 3o, 2e, 3e, 1e, 1o, 4e})
2026-09-21 13:10:12.240 DEBUG: _reduced_tensor_product_basis (2e,), frozenset({(1, (0,))}), keep_ir=frozenset({0e, 2o, 7o, 3o, 2e, 4e, 3e, 5o, 6e, 1e, 6o, 1o, 5e, 4o, 0o})
2026-09-21 13:10:12.240 DEBUG: Normalized paths for operand 3 in w,a,b,i+abiw sizes=7,16,16,4 num_segments=2,1,1,2 num_paths=2 a=16 b=16 i={1, 3} w={3, 4}: got w,a,b,i+abiw sizes=7,16,16,4 num_segments=2,1,1,2 num_paths=2 a=16 b=16 i={1, 3} w={3, 4}
2026-09-21 13:10:12.240 DEBUG: _reduced_tensor_product_basis (2e,), frozenset({(1, (0,))}), keep_ir=frozenset({0e, 2o, 7o, 3o, 2e, 4e, 3e, 5o, 6e, 1e, 6o, 1o, 5e, 4o, 0o})
2026-09-21 13:10:12.240 DEBUG: _reduced_tensor_product_basis (2e, 2e), frozenset({(1, (0, 1)), (1, (1, 0))}), keep_ir=frozenset({0e, 2o, 3o, 2e, 3e, 1e, 1o, 4e})
2026-09-21 13:10:12.241 DEBUG: _reduced_tensor_product_basis (2e, 2e), frozenset({(1, (0, 1)), (1, (1, 0))}), keep_ir=frozenset({0e, 2o, 3o, 2e, 3e, 1e, 1o, 4e})
2026-09-21 13:10:12.242 DEBUG: _reduced_tensor_product_basis (1o, 1o, 1o), frozenset({(1, (0, 1, 2)), (1, (1, 0, 2)), (1, (2, 0, 1)), (1, (1, 2, 0)), (1, (0, 2, 1)), (1, (2, 1, 0))}), keep_ir=frozenset({0e, 1o})
2026-09-21 13:10:12.242 DEBUG: _reduced_tensor_product_basis (1o, 1o), frozenset({(1, (0, 1)), (1, (1, 0))}), keep_ir=frozenset({0e, 1e, 2e, 1o})
2026-09-21 13:10:12.242 DEBUG: Flattened abiw in w,a,b,i+abiw sizes=7,16,16,4 num_segments=2,1,1,2 num_paths=2 a=16 b=16 i={1, 3} w={3, 4}: got ,,, sizes=7,16,16,4 num_segments=7,16,16,4 num_paths=86
2026-09-21 13:10:12.243 DEBUG: _reduced_tensor_product_basis (2e, 2e, 2e), frozenset({(1, (0, 1, 2)), (1, (1, 0, 2)), (1, (2, 0, 1)), (1, (1, 2, 0)), (1, (0, 2, 1)), (1, (2, 1, 0))}), keep_ir=frozenset({0e, 1o})
2026-09-21 13:10:12.243 DEBUG: _reduced_tensor_product_basis (2e, 2e, 2e), frozenset({(1, (0, 1, 2)), (1, (1, 0, 2)), (1, (2, 0, 1)), (1, (1, 2, 0)), (1, (0, 2, 1)), (1, (2, 1, 0))}), keep_ir=frozenset({0e, 1o})
2026-09-21 13:10:12.244 DEBUG: _reduced_tensor_product_basis (0e+1o+2e+3o, 0e+1o+2e+3o, 0e+1o+2e+3o), frozenset({(1, (0, 1, 2)), (1, (1, 0, 2)), (1, (2, 0, 1)), (1, (1, 2, 0)), (1, (0, 2, 1)), (1, (2, 1, 0))}), keep_ir=frozenset({0e, 1o}), use _optimized_reduced_symmetric_tensor_product_basis
2026-09-21 13:10:12.244 DEBUG: _reduced_tensor_product_basis (2e, 2e), frozenset({(1, (0, 1)), (1, (1, 0))}), keep_ir=frozenset({3o, 1o, 2o, 2e})
2026-09-21 13:10:12.244 DEBUG: _reduced_tensor_product_basis (2e, 2e), frozenset({(1, (0, 1)), (1, (1, 0))}), keep_ir=frozenset({3o, 1o, 2o, 2e})
2026-09-21 13:10:12.244 DEBUG: _reduced_tensor_product_basis (0e,), frozenset({(1, (0,))}), keep_ir=frozenset({0e, 2o, 7o, 3o, 2e, 4e, 3e, 5o, 6e, 1e, 6o, 1o, 5e, 4o, 0o})
2026-09-21 13:10:12.245 DEBUG: _reduced_tensor_product_basis (0e, 0e), frozenset({(1, (0, 1)), (1, (1, 0))}), keep_ir=frozenset({0e, 2o, 3o, 2e, 3e, 1e, 1o, 4e})
2026-09-21 13:10:12.245 DEBUG: _reduced_tensor_product_basis (2e,), frozenset({(1, (0,))}), keep_ir=frozenset({0e, 2o, 7o, 3o, 2e, 4e, 3e, 5o, 6e, 1e, 6o, 1o, 5e, 4o, 0o})
2026-09-21 13:10:12.246 DEBUG: _reduced_tensor_product_basis (2e, 2e), frozenset({(1, (0, 1)), (1, (1, 0))}), keep_ir=frozenset({0e, 2o, 3o, 2e, 3e, 1e, 1o, 4e})
2026-09-21 13:10:12.246 DEBUG: _reduced_tensor_product_basis (0e, 0e, 0e), frozenset({(1, (0, 1, 2)), (1, (1, 0, 2)), (1, (2, 0, 1)), (1, (1, 2, 0)), (1, (0, 2, 1)), (1, (2, 1, 0))}), keep_ir=frozenset({0e, 1o})
2026-09-21 13:10:12.247 DEBUG: _reduced_tensor_product_basis (3o,), frozenset({(1, (0,))}), keep_ir=frozenset({0e, 2o, 7o, 3o, 2e, 4e, 3e, 5o, 6e, 1e, 6o, 1o, 5e, 4o, 0o})
2026-09-21 13:10:12.247 DEBUG: _reduced_tensor_product_basis (3o,), frozenset({(1, (0,))}), keep_ir=frozenset({0e, 2o, 7o, 3o, 2e, 4e, 3e, 5o, 6e, 1e, 6o, 1o, 5e, 4o, 0o})
2026-09-21 13:10:12.248 DEBUG: _reduced_tensor_product_basis (3o, 3o), frozenset({(1, (0, 1)), (1, (1, 0))}), keep_ir=frozenset({0e, 2o, 3o, 2e, 3e, 1e, 1o, 4e})
2026-09-21 13:10:12.248 DEBUG: _reduced_tensor_product_basis (1o,), frozenset({(1, (0,))}), keep_ir=frozenset({0e, 2o, 7o, 3o, 2e, 4e, 3e, 5o, 6e, 1e, 6o, 1o, 5e, 4o, 0o})
2026-09-21 13:10:12.248 DEBUG: _reduced_tensor_product_basis (3o, 3o), frozenset({(1, (0, 1)), (1, (1, 0))}), keep_ir=frozenset({0e, 2o, 3o, 2e, 3e, 1e, 1o, 4e})
2026-09-21 13:10:12.248 DEBUG: _reduced_tensor_product_basis (1o, 1o), frozenset({(1, (0, 1)), (1, (1, 0))}), keep_ir=frozenset({0e, 2o, 3o, 2e, 3e, 1e, 1o, 4e})
2026-09-21 13:10:12.248 DEBUG: _reduced_tensor_product_basis (2e, 2e, 2e), frozenset({(1, (0, 1, 2)), (1, (1, 0, 2)), (1, (2, 0, 1)), (1, (1, 2, 0)), (1, (0, 2, 1)), (1, (2, 1, 0))}), keep_ir=frozenset({0e, 1o})
2026-09-21 13:10:12.249 DEBUG: _reduced_tensor_product_basis (2e, 2e), frozenset({(1, (0, 1)), (1, (1, 0))}), keep_ir=frozenset({3o, 1o, 2o, 2e})
2026-09-21 13:10:12.250 DEBUG: _reduced_tensor_product_basis (1o, 1o, 1o), frozenset({(1, (0, 1, 2)), (1, (1, 0, 2)), (1, (2, 0, 1)), (1, (1, 2, 0)), (1, (0, 2, 1)), (1, (2, 1, 0))}), keep_ir=frozenset({0e, 1o})
2026-09-21 13:10:12.250 DEBUG: _reduced_tensor_product_basis (3o, 3o, 3o), frozenset({(1, (0, 1, 2)), (1, (1, 0, 2)), (1, (2, 0, 1)), (1, (1, 2, 0)), (1, (0, 2, 1)), (1, (2, 1, 0))}), keep_ir=frozenset({0e, 1o})
2026-09-21 13:10:12.251 DEBUG: _reduced_tensor_product_basis (1o, 1o), frozenset({(1, (0, 1)), (1, (1, 0))}), keep_ir=frozenset({0e, 1e, 2e, 1o})
2026-09-21 13:10:12.251 DEBUG: _reduced_tensor_product_basis (3o, 3o, 3o), frozenset({(1, (0, 1, 2)), (1, (1, 0, 2)), (1, (2, 0, 1)), (1, (1, 2, 0)), (1, (0, 2, 1)), (1, (2, 1, 0))}), keep_ir=frozenset({0e, 1o})
2026-09-21 13:10:12.251 DEBUG: _reduced_tensor_product_basis (3o, 3o), frozenset({(1, (0, 1)), (1, (1, 0))}), keep_ir=frozenset({3e, 3o, 2e, 4e})
2026-09-21 13:10:12.251 DEBUG: _reduced_tensor_product_basis (3o, 3o), frozenset({(1, (0, 1)), (1, (1, 0))}), keep_ir=frozenset({3e, 3o, 2e, 4e})
2026-09-21 13:10:12.252 DEBUG: _reduced_tensor_product_basis (3o,), frozenset({(1, (0,))}), keep_ir=frozenset({0e, 2o, 7o, 3o, 2e, 4e, 3e, 5o, 6e, 1e, 6o, 1o, 5e, 4o, 0o})
2026-09-21 13:10:12.253 DEBUG: _reduced_tensor_product_basis (3o, 3o), frozenset({(1, (0, 1)), (1, (1, 0))}), keep_ir=frozenset({0e, 2o, 3o, 2e, 3e, 1e, 1o, 4e})
2026-09-21 13:10:12.254 DEBUG: _reduced_tensor_product_basis (2e,), frozenset({(1, (0,))}), keep_ir=frozenset({0e, 2o, 7o, 3o, 2e, 4e, 3e, 5o, 6e, 1e, 6o, 1o, 5e, 4o, 0o})
2026-09-21 13:10:12.254 DEBUG: _reduced_tensor_product_basis (2e, 2e), frozenset({(1, (0, 1)), (1, (1, 0))}), keep_ir=frozenset({0e, 2o, 3o, 2e, 3e, 1e, 1o, 4e})
2026-09-21 13:10:12.255 DEBUG: _reduced_tensor_product_basis (3o, 3o, 3o), frozenset({(1, (0, 1, 2)), (1, (1, 0, 2)), (1, (2, 0, 1)), (1, (1, 2, 0)), (1, (0, 2, 1)), (1, (2, 1, 0))}), keep_ir=frozenset({0e, 1o})
2026-09-21 13:10:12.256 DEBUG: _reduced_tensor_product_basis (3o, 3o), frozenset({(1, (0, 1)), (1, (1, 0))}), keep_ir=frozenset({3e, 3o, 2e, 4e})
2026-09-21 13:10:12.257 DEBUG: _reduced_tensor_product_basis (2e, 2e, 2e), frozenset({(1, (0, 1, 2)), (1, (1, 0, 2)), (1, (2, 0, 1)), (1, (1, 2, 0)), (1, (0, 2, 1)), (1, (2, 1, 0))}), keep_ir=frozenset({0e, 1o})
2026-09-21 13:10:12.257 DEBUG: _reduced_tensor_product_basis (2e, 2e), frozenset({(1, (0, 1)), (1, (1, 0))}), keep_ir=frozenset({3o, 1o, 2o, 2e})
2026-09-21 13:10:12.261 DEBUG: _reduced_tensor_product_basis (3o,), frozenset({(1, (0,))}), keep_ir=frozenset({0e, 2o, 7o, 3o, 2e, 4e, 3e, 5o, 6e, 1e, 6o, 1o, 5e, 4o, 0o})
2026-09-21 13:10:12.261 DEBUG: _reduced_tensor_product_basis (3o, 3o), frozenset({(1, (0, 1)), (1, (1, 0))}), keep_ir=frozenset({0e, 2o, 3o, 2e, 3e, 1e, 1o, 4e})
2026-09-21 13:10:12.264 DEBUG: _reduced_tensor_product_basis (3o, 3o, 3o), frozenset({(1, (0, 1, 2)), (1, (1, 0, 2)), (1, (2, 0, 1)), (1, (1, 2, 0)), (1, (0, 2, 1)), (1, (2, 1, 0))}), keep_ir=frozenset({0e, 1o})
2026-09-21 13:10:12.265 DEBUG: _reduced_tensor_product_basis (3o, 3o), frozenset({(1, (0, 1)), (1, (1, 0))}), keep_ir=frozenset({3e, 3o, 2e, 4e})
2026-09-21 13:10:12.301 DEBUG: Normalized paths for operand 4 in w,a,b,c,i+abciw sizes=20,16,16,16,4 num_segments=2,1,1,1,2 num_paths=2 a=16 b=16 c=16 i={1, 3} w={8, 12}: got w,a,b,c,i+abciw sizes=20,16,16,16,4 num_segments=2,1,1,1,2 num_paths=2 a=16 b=16 c=16 i={1, 3} w={8, 12}
2026-09-21 13:10:12.302 DEBUG: Normalized paths for operand 4 in w,a,b,c,i+abciw sizes=20,16,16,16,4 num_segments=2,1,1,1,2 num_paths=2 a=16 b=16 c=16 i={1, 3} w={8, 12}: got w,a,b,c,i+abciw sizes=20,16,16,16,4 num_segments=2,1,1,1,2 num_paths=2 a=16 b=16 c=16 i={1, 3} w={8, 12}
2026-09-21 13:10:12.307 DEBUG: Normalized paths for operand 4 in w,a,b,c,i+abciw sizes=20,16,16,16,4 num_segments=2,1,1,1,2 num_paths=2 a=16 b=16 c=16 i={1, 3} w={8, 12}: got w,a,b,c,i+abciw sizes=20,16,16,16,4 num_segments=2,1,1,1,2 num_paths=2 a=16 b=16 c=16 i={1, 3} w={8, 12}
2026-09-21 13:10:12.308 DEBUG: Normalized paths for operand 4 in w,a,b,c,i+abciw sizes=20,16,16,16,4 num_segments=2,1,1,1,2 num_paths=2 a=16 b=16 c=16 i={1, 3} w={8, 12}: got w,a,b,c,i+abciw sizes=20,16,16,16,4 num_segments=2,1,1,1,2 num_paths=2 a=16 b=16 c=16 i={1, 3} w={8, 12}
2026-09-21 13:10:12.319 DEBUG: Normalized paths for operand 4 in w,a,b,c,i+abciw sizes=20,16,16,16,4 num_segments=2,1,1,1,2 num_paths=2 a=16 b=16 c=16 i={1, 3} w={8, 12}: got w,a,b,c,i+abciw sizes=20,16,16,16,4 num_segments=2,1,1,1,2 num_paths=2 a=16 b=16 c=16 i={1, 3} w={8, 12}
2026-09-21 13:10:12.319 DEBUG: Normalized paths for operand 4 in w,a,b,c,i+abciw sizes=20,16,16,16,4 num_segments=2,1,1,1,2 num_paths=2 a=16 b=16 c=16 i={1, 3} w={8, 12}: got w,a,b,c,i+abciw sizes=20,16,16,16,4 num_segments=2,1,1,1,2 num_paths=2 a=16 b=16 c=16 i={1, 3} w={8, 12}
2026-09-21 13:10:12.328 DEBUG: Flattened abciw in w,a,b,c,i+abciw sizes=20,16,16,16,4 num_segments=2,1,1,1,2 num_paths=2 a=16 b=16 c=16 i={1, 3} w={8, 12}: got ,,,, sizes=20,16,16,16,4 num_segments=20,16,16,16,4 num_paths=1949
2026-09-21 13:10:12.329 DEBUG: Flattened abciw in w,a,b,c,i+abciw sizes=20,16,16,16,4 num_segments=2,1,1,1,2 num_paths=2 a=16 b=16 c=16 i={1, 3} w={8, 12}: got ,,,, sizes=20,16,16,16,4 num_segments=20,16,16,16,4 num_paths=1949
2026-09-21 13:10:12.330 DEBUG: Normalized paths for operand 4 in w,a,b,c,i+abciw sizes=20,16,16,16,4 num_segments=2,1,1,1,2 num_paths=2 a=16 b=16 c=16 i={1, 3} w={8, 12}: got w,a,b,c,i+abciw sizes=20,16,16,16,4 num_segments=2,1,1,1,2 num_paths=2 a=16 b=16 c=16 i={1, 3} w={8, 12}
2026-09-21 13:10:12.334 DEBUG: Normalized paths for operand 4 in w,a,b,c,i+abciw sizes=20,16,16,16,4 num_segments=2,1,1,1,2 num_paths=2 a=16 b=16 c=16 i={1, 3} w={8, 12}: got w,a,b,c,i+abciw sizes=20,16,16,16,4 num_segments=2,1,1,1,2 num_paths=2 a=16 b=16 c=16 i={1, 3} w={8, 12}
2026-09-21 13:10:12.334 DEBUG: Flattened abciw in w,a,b,c,i+abciw sizes=20,16,16,16,4 num_segments=2,1,1,1,2 num_paths=2 a=16 b=16 c=16 i={1, 3} w={8, 12}: got ,,,, sizes=20,16,16,16,4 num_segments=20,16,16,16,4 num_paths=1949
2026-09-21 13:10:12.335 DEBUG: Flattened abciw in w,a,b,c,i+abciw sizes=20,16,16,16,4 num_segments=2,1,1,1,2 num_paths=2 a=16 b=16 c=16 i={1, 3} w={8, 12}: got ,,,, sizes=20,16,16,16,4 num_segments=20,16,16,16,4 num_paths=1949
2026-09-21 13:10:12.348 DEBUG: Flattened abciw in w,a,b,c,i+abciw sizes=20,16,16,16,4 num_segments=2,1,1,1,2 num_paths=2 a=16 b=16 c=16 i={1, 3} w={8, 12}: got ,,,, sizes=20,16,16,16,4 num_segments=20,16,16,16,4 num_paths=1949
2026-09-21 13:10:12.348 DEBUG: Flattened abciw in w,a,b,c,i+abciw sizes=20,16,16,16,4 num_segments=2,1,1,1,2 num_paths=2 a=16 b=16 c=16 i={1, 3} w={8, 12}: got ,,,, sizes=20,16,16,16,4 num_segments=20,16,16,16,4 num_paths=1949
2026-09-21 13:10:12.357 DEBUG: Flattened abciw in w,a,b,c,i+abciw sizes=20,16,16,16,4 num_segments=2,1,1,1,2 num_paths=2 a=16 b=16 c=16 i={1, 3} w={8, 12}: got ,,,, sizes=20,16,16,16,4 num_segments=20,16,16,16,4 num_paths=1949
2026-09-21 13:10:12.361 DEBUG: Flattened abciw in w,a,b,c,i+abciw sizes=20,16,16,16,4 num_segments=2,1,1,1,2 num_paths=2 a=16 b=16 c=16 i={1, 3} w={8, 12}: got ,,,, sizes=20,16,16,16,4 num_segments=20,16,16,16,4 num_paths=1949
2026-09-21 13:10:12.953 DEBUG: Normalized paths for operand 2 in uv,iu,iv sizes=32768,512,512 num_segments=2,2,2 num_paths=2 i={1, 3} u=128 v=128: got uv,iu,iv sizes=32768,512,512 num_segments=2,2,2 num_paths=2 i={1, 3} u=128 v=128
2026-09-21 13:10:12.953 DEBUG: Normalized paths for operand 2 in uv,iu,iv sizes=32768,512,512 num_segments=2,2,2 num_paths=2 i={1, 3} u=128 v=128: got uv,iu,iv sizes=32768,512,512 num_segments=2,2,2 num_paths=2 i={1, 3} u=128 v=128
2026-09-21 13:10:12.958 DEBUG: Normalized paths for operand 2 in uv,iu,iv sizes=32768,512,512 num_segments=2,2,2 num_paths=2 i={1, 3} u=128 v=128: got uv,iu,iv sizes=32768,512,512 num_segments=2,2,2 num_paths=2 i={1, 3} u=128 v=128
2026-09-21 13:10:12.959 DEBUG: Normalized paths for operand 2 in uv,iu,iv sizes=32768,512,512 num_segments=2,2,2 num_paths=2 i={1, 3} u=128 v=128: got uv,iu,iv sizes=32768,512,512 num_segments=2,2,2 num_paths=2 i={1, 3} u=128 v=128
2026-09-21 13:10:12.967 DEBUG: Normalized paths for operand 2 in uv,iu,iv sizes=32768,512,512 num_segments=2,2,2 num_paths=2 i={1, 3} u=128 v=128: got uv,iu,iv sizes=32768,512,512 num_segments=2,2,2 num_paths=2 i={1, 3} u=128 v=128
2026-09-21 13:10:12.967 DEBUG: Normalized paths for operand 2 in uv,iu,iv sizes=32768,512,512 num_segments=2,2,2 num_paths=2 i={1, 3} u=128 v=128: got uv,iu,iv sizes=32768,512,512 num_segments=2,2,2 num_paths=2 i={1, 3} u=128 v=128
2026-09-21 13:10:12.972 DEBUG: Normalized paths for operand 2 in uv,iu,iv sizes=128,512,1 num_segments=1,2,1 num_paths=1 i={1, 3} u=128 v=1: got uv,iu,iv sizes=128,512,1 num_segments=1,2,1 num_paths=1 i={1, 3} u=128 v=1
2026-09-21 13:10:12.972 DEBUG: Normalized paths for operand 2 in uv,iu,iv sizes=32768,512,512 num_segments=2,2,2 num_paths=2 i={1, 3} u=128 v=128: got uv,iu,iv sizes=32768,512,512 num_segments=2,2,2 num_paths=2 i={1, 3} u=128 v=128
2026-09-21 13:10:12.972 DEBUG: Normalized paths for operand 2 in uv,iu,iv sizes=128,512,1 num_segments=1,2,1 num_paths=1 i={1, 3} u=128 v=1: got uv,iu,iv sizes=128,512,1 num_segments=1,2,1 num_paths=1 i={1, 3} u=128 v=1
2026-09-21 13:10:12.977 DEBUG: Normalized paths for operand 2 in uv,iu,iv sizes=128,512,1 num_segments=1,2,1 num_paths=1 i={1, 3} u=128 v=1: got uv,iu,iv sizes=128,512,1 num_segments=1,2,1 num_paths=1 i={1, 3} u=128 v=1
2026-09-21 13:10:12.979 DEBUG: Normalized paths for operand 2 in uv,iu,iv sizes=128,512,1 num_segments=1,2,1 num_paths=1 i={1, 3} u=128 v=1: got uv,iu,iv sizes=128,512,1 num_segments=1,2,1 num_paths=1 i={1, 3} u=128 v=1
2026-09-21 13:10:12.983 DEBUG: Normalized paths for operand 2 in uv,iu,iv sizes=32768,512,512 num_segments=2,2,2 num_paths=2 i={1, 3} u=128 v=128: got uv,iu,iv sizes=32768,512,512 num_segments=2,2,2 num_paths=2 i={1, 3} u=128 v=128
2026-09-21 13:10:12.984 DEBUG: Normalized paths for operand 2 in uv,iu,iv sizes=32768,512,512 num_segments=2,2,2 num_paths=2 i={1, 3} u=128 v=128: got uv,iu,iv sizes=32768,512,512 num_segments=2,2,2 num_paths=2 i={1, 3} u=128 v=128
2026-09-21 13:10:12.989 DEBUG: Normalized paths for operand 2 in uv,iu,iv sizes=32768,512,512 num_segments=2,2,2 num_paths=2 i={1, 3} u=128 v=128: got uv,iu,iv sizes=32768,512,512 num_segments=2,2,2 num_paths=2 i={1, 3} u=128 v=128
2026-09-21 13:10:12.986 DEBUG: Normalized paths for operand 2 in uv,iu,iv sizes=128,512,1 num_segments=1,2,1 num_paths=1 i={1, 3} u=128 v=1: got uv,iu,iv sizes=128,512,1 num_segments=1,2,1 num_paths=1 i={1, 3} u=128 v=1
2026-09-21 13:10:12.987 DEBUG: Normalized paths for operand 2 in uv,iu,iv sizes=128,512,1 num_segments=1,2,1 num_paths=1 i={1, 3} u=128 v=1: got uv,iu,iv sizes=128,512,1 num_segments=1,2,1 num_paths=1 i={1, 3} u=128 v=1
2026-09-21 13:10:12.990 DEBUG: Normalized paths for operand 2 in uv,iu,iv sizes=32768,512,512 num_segments=2,2,2 num_paths=2 i={1, 3} u=128 v=128: got uv,iu,iv sizes=32768,512,512 num_segments=2,2,2 num_paths=2 i={1, 3} u=128 v=128
2026-09-21 13:10:12.992 DEBUG: Normalized paths for operand 2 in uv,iu,iv sizes=128,512,1 num_segments=1,2,1 num_paths=1 i={1, 3} u=128 v=1: got uv,iu,iv sizes=128,512,1 num_segments=1,2,1 num_paths=1 i={1, 3} u=128 v=1
2026-09-21 13:10:12.995 DEBUG: Normalized paths for operand 2 in uv,iu,iv sizes=32768,512,512 num_segments=2,2,2 num_paths=2 i={1, 3} u=128 v=128: got uv,iu,iv sizes=32768,512,512 num_segments=2,2,2 num_paths=2 i={1, 3} u=128 v=128
2026-09-21 13:10:13.005 DEBUG: Normalized paths for operand 3 in uv,iu,jv,kuv+ijk sizes=1280,512,16,5120 num_segments=10,2,4,10 num_paths=10 i={1, 3} j={1, 3, 5, 7} k={1, 3, 5, 7} u=128 v=1: got uv,iu,jv,kuv+ijk sizes=1280,512,16,5120 num_segments=10,2,4,10 num_paths=10 i={1, 3} j={1, 3, 5, 7} k={1, 3, 5, 7} u=128 v=1
2026-09-21 13:10:13.006 DEBUG: Normalized paths for operand 3 in uv,iu,jv,kuv+ijk sizes=1280,512,16,5120 num_segments=10,2,4,10 num_paths=10 i={1, 3} j={1, 3, 5, 7} k={1, 3, 5, 7} u=128 v=1: got uv,iu,jv,kuv+ijk sizes=1280,512,16,5120 num_segments=10,2,4,10 num_paths=10 i={1, 3} j={1, 3, 5, 7} k={1, 3, 5, 7} u=128 v=1
2026-09-21 13:10:13.006 DEBUG: Normalized paths for operand 2 in uv,iu,iv sizes=32768,512,512 num_segments=2,2,2 num_paths=2 i={1, 3} u=128 v=128: got uv,iu,iv sizes=32768,512,512 num_segments=2,2,2 num_paths=2 i={1, 3} u=128 v=128
2026-09-21 13:10:13.007 DEBUG: Normalized paths for operand 2 in uv,iu,iv sizes=32768,512,512 num_segments=2,2,2 num_paths=2 i={1, 3} u=128 v=128: got uv,iu,iv sizes=32768,512,512 num_segments=2,2,2 num_paths=2 i={1, 3} u=128 v=128
2026-09-21 13:10:13.007 DEBUG: Flattened ijk in uv,iu,jv,kuv+ijk sizes=1280,512,16,5120 num_segments=10,2,4,10 num_paths=10 i={1, 3} j={1, 3, 5, 7} k={1, 3, 5, 7} u=128 v=1: got uv,u,v,uv sizes=1280,512,16,5120 num_segments=10,4,16,40 num_paths=86 u=128 v=1
2026-09-21 13:10:13.008 DEBUG: Flattened ijk in uv,iu,jv,kuv+ijk sizes=1280,512,16,5120 num_segments=10,2,4,10 num_paths=10 i={1, 3} j={1, 3, 5, 7} k={1, 3, 5, 7} u=128 v=1: got uv,u,v,uv sizes=1280,512,16,5120 num_segments=10,4,16,40 num_paths=86 u=128 v=1
2026-09-21 13:10:13.009 DEBUG: Normalized paths for operand 2 in uv,iu,iv sizes=32768,512,512 num_segments=2,2,2 num_paths=2 i={1, 3} u=128 v=128: got uv,iu,iv sizes=32768,512,512 num_segments=2,2,2 num_paths=2 i={1, 3} u=128 v=128
2026-09-21 13:10:13.010 DEBUG: Squeezed uv,u,v,uv sizes=1280,512,16,5120 num_segments=10,4,16,40 num_paths=86 u=128 v=1 to u,u,,u sizes=1280,512,16,5120 num_segments=10,4,16,40 num_paths=86 u=128
2026-09-21 13:10:13.011 DEBUG: Squeezed uv,u,v,uv sizes=1280,512,16,5120 num_segments=10,4,16,40 num_paths=86 u=128 v=1 to u,u,,u sizes=1280,512,16,5120 num_segments=10,4,16,40 num_paths=86 u=128
2026-09-21 13:10:13.013 DEBUG: Flattened ijk in uv,iu,jv,kuv+ijk sizes=1280,512,16,5120 num_segments=10,2,4,10 num_paths=10 i={1, 3} j={1, 3, 5, 7} k={1, 3, 5, 7} u=128 v=1: got uv,u,v,uv sizes=1280,512,16,5120 num_segments=10,4,16,40 num_paths=86 u=128 v=1
2026-09-21 13:10:13.014 DEBUG: Flattened ijk in uv,iu,jv,kuv+ijk sizes=1280,512,16,5120 num_segments=10,2,4,10 num_paths=10 i={1, 3} j={1, 3, 5, 7} k={1, 3, 5, 7} u=128 v=1: got uv,u,v,uv sizes=1280,512,16,5120 num_segments=10,4,16,40 num_paths=86 u=128 v=1
2026-09-21 13:10:13.015 DEBUG: Squeezed uv,u,v,uv sizes=1280,512,16,5120 num_segments=10,4,16,40 num_paths=86 u=128 v=1 to u,u,,u sizes=1280,512,16,5120 num_segments=10,4,16,40 num_paths=86 u=128
2026-09-21 13:10:13.016 DEBUG: Squeezed uv,u,v,uv sizes=1280,512,16,5120 num_segments=10,4,16,40 num_paths=86 u=128 v=1 to u,u,,u sizes=1280,512,16,5120 num_segments=10,4,16,40 num_paths=86 u=128
2026-09-21 13:10:13.019 DEBUG: Normalized paths for operand 2 in uv,iu,iv sizes=128,512,1 num_segments=1,2,1 num_paths=1 i={1, 3} u=128 v=1: got uv,iu,iv sizes=128,512,1 num_segments=1,2,1 num_paths=1 i={1, 3} u=128 v=1
2026-09-21 13:10:13.019 DEBUG: Normalized paths for operand 3 in uv,iu,jv,kuv+ijk sizes=1280,512,16,5120 num_segments=10,2,4,10 num_paths=10 i={1, 3} j={1, 3, 5, 7} k={1, 3, 5, 7} u=128 v=1: got uv,iu,jv,kuv+ijk sizes=1280,512,16,5120 num_segments=10,2,4,10 num_paths=10 i={1, 3} j={1, 3, 5, 7} k={1, 3, 5, 7} u=128 v=1
2026-09-21 13:10:13.020 DEBUG: Normalized paths for operand 3 in uv,iu,jv,kuv+ijk sizes=1280,512,16,5120 num_segments=10,2,4,10 num_paths=10 i={1, 3} j={1, 3, 5, 7} k={1, 3, 5, 7} u=128 v=1: got uv,iu,jv,kuv+ijk sizes=1280,512,16,5120 num_segments=10,2,4,10 num_paths=10 i={1, 3} j={1, 3, 5, 7} k={1, 3, 5, 7} u=128 v=1
2026-09-21 13:10:13.022 DEBUG: Flattened ijk in uv,iu,jv,kuv+ijk sizes=1280,512,16,5120 num_segments=10,2,4,10 num_paths=10 i={1, 3} j={1, 3, 5, 7} k={1, 3, 5, 7} u=128 v=1: got uv,u,v,uv sizes=1280,512,16,5120 num_segments=10,4,16,40 num_paths=86 u=128 v=1
2026-09-21 13:10:13.022 DEBUG: Flattened ijk in uv,iu,jv,kuv+ijk sizes=1280,512,16,5120 num_segments=10,2,4,10 num_paths=10 i={1, 3} j={1, 3, 5, 7} k={1, 3, 5, 7} u=128 v=1: got uv,u,v,uv sizes=1280,512,16,5120 num_segments=10,4,16,40 num_paths=86 u=128 v=1
2026-09-21 13:10:13.024 DEBUG: Squeezed uv,u,v,uv sizes=1280,512,16,5120 num_segments=10,4,16,40 num_paths=86 u=128 v=1 to u,u,,u sizes=1280,512,16,5120 num_segments=10,4,16,40 num_paths=86 u=128
2026-09-21 13:10:13.025 DEBUG: Squeezed uv,u,v,uv sizes=1280,512,16,5120 num_segments=10,4,16,40 num_paths=86 u=128 v=1 to u,u,,u sizes=1280,512,16,5120 num_segments=10,4,16,40 num_paths=86 u=128
2026-09-21 13:10:13.027 DEBUG: Flattened ijk in uv,iu,jv,kuv+ijk sizes=1280,512,16,5120 num_segments=10,2,4,10 num_paths=10 i={1, 3} j={1, 3, 5, 7} k={1, 3, 5, 7} u=128 v=1: got uv,u,v,uv sizes=1280,512,16,5120 num_segments=10,4,16,40 num_paths=86 u=128 v=1
2026-09-21 13:10:13.028 DEBUG: Flattened ijk in uv,iu,jv,kuv+ijk sizes=1280,512,16,5120 num_segments=10,2,4,10 num_paths=10 i={1, 3} j={1, 3, 5, 7} k={1, 3, 5, 7} u=128 v=1: got uv,u,v,uv sizes=1280,512,16,5120 num_segments=10,4,16,40 num_paths=86 u=128 v=1
2026-09-21 13:10:13.028 DEBUG: Normalized paths for operand 3 in uv,iu,jv,kuv+ijk sizes=1280,512,16,5120 num_segments=10,2,4,10 num_paths=10 i={1, 3} j={1, 3, 5, 7} k={1, 3, 5, 7} u=128 v=1: got uv,iu,jv,kuv+ijk sizes=1280,512,16,5120 num_segments=10,2,4,10 num_paths=10 i={1, 3} j={1, 3, 5, 7} k={1, 3, 5, 7} u=128 v=1
2026-09-21 13:10:13.030 DEBUG: Squeezed uv,u,v,uv sizes=1280,512,16,5120 num_segments=10,4,16,40 num_paths=86 u=128 v=1 to u,u,,u sizes=1280,512,16,5120 num_segments=10,4,16,40 num_paths=86 u=128
2026-09-21 13:10:13.030 DEBUG: Normalized paths for operand 3 in uv,iu,jv,kuv+ijk sizes=1280,512,16,5120 num_segments=10,2,4,10 num_paths=10 i={1, 3} j={1, 3, 5, 7} k={1, 3, 5, 7} u=128 v=1: got uv,iu,jv,kuv+ijk sizes=1280,512,16,5120 num_segments=10,2,4,10 num_paths=10 i={1, 3} j={1, 3, 5, 7} k={1, 3, 5, 7} u=128 v=1
2026-09-21 13:10:13.030 DEBUG: Normalized paths for operand 2 in uv,iu,iv sizes=32768,512,512 num_segments=2,2,2 num_paths=2 i={1, 3} u=128 v=128: got uv,iu,iv sizes=32768,512,512 num_segments=2,2,2 num_paths=2 i={1, 3} u=128 v=128
2026-09-21 13:10:13.030 DEBUG: Squeezed uv,u,v,uv sizes=1280,512,16,5120 num_segments=10,4,16,40 num_paths=86 u=128 v=1 to u,u,,u sizes=1280,512,16,5120 num_segments=10,4,16,40 num_paths=86 u=128
2026-09-21 13:10:13.031 DEBUG: Flattened ijk in uv,iu,jv,kuv+ijk sizes=1280,512,16,5120 num_segments=10,2,4,10 num_paths=10 i={1, 3} j={1, 3, 5, 7} k={1, 3, 5, 7} u=128 v=1: got uv,u,v,uv sizes=1280,512,16,5120 num_segments=10,4,16,40 num_paths=86 u=128 v=1
2026-09-21 13:10:13.031 DEBUG: Normalized paths for operand 3 in uv,iu,jv,kuv+ijk sizes=1280,512,16,5120 num_segments=10,2,4,10 num_paths=10 i={1, 3} j={1, 3, 5, 7} k={1, 3, 5, 7} u=128 v=1: got uv,iu,jv,kuv+ijk sizes=1280,512,16,5120 num_segments=10,2,4,10 num_paths=10 i={1, 3} j={1, 3, 5, 7} k={1, 3, 5, 7} u=128 v=1
2026-09-21 13:10:13.032 DEBUG: Flattened ijk in uv,iu,jv,kuv+ijk sizes=1280,512,16,5120 num_segments=10,2,4,10 num_paths=10 i={1, 3} j={1, 3, 5, 7} k={1, 3, 5, 7} u=128 v=1: got uv,u,v,uv sizes=1280,512,16,5120 num_segments=10,4,16,40 num_paths=86 u=128 v=1
2026-09-21 13:10:13.033 DEBUG: Squeezed uv,u,v,uv sizes=1280,512,16,5120 num_segments=10,4,16,40 num_paths=86 u=128 v=1 to u,u,,u sizes=1280,512,16,5120 num_segments=10,4,16,40 num_paths=86 u=128
2026-09-21 13:10:13.033 DEBUG: Flattened ijk in uv,iu,jv,kuv+ijk sizes=1280,512,16,5120 num_segments=10,2,4,10 num_paths=10 i={1, 3} j={1, 3, 5, 7} k={1, 3, 5, 7} u=128 v=1: got uv,u,v,uv sizes=1280,512,16,5120 num_segments=10,4,16,40 num_paths=86 u=128 v=1
2026-09-21 13:10:13.034 DEBUG: Squeezed uv,u,v,uv sizes=1280,512,16,5120 num_segments=10,4,16,40 num_paths=86 u=128 v=1 to u,u,,u sizes=1280,512,16,5120 num_segments=10,4,16,40 num_paths=86 u=128
2026-09-21 13:10:13.036 DEBUG: Squeezed uv,u,v,uv sizes=1280,512,16,5120 num_segments=10,4,16,40 num_paths=86 u=128 v=1 to u,u,,u sizes=1280,512,16,5120 num_segments=10,4,16,40 num_paths=86 u=128
2026-09-21 13:10:13.036 DEBUG: Flattened ijk in uv,iu,jv,kuv+ijk sizes=1280,512,16,5120 num_segments=10,2,4,10 num_paths=10 i={1, 3} j={1, 3, 5, 7} k={1, 3, 5, 7} u=128 v=1: got uv,u,v,uv sizes=1280,512,16,5120 num_segments=10,4,16,40 num_paths=86 u=128 v=1
2026-09-21 13:10:13.037 DEBUG: Flattened ijk in uv,iu,jv,kuv+ijk sizes=1280,512,16,5120 num_segments=10,2,4,10 num_paths=10 i={1, 3} j={1, 3, 5, 7} k={1, 3, 5, 7} u=128 v=1: got uv,u,v,uv sizes=1280,512,16,5120 num_segments=10,4,16,40 num_paths=86 u=128 v=1
2026-09-21 13:10:13.039 DEBUG: Flattened ijk in uv,iu,jv,kuv+ijk sizes=1280,512,16,5120 num_segments=10,2,4,10 num_paths=10 i={1, 3} j={1, 3, 5, 7} k={1, 3, 5, 7} u=128 v=1: got uv,u,v,uv sizes=1280,512,16,5120 num_segments=10,4,16,40 num_paths=86 u=128 v=1
2026-09-21 13:10:13.039 DEBUG: Squeezed uv,u,v,uv sizes=1280,512,16,5120 num_segments=10,4,16,40 num_paths=86 u=128 v=1 to u,u,,u sizes=1280,512,16,5120 num_segments=10,4,16,40 num_paths=86 u=128
2026-09-21 13:10:13.040 DEBUG: Squeezed uv,u,v,uv sizes=1280,512,16,5120 num_segments=10,4,16,40 num_paths=86 u=128 v=1 to u,u,,u sizes=1280,512,16,5120 num_segments=10,4,16,40 num_paths=86 u=128
2026-09-21 13:10:13.041 DEBUG: Squeezed uv,u,v,uv sizes=1280,512,16,5120 num_segments=10,4,16,40 num_paths=86 u=128 v=1 to u,u,,u sizes=1280,512,16,5120 num_segments=10,4,16,40 num_paths=86 u=128
2026-09-21 13:10:13.045 DEBUG: Normalized paths for operand 2 in uv,iu,iv sizes=163840,5120,2048 num_segments=10,10,4 num_paths=10 i={1, 3, 5, 7} u=128 v=128: got uv,iu,iv sizes=163840,5120,2048 num_segments=10,10,4 num_paths=10 i={1, 3, 5, 7} u=128 v=128
2026-09-21 13:10:13.046 DEBUG: Normalized paths for operand 2 in uv,iu,iv sizes=163840,5120,2048 num_segments=10,10,4 num_paths=10 i={1, 3, 5, 7} u=128 v=128: got uv,iu,iv sizes=163840,5120,2048 num_segments=10,10,4 num_paths=10 i={1, 3, 5, 7} u=128 v=128
2026-09-21 13:10:13.053 DEBUG: Normalized paths for operand 3 in uv,iu,jv,kuv+ijk sizes=1280,512,16,5120 num_segments=10,2,4,10 num_paths=10 i={1, 3} j={1, 3, 5, 7} k={1, 3, 5, 7} u=128 v=1: got uv,iu,jv,kuv+ijk sizes=1280,512,16,5120 num_segments=10,2,4,10 num_paths=10 i={1, 3} j={1, 3, 5, 7} k={1, 3, 5, 7} u=128 v=1
2026-09-21 13:10:13.055 DEBUG: Flattened ijk in uv,iu,jv,kuv+ijk sizes=1280,512,16,5120 num_segments=10,2,4,10 num_paths=10 i={1, 3} j={1, 3, 5, 7} k={1, 3, 5, 7} u=128 v=1: got uv,u,v,uv sizes=1280,512,16,5120 num_segments=10,4,16,40 num_paths=86 u=128 v=1
2026-09-21 13:10:13.057 DEBUG: Squeezed uv,u,v,uv sizes=1280,512,16,5120 num_segments=10,4,16,40 num_paths=86 u=128 v=1 to u,u,,u sizes=1280,512,16,5120 num_segments=10,4,16,40 num_paths=86 u=128
2026-09-21 13:10:13.058 DEBUG: Normalized paths for operand 2 in uv,iu,iv sizes=163840,5120,2048 num_segments=10,10,4 num_paths=10 i={1, 3, 5, 7} u=128 v=128: got uv,iu,iv sizes=163840,5120,2048 num_segments=10,10,4 num_paths=10 i={1, 3, 5, 7} u=128 v=128
2026-09-21 13:10:13.059 DEBUG: Normalized paths for operand 2 in uv,iu,iv sizes=163840,5120,2048 num_segments=10,10,4 num_paths=10 i={1, 3, 5, 7} u=128 v=128: got uv,iu,iv sizes=163840,5120,2048 num_segments=10,10,4 num_paths=10 i={1, 3, 5, 7} u=128 v=128
2026-09-21 13:10:13.060 DEBUG: Flattened ijk in uv,iu,jv,kuv+ijk sizes=1280,512,16,5120 num_segments=10,2,4,10 num_paths=10 i={1, 3} j={1, 3, 5, 7} k={1, 3, 5, 7} u=128 v=1: got uv,u,v,uv sizes=1280,512,16,5120 num_segments=10,4,16,40 num_paths=86 u=128 v=1
2026-09-21 13:10:13.063 DEBUG: Squeezed uv,u,v,uv sizes=1280,512,16,5120 num_segments=10,4,16,40 num_paths=86 u=128 v=1 to u,u,,u sizes=1280,512,16,5120 num_segments=10,4,16,40 num_paths=86 u=128
2026-09-21 13:10:13.067 DEBUG: Normalized paths for operand 2 in uv,iu,iv sizes=163840,5120,2048 num_segments=10,10,4 num_paths=10 i={1, 3, 5, 7} u=128 v=128: got uv,iu,iv sizes=163840,5120,2048 num_segments=10,10,4 num_paths=10 i={1, 3, 5, 7} u=128 v=128
2026-09-21 13:10:13.069 DEBUG: Normalized paths for operand 2 in uv,iu,iv sizes=163840,5120,2048 num_segments=10,10,4 num_paths=10 i={1, 3, 5, 7} u=128 v=128: got uv,iu,iv sizes=163840,5120,2048 num_segments=10,10,4 num_paths=10 i={1, 3, 5, 7} u=128 v=128
2026-09-21 13:10:13.070 DEBUG: Normalized paths for operand 2 in uv,iu,iv sizes=163840,5120,2048 num_segments=10,10,4 num_paths=10 i={1, 3, 5, 7} u=128 v=128: got uv,iu,iv sizes=163840,5120,2048 num_segments=10,10,4 num_paths=10 i={1, 3, 5, 7} u=128 v=128
2026-09-21 13:10:13.092 DEBUG: Normalized paths for operand 2 in uv,iu,iv sizes=163840,5120,2048 num_segments=10,10,4 num_paths=10 i={1, 3, 5, 7} u=128 v=128: got uv,iu,iv sizes=163840,5120,2048 num_segments=10,10,4 num_paths=10 i={1, 3, 5, 7} u=128 v=128
2026-09-21 13:10:13.113 DEBUG: Normalized paths for operand 3 in uvw,iu,jv,kw+ijk sizes=1458176,512,89,128 num_segments=1,2,1,1 num_paths=1 i={1, 3} j=1 k=1 u=128 v=89 w=128: got uvw,iu,jv,kw+ijk sizes=1458176,512,89,128 num_segments=1,2,1,1 num_paths=1 i={1, 3} j=1 k=1 u=128 v=89 w=128
2026-09-21 13:10:13.114 DEBUG: Normalized paths for operand 3 in uvw,iu,jv,kw+ijk sizes=1458176,512,89,128 num_segments=1,2,1,1 num_paths=1 i={1, 3} j=1 k=1 u=128 v=89 w=128: got uvw,iu,jv,kw+ijk sizes=1458176,512,89,128 num_segments=1,2,1,1 num_paths=1 i={1, 3} j=1 k=1 u=128 v=89 w=128
2026-09-21 13:10:13.128 DEBUG: Normalized paths for operand 3 in uvw,iu,jv,kw+ijk sizes=1458176,512,89,128 num_segments=1,2,1,1 num_paths=1 i={1, 3} j=1 k=1 u=128 v=89 w=128: got uvw,iu,jv,kw+ijk sizes=1458176,512,89,128 num_segments=1,2,1,1 num_paths=1 i={1, 3} j=1 k=1 u=128 v=89 w=128
2026-09-21 13:10:13.128 DEBUG: Normalized paths for operand 3 in uvw,iu,jv,kw+ijk sizes=1458176,512,89,128 num_segments=1,2,1,1 num_paths=1 i={1, 3} j=1 k=1 u=128 v=89 w=128: got uvw,iu,jv,kw+ijk sizes=1458176,512,89,128 num_segments=1,2,1,1 num_paths=1 i={1, 3} j=1 k=1 u=128 v=89 w=128
2026-09-21 13:10:13.132 DEBUG: Normalized paths for operand 3 in uvw,iu,jv,kw+ijk sizes=1458176,512,89,128 num_segments=1,2,1,1 num_paths=1 i={1, 3} j=1 k=1 u=128 v=89 w=128: got uvw,iu,jv,kw+ijk sizes=1458176,512,89,128 num_segments=1,2,1,1 num_paths=1 i={1, 3} j=1 k=1 u=128 v=89 w=128
2026-09-21 13:10:13.136 DEBUG: Normalized paths for operand 3 in uvw,iu,jv,kw+ijk sizes=1458176,512,89,128 num_segments=1,2,1,1 num_paths=1 i={1, 3} j=1 k=1 u=128 v=89 w=128: got uvw,iu,jv,kw+ijk sizes=1458176,512,89,128 num_segments=1,2,1,1 num_paths=1 i={1, 3} j=1 k=1 u=128 v=89 w=128
2026-09-21 13:10:13.136 DEBUG: Normalized paths for operand 3 in uvw,iu,jv,kw+ijk sizes=1458176,512,89,128 num_segments=1,2,1,1 num_paths=1 i={1, 3} j=1 k=1 u=128 v=89 w=128: got uvw,iu,jv,kw+ijk sizes=1458176,512,89,128 num_segments=1,2,1,1 num_paths=1 i={1, 3} j=1 k=1 u=128 v=89 w=128
2026-09-21 13:10:13.160 DEBUG: Normalized paths for operand 3 in uvw,iu,jv,kw+ijk sizes=1458176,512,89,128 num_segments=1,2,1,1 num_paths=1 i={1, 3} j=1 k=1 u=128 v=89 w=128: got uvw,iu,jv,kw+ijk sizes=1458176,512,89,128 num_segments=1,2,1,1 num_paths=1 i={1, 3} j=1 k=1 u=128 v=89 w=128
2026-09-21 13:10:13.177 DEBUG: Flattened abciu in u,a,b,c,i+abcui operands=[(23,)],[(16,)],[(16,)],[(16,)],[(1,)] paths=[op0[0]*op1[0]*op2[0]*op3[0]*op4[0]*c c.shape=(16, 16, 16, 23, 1) c.nnz=276]: got ,,,, sizes=23,16,16,16,1 num_segments=23,16,16,16,1 num_paths=276
2026-09-21 13:10:13.178 DEBUG: Flattened abciu in u,a,b,c,i+abcui operands=[(23,)],[(16,)],[(16,)],[(16,)],[(1,)] paths=[op0[0]*op1[0]*op2[0]*op3[0]*op4[0]*c c.shape=(16, 16, 16, 23, 1) c.nnz=276]: got ,,,, sizes=23,16,16,16,1 num_segments=23,16,16,16,1 num_paths=276
2026-09-21 13:10:13.180 DEBUG: Flattened abiu in u,a,b,i+abui operands=[(4,)],[(16,)],[(16,)],[(1,)] paths=[op0[0]*op1[0]*op2[0]*op3[0]*c c.shape=(16, 16, 4, 1) c.nnz=16]: got ,,, sizes=4,16,16,1 num_segments=4,16,16,1 num_paths=16
2026-09-21 13:10:13.181 DEBUG: Flattened abiu in u,a,b,i+abui operands=[(4,)],[(16,)],[(16,)],[(1,)] paths=[op0[0]*op1[0]*op2[0]*op3[0]*c c.shape=(16, 16, 4, 1) c.nnz=16]: got ,,, sizes=4,16,16,1 num_segments=4,16,16,1 num_paths=16
2026-09-21 13:10:13.182 DEBUG: Flattened aiu in u,a,i+aui operands=[(1,)],[(16,)],[(1,)] paths=[op0[0]*op1[0]*op2[0]*c c.shape=(16, 1, 1) c.nnz=1]: got ,, sizes=1,16,1 num_segments=1,16,1 num_paths=1
2026-09-21 13:10:13.183 DEBUG: Flattened aiu in u,a,i+aui operands=[(1,)],[(16,)],[(1,)] paths=[op0[0]*op1[0]*op2[0]*c c.shape=(16, 1, 1) c.nnz=1]: got ,, sizes=1,16,1 num_segments=1,16,1 num_paths=1
2026-09-21 13:10:13.192 DEBUG: Flattened abciu in u,a,b,c,i+abcui operands=[(23,)],[(16,)],[(16,)],[(16,)],[(1,)] paths=[op0[0]*op1[0]*op2[0]*op3[0]*op4[0]*c c.shape=(16, 16, 16, 23, 1) c.nnz=276]: got ,,,, sizes=23,16,16,16,1 num_segments=23,16,16,16,1 num_paths=276
2026-09-21 13:10:13.193 DEBUG: Flattened abciu in u,a,b,c,i+abcui operands=[(23,)],[(16,)],[(16,)],[(16,)],[(1,)] paths=[op0[0]*op1[0]*op2[0]*op3[0]*op4[0]*c c.shape=(16, 16, 16, 23, 1) c.nnz=276]: got ,,,, sizes=23,16,16,16,1 num_segments=23,16,16,16,1 num_paths=276
2026-09-21 13:10:13.196 DEBUG: Flattened abiu in u,a,b,i+abui operands=[(4,)],[(16,)],[(16,)],[(1,)] paths=[op0[0]*op1[0]*op2[0]*op3[0]*c c.shape=(16, 16, 4, 1) c.nnz=16]: got ,,, sizes=4,16,16,1 num_segments=4,16,16,1 num_paths=16
2026-09-21 13:10:13.196 DEBUG: Flattened abciu in u,a,b,c,i+abcui operands=[(23,)],[(16,)],[(16,)],[(16,)],[(1,)] paths=[op0[0]*op1[0]*op2[0]*op3[0]*op4[0]*c c.shape=(16, 16, 16, 23, 1) c.nnz=276]: got ,,,, sizes=23,16,16,16,1 num_segments=23,16,16,16,1 num_paths=276
2026-09-21 13:10:13.197 DEBUG: Flattened abiu in u,a,b,i+abui operands=[(4,)],[(16,)],[(16,)],[(1,)] paths=[op0[0]*op1[0]*op2[0]*op3[0]*c c.shape=(16, 16, 4, 1) c.nnz=16]: got ,,, sizes=4,16,16,1 num_segments=4,16,16,1 num_paths=16
2026-09-21 13:10:13.198 DEBUG: Flattened aiu in u,a,i+aui operands=[(1,)],[(16,)],[(1,)] paths=[op0[0]*op1[0]*op2[0]*c c.shape=(16, 1, 1) c.nnz=1]: got ,, sizes=1,16,1 num_segments=1,16,1 num_paths=1
2026-09-21 13:10:13.198 DEBUG: Flattened aiu in u,a,i+aui operands=[(1,)],[(16,)],[(1,)] paths=[op0[0]*op1[0]*op2[0]*c c.shape=(16, 1, 1) c.nnz=1]: got ,, sizes=1,16,1 num_segments=1,16,1 num_paths=1
2026-09-21 13:10:13.199 DEBUG: Flattened abciu in u,a,b,c,i+abcui operands=[(23,)],[(16,)],[(16,)],[(16,)],[(1,)] paths=[op0[0]*op1[0]*op2[0]*op3[0]*op4[0]*c c.shape=(16, 16, 16, 23, 1) c.nnz=276]: got ,,,, sizes=23,16,16,16,1 num_segments=23,16,16,16,1 num_paths=276
2026-09-21 13:10:13.200 DEBUG: Flattened abciu in u,a,b,c,i+abcui operands=[(23,)],[(16,)],[(16,)],[(16,)],[(1,)] paths=[op0[0]*op1[0]*op2[0]*op3[0]*op4[0]*c c.shape=(16, 16, 16, 23, 1) c.nnz=276]: got ,,,, sizes=23,16,16,16,1 num_segments=23,16,16,16,1 num_paths=276
2026-09-21 13:10:13.200 DEBUG: Flattened abiu in u,a,b,i+abui operands=[(4,)],[(16,)],[(16,)],[(1,)] paths=[op0[0]*op1[0]*op2[0]*op3[0]*c c.shape=(16, 16, 4, 1) c.nnz=16]: got ,,, sizes=4,16,16,1 num_segments=4,16,16,1 num_paths=16
2026-09-21 13:10:13.202 DEBUG: Flattened aiu in u,a,i+aui operands=[(1,)],[(16,)],[(1,)] paths=[op0[0]*op1[0]*op2[0]*c c.shape=(16, 1, 1) c.nnz=1]: got ,, sizes=1,16,1 num_segments=1,16,1 num_paths=1
2026-09-21 13:10:13.203 DEBUG: Flattened abiu in u,a,b,i+abui operands=[(4,)],[(16,)],[(16,)],[(1,)] paths=[op0[0]*op1[0]*op2[0]*op3[0]*c c.shape=(16, 16, 4, 1) c.nnz=16]: got ,,, sizes=4,16,16,1 num_segments=4,16,16,1 num_paths=16
2026-09-21 13:10:13.203 DEBUG: Flattened abiu in u,a,b,i+abui operands=[(4,)],[(16,)],[(16,)],[(1,)] paths=[op0[0]*op1[0]*op2[0]*op3[0]*c c.shape=(16, 16, 4, 1) c.nnz=16]: got ,,, sizes=4,16,16,1 num_segments=4,16,16,1 num_paths=16
2026-09-21 13:10:13.205 DEBUG: Flattened aiu in u,a,i+aui operands=[(1,)],[(16,)],[(1,)] paths=[op0[0]*op1[0]*op2[0]*c c.shape=(16, 1, 1) c.nnz=1]: got ,, sizes=1,16,1 num_segments=1,16,1 num_paths=1
2026-09-21 13:10:13.205 DEBUG: Flattened aiu in u,a,i+aui operands=[(1,)],[(16,)],[(1,)] paths=[op0[0]*op1[0]*op2[0]*c c.shape=(16, 1, 1) c.nnz=1]: got ,, sizes=1,16,1 num_segments=1,16,1 num_paths=1
2026-09-21 13:10:13.207 DEBUG: _reduced_tensor_product_basis (0e+1o+2e+3o,), frozenset({(1, (0,))}), keep_ir=frozenset({0e})
2026-09-21 13:10:13.208 DEBUG: _reduced_tensor_product_basis (0e+1o+2e+3o,), frozenset({(1, (0,))}), keep_ir=frozenset({0e})
2026-09-21 13:10:13.208 DEBUG: Normalized paths for operand 2 in w,a,i+aiw operands=[(1,)],[(16,)],[(1,)] paths=[op0[0]*op1[0]*op2[0]*c c.shape=(16, 1, 1) c.nnz=1]: got w,a,i+aiw operands=[(1,)],[(16,)],[(1,)] paths=[op0[0]*op1[0]*op2[0]*c c.shape=(16, 1, 1) c.nnz=1]
2026-09-21 13:10:13.209 DEBUG: Flattened aiw in w,a,i+aiw operands=[(1,)],[(16,)],[(1,)] paths=[op0[0]*op1[0]*op2[0]*c c.shape=(16, 1, 1) c.nnz=1]: got ,, sizes=1,16,1 num_segments=1,16,1 num_paths=1
2026-09-21 13:10:13.209 DEBUG: Normalized paths for operand 2 in w,a,i+aiw operands=[(1,)],[(16,)],[(1,)] paths=[op0[0]*op1[0]*op2[0]*c c.shape=(16, 1, 1) c.nnz=1]: got w,a,i+aiw operands=[(1,)],[(16,)],[(1,)] paths=[op0[0]*op1[0]*op2[0]*c c.shape=(16, 1, 1) c.nnz=1]
2026-09-21 13:10:13.209 DEBUG: _reduced_tensor_product_basis (0e+1o+2e+3o, 0e+1o+2e+3o), frozenset({(1, (0, 1)), (1, (1, 0))}), keep_ir=frozenset({0e}), use _optimized_reduced_symmetric_tensor_product_basis
2026-09-21 13:10:13.210 DEBUG: _reduced_tensor_product_basis (0e,), frozenset({(1, (0,))}), keep_ir=frozenset({0e, 1o, 3o, 2e})
2026-09-21 13:10:13.210 DEBUG: Flattened aiw in w,a,i+aiw operands=[(1,)],[(16,)],[(1,)] paths=[op0[0]*op1[0]*op2[0]*c c.shape=(16, 1, 1) c.nnz=1]: got ,, sizes=1,16,1 num_segments=1,16,1 num_paths=1
2026-09-21 13:10:13.210 DEBUG: _reduced_tensor_product_basis (0e, 0e), frozenset({(1, (0, 1)), (1, (1, 0))}), keep_ir=frozenset({0e})
2026-09-21 13:10:13.211 DEBUG: _reduced_tensor_product_basis (0e+1o+2e+3o, 0e+1o+2e+3o), frozenset({(1, (0, 1)), (1, (1, 0))}), keep_ir=frozenset({0e}), use _optimized_reduced_symmetric_tensor_product_basis
2026-09-21 13:10:13.211 DEBUG: _reduced_tensor_product_basis (0e,), frozenset({(1, (0,))}), keep_ir=frozenset({0e, 1o, 3o, 2e})
2026-09-21 13:10:13.211 DEBUG: _reduced_tensor_product_basis (0e, 0e), frozenset({(1, (0, 1)), (1, (1, 0))}), keep_ir=frozenset({0e})
2026-09-21 13:10:13.211 DEBUG: _reduced_tensor_product_basis (1o,), frozenset({(1, (0,))}), keep_ir=frozenset({0e, 1o, 3o, 2e})
2026-09-21 13:10:13.212 DEBUG: _reduced_tensor_product_basis (1o, 1o), frozenset({(1, (0, 1)), (1, (1, 0))}), keep_ir=frozenset({0e})
2026-09-21 13:10:13.213 DEBUG: _reduced_tensor_product_basis (1o,), frozenset({(1, (0,))}), keep_ir=frozenset({0e, 1o, 3o, 2e})
2026-09-21 13:10:13.213 DEBUG: _reduced_tensor_product_basis (1o, 1o), frozenset({(1, (0, 1)), (1, (1, 0))}), keep_ir=frozenset({0e})
2026-09-21 13:10:13.213 DEBUG: _reduced_tensor_product_basis (2e,), frozenset({(1, (0,))}), keep_ir=frozenset({0e, 1o, 3o, 2e})
2026-09-21 13:10:13.214 DEBUG: _reduced_tensor_product_basis (2e, 2e), frozenset({(1, (0, 1)), (1, (1, 0))}), keep_ir=frozenset({0e})
2026-09-21 13:10:13.214 DEBUG: _reduced_tensor_product_basis (2e,), frozenset({(1, (0,))}), keep_ir=frozenset({0e, 1o, 3o, 2e})
2026-09-21 13:10:13.215 DEBUG: _reduced_tensor_product_basis (2e, 2e), frozenset({(1, (0, 1)), (1, (1, 0))}), keep_ir=frozenset({0e})
2026-09-21 13:10:13.215 DEBUG: _reduced_tensor_product_basis (3o,), frozenset({(1, (0,))}), keep_ir=frozenset({0e, 1o, 3o, 2e})
2026-09-21 13:10:13.215 DEBUG: _reduced_tensor_product_basis (3o, 3o), frozenset({(1, (0, 1)), (1, (1, 0))}), keep_ir=frozenset({0e})
2026-09-21 13:10:13.216 DEBUG: _reduced_tensor_product_basis (3o,), frozenset({(1, (0,))}), keep_ir=frozenset({0e, 1o, 3o, 2e})
2026-09-21 13:10:13.216 DEBUG: _reduced_tensor_product_basis (3o, 3o), frozenset({(1, (0, 1)), (1, (1, 0))}), keep_ir=frozenset({0e})
2026-09-21 13:10:13.220 DEBUG: Normalized paths for operand 3 in w,a,b,i+abiw operands=[(4,)],[(16,)],[(16,)],[(1,)] paths=[op0[0]*op1[0]*op2[0]*op3[0]*c c.shape=(16, 16, 1, 4) c.nnz=16]: got w,a,b,i+abiw operands=[(4,)],[(16,)],[(16,)],[(1,)] paths=[op0[0]*op1[0]*op2[0]*op3[0]*c c.shape=(16, 16, 1, 4) c.nnz=16]
2026-09-21 13:10:13.221 DEBUG: Normalized paths for operand 3 in w,a,b,i+abiw operands=[(4,)],[(16,)],[(16,)],[(1,)] paths=[op0[0]*op1[0]*op2[0]*op3[0]*c c.shape=(16, 16, 1, 4) c.nnz=16]: got w,a,b,i+abiw operands=[(4,)],[(16,)],[(16,)],[(1,)] paths=[op0[0]*op1[0]*op2[0]*op3[0]*c c.shape=(16, 16, 1, 4) c.nnz=16]
2026-09-21 13:10:13.221 DEBUG: Flattened abiw in w,a,b,i+abiw operands=[(4,)],[(16,)],[(16,)],[(1,)] paths=[op0[0]*op1[0]*op2[0]*op3[0]*c c.shape=(16, 16, 1, 4) c.nnz=16]: got ,,, sizes=4,16,16,1 num_segments=4,16,16,1 num_paths=16
2026-09-21 13:10:13.222 DEBUG: _reduced_tensor_product_basis (0e+1o+2e+3o, 0e+1o+2e+3o, 0e+1o+2e+3o), frozenset({(1, (0, 1, 2)), (1, (1, 0, 2)), (1, (2, 0, 1)), (1, (1, 2, 0)), (1, (0, 2, 1)), (1, (2, 1, 0))}), keep_ir=frozenset({0e}), use _optimized_reduced_symmetric_tensor_product_basis
2026-09-21 13:10:13.222 DEBUG: Flattened abiw in w,a,b,i+abiw operands=[(4,)],[(16,)],[(16,)],[(1,)] paths=[op0[0]*op1[0]*op2[0]*op3[0]*c c.shape=(16, 16, 1, 4) c.nnz=16]: got ,,, sizes=4,16,16,1 num_segments=4,16,16,1 num_paths=16
2026-09-21 13:10:13.223 DEBUG: _reduced_tensor_product_basis (0e,), frozenset({(1, (0,))}), keep_ir=frozenset({0e, 2o, 3o, 2e, 3e, 5o, 6e, 1e, 1o, 5e, 4o, 4e})
2026-09-21 13:10:13.223 DEBUG: _reduced_tensor_product_basis (0e+1o+2e+3o,), frozenset({(1, (0,))}), keep_ir=frozenset({0e})
2026-09-21 13:10:13.223 DEBUG: _reduced_tensor_product_basis (0e, 0e), frozenset({(1, (0, 1)), (1, (1, 0))}), keep_ir=frozenset({0e, 1o, 3o, 2e})
2026-09-21 13:10:13.224 DEBUG: _reduced_tensor_product_basis (0e+1o+2e+3o,), frozenset({(1, (0,))}), keep_ir=frozenset({0e})
2026-09-21 13:10:13.223 DEBUG: _reduced_tensor_product_basis (0e+1o+2e+3o, 0e+1o+2e+3o, 0e+1o+2e+3o), frozenset({(1, (0, 1, 2)), (1, (1, 0, 2)), (1, (2, 0, 1)), (1, (1, 2, 0)), (1, (0, 2, 1)), (1, (2, 1, 0))}), keep_ir=frozenset({0e}), use _optimized_reduced_symmetric_tensor_product_basis
2026-09-21 13:10:13.224 DEBUG: _reduced_tensor_product_basis (0e,), frozenset({(1, (0,))}), keep_ir=frozenset({0e, 2o, 3o, 2e, 3e, 5o, 6e, 1e, 1o, 5e, 4o, 4e})
2026-09-21 13:10:13.224 DEBUG: Flattened abciu in u,a,b,c,i+abcui operands=[(23,)],[(16,)],[(16,)],[(16,)],[(1,)] paths=[op0[0]*op1[0]*op2[0]*op3[0]*op4[0]*c c.shape=(16, 16, 16, 23, 1) c.nnz=276]: got ,,,, sizes=23,16,16,16,1 num_segments=23,16,16,16,1 num_paths=276
2026-09-21 13:10:13.224 DEBUG: _reduced_tensor_product_basis (0e, 0e, 0e), frozenset({(1, (0, 1, 2)), (1, (1, 0, 2)), (1, (2, 0, 1)), (1, (1, 2, 0)), (1, (0, 2, 1)), (1, (2, 1, 0))}), keep_ir=frozenset({0e})
2026-09-21 13:10:13.224 DEBUG: Normalized paths for operand 2 in w,a,i+aiw operands=[(1,)],[(16,)],[(1,)] paths=[op0[0]*op1[0]*op2[0]*c c.shape=(16, 1, 1) c.nnz=1]: got w,a,i+aiw operands=[(1,)],[(16,)],[(1,)] paths=[op0[0]*op1[0]*op2[0]*c c.shape=(16, 1, 1) c.nnz=1]
2026-09-21 13:10:13.224 DEBUG: _reduced_tensor_product_basis (0e, 0e), frozenset({(1, (0, 1)), (1, (1, 0))}), keep_ir=frozenset({0e, 1o, 3o, 2e})
2026-09-21 13:10:13.225 DEBUG: Normalized paths for operand 2 in w,a,i+aiw operands=[(1,)],[(16,)],[(1,)] paths=[op0[0]*op1[0]*op2[0]*c c.shape=(16, 1, 1) c.nnz=1]: got w,a,i+aiw operands=[(1,)],[(16,)],[(1,)] paths=[op0[0]*op1[0]*op2[0]*c c.shape=(16, 1, 1) c.nnz=1]
2026-09-21 13:10:13.225 DEBUG: Flattened aiw in w,a,i+aiw operands=[(1,)],[(16,)],[(1,)] paths=[op0[0]*op1[0]*op2[0]*c c.shape=(16, 1, 1) c.nnz=1]: got ,, sizes=1,16,1 num_segments=1,16,1 num_paths=1
2026-09-21 13:10:13.225 DEBUG: Flattened aiw in w,a,i+aiw operands=[(1,)],[(16,)],[(1,)] paths=[op0[0]*op1[0]*op2[0]*c c.shape=(16, 1, 1) c.nnz=1]: got ,, sizes=1,16,1 num_segments=1,16,1 num_paths=1
2026-09-21 13:10:13.226 DEBUG: _reduced_tensor_product_basis (0e+1o+2e+3o, 0e+1o+2e+3o), frozenset({(1, (0, 1)), (1, (1, 0))}), keep_ir=frozenset({0e}), use _optimized_reduced_symmetric_tensor_product_basis
2026-09-21 13:10:13.226 DEBUG: _reduced_tensor_product_basis (0e, 0e, 0e), frozenset({(1, (0, 1, 2)), (1, (1, 0, 2)), (1, (2, 0, 1)), (1, (1, 2, 0)), (1, (0, 2, 1)), (1, (2, 1, 0))}), keep_ir=frozenset({0e})
2026-09-21 13:10:13.226 DEBUG: _reduced_tensor_product_basis (1o,), frozenset({(1, (0,))}), keep_ir=frozenset({0e, 2o, 3o, 2e, 3e, 5o, 6e, 1e, 1o, 5e, 4o, 4e})
2026-09-21 13:10:13.226 DEBUG: _reduced_tensor_product_basis (0e,), frozenset({(1, (0,))}), keep_ir=frozenset({0e, 1o, 3o, 2e})
2026-09-21 13:10:13.226 DEBUG: _reduced_tensor_product_basis (0e+1o+2e+3o, 0e+1o+2e+3o), frozenset({(1, (0, 1)), (1, (1, 0))}), keep_ir=frozenset({0e}), use _optimized_reduced_symmetric_tensor_product_basis
2026-09-21 13:10:13.226 DEBUG: _reduced_tensor_product_basis (1o, 1o), frozenset({(1, (0, 1)), (1, (1, 0))}), keep_ir=frozenset({0e, 1o, 3o, 2e})
2026-09-21 13:10:13.226 DEBUG: _reduced_tensor_product_basis (0e,), frozenset({(1, (0,))}), keep_ir=frozenset({0e, 1o, 3o, 2e})
2026-09-21 13:10:13.227 DEBUG: _reduced_tensor_product_basis (0e, 0e), frozenset({(1, (0, 1)), (1, (1, 0))}), keep_ir=frozenset({0e})
2026-09-21 13:10:13.227 DEBUG: _reduced_tensor_product_basis (0e+1o+2e+3o,), frozenset({(1, (0,))}), keep_ir=frozenset({0e})
2026-09-21 13:10:13.227 DEBUG: _reduced_tensor_product_basis (0e, 0e), frozenset({(1, (0, 1)), (1, (1, 0))}), keep_ir=frozenset({0e})
2026-09-21 13:10:13.227 DEBUG: _reduced_tensor_product_basis (1o,), frozenset({(1, (0,))}), keep_ir=frozenset({0e, 2o, 3o, 2e, 3e, 5o, 6e, 1e, 1o, 5e, 4o, 4e})
2026-09-21 13:10:13.227 DEBUG: _reduced_tensor_product_basis (1o, 1o), frozenset({(1, (0, 1)), (1, (1, 0))}), keep_ir=frozenset({0e, 1o, 3o, 2e})
2026-09-21 13:10:13.228 DEBUG: _reduced_tensor_product_basis (1o,), frozenset({(1, (0,))}), keep_ir=frozenset({0e, 1o, 3o, 2e})
2026-09-21 13:10:13.228 DEBUG: _reduced_tensor_product_basis (1o, 1o, 1o), frozenset({(1, (0, 1, 2)), (1, (1, 0, 2)), (1, (2, 0, 1)), (1, (1, 2, 0)), (1, (0, 2, 1)), (1, (2, 1, 0))}), keep_ir=frozenset({0e})
2026-09-21 13:10:13.228 DEBUG: Normalized paths for operand 2 in w,a,i+aiw operands=[(1,)],[(16,)],[(1,)] paths=[op0[0]*op1[0]*op2[0]*c c.shape=(16, 1, 1) c.nnz=1]: got w,a,i+aiw operands=[(1,)],[(16,)],[(1,)] paths=[op0[0]*op1[0]*op2[0]*c c.shape=(16, 1, 1) c.nnz=1]
2026-09-21 13:10:13.228 DEBUG: Flattened abiu in u,a,b,i+abui operands=[(4,)],[(16,)],[(16,)],[(1,)] paths=[op0[0]*op1[0]*op2[0]*op3[0]*c c.shape=(16, 16, 4, 1) c.nnz=16]: got ,,, sizes=4,16,16,1 num_segments=4,16,16,1 num_paths=16
2026-09-21 13:10:13.228 DEBUG: _reduced_tensor_product_basis (1o, 1o), frozenset({(1, (0, 1)), (1, (1, 0))}), keep_ir=frozenset({1o})
2026-09-21 13:10:13.228 DEBUG: _reduced_tensor_product_basis (1o,), frozenset({(1, (0,))}), keep_ir=frozenset({0e, 1o, 3o, 2e})
2026-09-21 13:10:13.228 DEBUG: _reduced_tensor_product_basis (1o, 1o), frozenset({(1, (0, 1)), (1, (1, 0))}), keep_ir=frozenset({0e})
2026-09-21 13:10:13.229 DEBUG: Flattened aiw in w,a,i+aiw operands=[(1,)],[(16,)],[(1,)] paths=[op0[0]*op1[0]*op2[0]*c c.shape=(16, 1, 1) c.nnz=1]: got ,, sizes=1,16,1 num_segments=1,16,1 num_paths=1
2026-09-21 13:10:13.229 DEBUG: _reduced_tensor_product_basis (1o, 1o), frozenset({(1, (0, 1)), (1, (1, 0))}), keep_ir=frozenset({0e})
2026-09-21 13:10:13.229 DEBUG: _reduced_tensor_product_basis (1o, 1o, 1o), frozenset({(1, (0, 1, 2)), (1, (1, 0, 2)), (1, (2, 0, 1)), (1, (1, 2, 0)), (1, (0, 2, 1)), (1, (2, 1, 0))}), keep_ir=frozenset({0e})
2026-09-21 13:10:13.229 DEBUG: _reduced_tensor_product_basis (0e+1o+2e+3o,), frozenset({(1, (0,))}), keep_ir=frozenset({0e})
2026-09-21 13:10:13.229 DEBUG: _reduced_tensor_product_basis (2e,), frozenset({(1, (0,))}), keep_ir=frozenset({0e, 2o, 3o, 2e, 3e, 5o, 6e, 1e, 1o, 5e, 4o, 4e})
2026-09-21 13:10:13.230 DEBUG: Flattened aiu in u,a,i+aui operands=[(1,)],[(16,)],[(1,)] paths=[op0[0]*op1[0]*op2[0]*c c.shape=(16, 1, 1) c.nnz=1]: got ,, sizes=1,16,1 num_segments=1,16,1 num_paths=1
2026-09-21 13:10:13.229 DEBUG: _reduced_tensor_product_basis (1o, 1o), frozenset({(1, (0, 1)), (1, (1, 0))}), keep_ir=frozenset({1o})
2026-09-21 13:10:13.230 DEBUG: _reduced_tensor_product_basis (2e,), frozenset({(1, (0,))}), keep_ir=frozenset({0e, 1o, 3o, 2e})
2026-09-21 13:10:13.229 DEBUG: _reduced_tensor_product_basis (0e+1o+2e+3o, 0e+1o+2e+3o), frozenset({(1, (0, 1)), (1, (1, 0))}), keep_ir=frozenset({0e}), use _optimized_reduced_symmetric_tensor_product_basis
2026-09-21 13:10:13.230 DEBUG: _reduced_tensor_product_basis (2e, 2e), frozenset({(1, (0, 1)), (1, (1, 0))}), keep_ir=frozenset({0e, 1o, 3o, 2e})
2026-09-21 13:10:13.230 DEBUG: _reduced_tensor_product_basis (2e,), frozenset({(1, (0,))}), keep_ir=frozenset({0e, 1o, 3o, 2e})
2026-09-21 13:10:13.230 DEBUG: _reduced_tensor_product_basis (0e+1o+2e+3o,), frozenset({(1, (0,))}), keep_ir=frozenset({0e})
2026-09-21 13:10:13.230 DEBUG: _reduced_tensor_product_basis (2e, 2e), frozenset({(1, (0, 1)), (1, (1, 0))}), keep_ir=frozenset({0e})
2026-09-21 13:10:13.230 DEBUG: _reduced_tensor_product_basis (0e,), frozenset({(1, (0,))}), keep_ir=frozenset({0e, 1o, 3o, 2e})
2026-09-21 13:10:13.230 DEBUG: _reduced_tensor_product_basis (2e, 2e), frozenset({(1, (0, 1)), (1, (1, 0))}), keep_ir=frozenset({0e})
2026-09-21 13:10:13.231 DEBUG: Normalized paths for operand 2 in w,a,i+aiw operands=[(1,)],[(16,)],[(1,)] paths=[op0[0]*op1[0]*op2[0]*c c.shape=(16, 1, 1) c.nnz=1]: got w,a,i+aiw operands=[(1,)],[(16,)],[(1,)] paths=[op0[0]*op1[0]*op2[0]*c c.shape=(16, 1, 1) c.nnz=1]
2026-09-21 13:10:13.231 DEBUG: _reduced_tensor_product_basis (2e,), frozenset({(1, (0,))}), keep_ir=frozenset({0e, 2o, 3o, 2e, 3e, 5o, 6e, 1e, 1o, 5e, 4o, 4e})
2026-09-21 13:10:13.231 DEBUG: _reduced_tensor_product_basis (0e, 0e), frozenset({(1, (0, 1)), (1, (1, 0))}), keep_ir=frozenset({0e})
2026-09-21 13:10:13.231 DEBUG: _reduced_tensor_product_basis (2e, 2e), frozenset({(1, (0, 1)), (1, (1, 0))}), keep_ir=frozenset({0e, 1o, 3o, 2e})
2026-09-21 13:10:13.231 DEBUG: Flattened aiw in w,a,i+aiw operands=[(1,)],[(16,)],[(1,)] paths=[op0[0]*op1[0]*op2[0]*c c.shape=(16, 1, 1) c.nnz=1]: got ,, sizes=1,16,1 num_segments=1,16,1 num_paths=1
2026-09-21 13:10:13.231 DEBUG: Normalized paths for operand 2 in w,a,i+aiw operands=[(1,)],[(16,)],[(1,)] paths=[op0[0]*op1[0]*op2[0]*c c.shape=(16, 1, 1) c.nnz=1]: got w,a,i+aiw operands=[(1,)],[(16,)],[(1,)] paths=[op0[0]*op1[0]*op2[0]*c c.shape=(16, 1, 1) c.nnz=1]
2026-09-21 13:10:13.231 DEBUG: _reduced_tensor_product_basis (3o,), frozenset({(1, (0,))}), keep_ir=frozenset({0e, 1o, 3o, 2e})
2026-09-21 13:10:13.231 DEBUG: _reduced_tensor_product_basis (2e, 2e, 2e), frozenset({(1, (0, 1, 2)), (1, (1, 0, 2)), (1, (2, 0, 1)), (1, (1, 2, 0)), (1, (0, 2, 1)), (1, (2, 1, 0))}), keep_ir=frozenset({0e})
2026-09-21 13:10:13.232 DEBUG: _reduced_tensor_product_basis (3o,), frozenset({(1, (0,))}), keep_ir=frozenset({0e, 1o, 3o, 2e})
2026-09-21 13:10:13.232 DEBUG: _reduced_tensor_product_basis (0e+1o+2e+3o, 0e+1o+2e+3o), frozenset({(1, (0, 1)), (1, (1, 0))}), keep_ir=frozenset({0e}), use _optimized_reduced_symmetric_tensor_product_basis
2026-09-21 13:10:13.232 DEBUG: Flattened aiw in w,a,i+aiw operands=[(1,)],[(16,)],[(1,)] paths=[op0[0]*op1[0]*op2[0]*c c.shape=(16, 1, 1) c.nnz=1]: got ,, sizes=1,16,1 num_segments=1,16,1 num_paths=1
2026-09-21 13:10:13.232 DEBUG: _reduced_tensor_product_basis (3o, 3o), frozenset({(1, (0, 1)), (1, (1, 0))}), keep_ir=frozenset({0e})
2026-09-21 13:10:13.232 DEBUG: _reduced_tensor_product_basis (2e, 2e), frozenset({(1, (0, 1)), (1, (1, 0))}), keep_ir=frozenset({2e})
2026-09-21 13:10:13.232 DEBUG: _reduced_tensor_product_basis (0e,), frozenset({(1, (0,))}), keep_ir=frozenset({0e, 1o, 3o, 2e})
2026-09-21 13:10:13.232 DEBUG: _reduced_tensor_product_basis (1o,), frozenset({(1, (0,))}), keep_ir=frozenset({0e, 1o, 3o, 2e})
2026-09-21 13:10:13.232 DEBUG: _reduced_tensor_product_basis (3o, 3o), frozenset({(1, (0, 1)), (1, (1, 0))}), keep_ir=frozenset({0e})
2026-09-21 13:10:13.232 DEBUG: _reduced_tensor_product_basis (0e+1o+2e+3o, 0e+1o+2e+3o), frozenset({(1, (0, 1)), (1, (1, 0))}), keep_ir=frozenset({0e}), use _optimized_reduced_symmetric_tensor_product_basis
2026-09-21 13:10:13.233 DEBUG: _reduced_tensor_product_basis (0e, 0e), frozenset({(1, (0, 1)), (1, (1, 0))}), keep_ir=frozenset({0e})
2026-09-21 13:10:13.233 DEBUG: _reduced_tensor_product_basis (1o, 1o), frozenset({(1, (0, 1)), (1, (1, 0))}), keep_ir=frozenset({0e})
2026-09-21 13:10:13.233 DEBUG: _reduced_tensor_product_basis (2e, 2e, 2e), frozenset({(1, (0, 1, 2)), (1, (1, 0, 2)), (1, (2, 0, 1)), (1, (1, 2, 0)), (1, (0, 2, 1)), (1, (2, 1, 0))}), keep_ir=frozenset({0e})
2026-09-21 13:10:13.233 DEBUG: _reduced_tensor_product_basis (0e,), frozenset({(1, (0,))}), keep_ir=frozenset({0e, 1o, 3o, 2e})
2026-09-21 13:10:13.233 DEBUG: _reduced_tensor_product_basis (2e, 2e), frozenset({(1, (0, 1)), (1, (1, 0))}), keep_ir=frozenset({2e})
2026-09-21 13:10:13.233 DEBUG: _reduced_tensor_product_basis (0e, 0e), frozenset({(1, (0, 1)), (1, (1, 0))}), keep_ir=frozenset({0e})
2026-09-21 13:10:13.234 DEBUG: _reduced_tensor_product_basis (1o,), frozenset({(1, (0,))}), keep_ir=frozenset({0e, 1o, 3o, 2e})
2026-09-21 13:10:13.234 DEBUG: _reduced_tensor_product_basis (2e,), frozenset({(1, (0,))}), keep_ir=frozenset({0e, 1o, 3o, 2e})
2026-09-21 13:10:13.234 DEBUG: _reduced_tensor_product_basis (1o, 1o), frozenset({(1, (0, 1)), (1, (1, 0))}), keep_ir=frozenset({0e})
2026-09-21 13:10:13.234 DEBUG: _reduced_tensor_product_basis (3o,), frozenset({(1, (0,))}), keep_ir=frozenset({0e, 2o, 3o, 2e, 3e, 5o, 6e, 1e, 1o, 5e, 4o, 4e})
2026-09-21 13:10:13.234 DEBUG: _reduced_tensor_product_basis (2e, 2e), frozenset({(1, (0, 1)), (1, (1, 0))}), keep_ir=frozenset({0e})
2026-09-21 13:10:13.235 DEBUG: _reduced_tensor_product_basis (1o,), frozenset({(1, (0,))}), keep_ir=frozenset({0e, 1o, 3o, 2e})
2026-09-21 13:10:13.235 DEBUG: _reduced_tensor_product_basis (3o, 3o), frozenset({(1, (0, 1)), (1, (1, 0))}), keep_ir=frozenset({0e, 1o, 3o, 2e})
2026-09-21 13:10:13.235 DEBUG: _reduced_tensor_product_basis (1o, 1o), frozenset({(1, (0, 1)), (1, (1, 0))}), keep_ir=frozenset({0e})
2026-09-21 13:10:13.236 DEBUG: _reduced_tensor_product_basis (2e,), frozenset({(1, (0,))}), keep_ir=frozenset({0e, 1o, 3o, 2e})
2026-09-21 13:10:13.235 DEBUG: _reduced_tensor_product_basis (3o,), frozenset({(1, (0,))}), keep_ir=frozenset({0e, 2o, 3o, 2e, 3e, 5o, 6e, 1e, 1o, 5e, 4o, 4e})
2026-09-21 13:10:13.236 DEBUG: _reduced_tensor_product_basis (3o,), frozenset({(1, (0,))}), keep_ir=frozenset({0e, 1o, 3o, 2e})
2026-09-21 13:10:13.236 DEBUG: _reduced_tensor_product_basis (2e, 2e), frozenset({(1, (0, 1)), (1, (1, 0))}), keep_ir=frozenset({0e})
2026-09-21 13:10:13.236 DEBUG: _reduced_tensor_product_basis (3o, 3o), frozenset({(1, (0, 1)), (1, (1, 0))}), keep_ir=frozenset({0e, 1o, 3o, 2e})
2026-09-21 13:10:13.236 DEBUG: _reduced_tensor_product_basis (3o, 3o), frozenset({(1, (0, 1)), (1, (1, 0))}), keep_ir=frozenset({0e})
2026-09-21 13:10:13.236 DEBUG: _reduced_tensor_product_basis (2e,), frozenset({(1, (0,))}), keep_ir=frozenset({0e, 1o, 3o, 2e})
2026-09-21 13:10:13.237 DEBUG: _reduced_tensor_product_basis (3o, 3o, 3o), frozenset({(1, (0, 1, 2)), (1, (1, 0, 2)), (1, (2, 0, 1)), (1, (1, 2, 0)), (1, (0, 2, 1)), (1, (2, 1, 0))}), keep_ir=frozenset({0e})
2026-09-21 13:10:13.237 DEBUG: _reduced_tensor_product_basis (2e, 2e), frozenset({(1, (0, 1)), (1, (1, 0))}), keep_ir=frozenset({0e})
2026-09-21 13:10:13.237 DEBUG: Normalized paths for operand 3 in w,a,b,i+abiw operands=[(4,)],[(16,)],[(16,)],[(1,)] paths=[op0[0]*op1[0]*op2[0]*op3[0]*c c.shape=(16, 16, 1, 4) c.nnz=16]: got w,a,b,i+abiw operands=[(4,)],[(16,)],[(16,)],[(1,)] paths=[op0[0]*op1[0]*op2[0]*op3[0]*c c.shape=(16, 16, 1, 4) c.nnz=16]
2026-09-21 13:10:13.237 DEBUG: _reduced_tensor_product_basis (3o, 3o), frozenset({(1, (0, 1)), (1, (1, 0))}), keep_ir=frozenset({3o})
2026-09-21 13:10:13.237 DEBUG: _reduced_tensor_product_basis (3o,), frozenset({(1, (0,))}), keep_ir=frozenset({0e, 1o, 3o, 2e})
2026-09-21 13:10:13.237 DEBUG: Normalized paths for operand 3 in w,a,b,i+abiw operands=[(4,)],[(16,)],[(16,)],[(1,)] paths=[op0[0]*op1[0]*op2[0]*op3[0]*c c.shape=(16, 16, 1, 4) c.nnz=16]: got w,a,b,i+abiw operands=[(4,)],[(16,)],[(16,)],[(1,)] paths=[op0[0]*op1[0]*op2[0]*op3[0]*c c.shape=(16, 16, 1, 4) c.nnz=16]
2026-09-21 13:10:13.238 DEBUG: _reduced_tensor_product_basis (3o, 3o, 3o), frozenset({(1, (0, 1, 2)), (1, (1, 0, 2)), (1, (2, 0, 1)), (1, (1, 2, 0)), (1, (0, 2, 1)), (1, (2, 1, 0))}), keep_ir=frozenset({0e})
2026-09-21 13:10:13.238 DEBUG: _reduced_tensor_product_basis (3o, 3o), frozenset({(1, (0, 1)), (1, (1, 0))}), keep_ir=frozenset({0e})
2026-09-21 13:10:13.238 DEBUG: _reduced_tensor_product_basis (3o,), frozenset({(1, (0,))}), keep_ir=frozenset({0e, 1o, 3o, 2e})
2026-09-21 13:10:13.238 DEBUG: _reduced_tensor_product_basis (3o, 3o), frozenset({(1, (0, 1)), (1, (1, 0))}), keep_ir=frozenset({3o})
2026-09-21 13:10:13.238 DEBUG: Flattened abiw in w,a,b,i+abiw operands=[(4,)],[(16,)],[(16,)],[(1,)] paths=[op0[0]*op1[0]*op2[0]*op3[0]*c c.shape=(16, 16, 1, 4) c.nnz=16]: got ,,, sizes=4,16,16,1 num_segments=4,16,16,1 num_paths=16
2026-09-21 13:10:13.238 DEBUG: _reduced_tensor_product_basis (3o, 3o), frozenset({(1, (0, 1)), (1, (1, 0))}), keep_ir=frozenset({0e})
2026-09-21 13:10:13.239 DEBUG: Flattened abiw in w,a,b,i+abiw operands=[(4,)],[(16,)],[(16,)],[(1,)] paths=[op0[0]*op1[0]*op2[0]*op3[0]*c c.shape=(16, 16, 1, 4) c.nnz=16]: got ,,, sizes=4,16,16,1 num_segments=4,16,16,1 num_paths=16
2026-09-21 13:10:13.239 DEBUG: _reduced_tensor_product_basis (0e+1o+2e+3o, 0e+1o+2e+3o, 0e+1o+2e+3o), frozenset({(1, (0, 1, 2)), (1, (1, 0, 2)), (1, (2, 0, 1)), (1, (1, 2, 0)), (1, (0, 2, 1)), (1, (2, 1, 0))}), keep_ir=frozenset({0e}), use _optimized_reduced_symmetric_tensor_product_basis
2026-09-21 13:10:13.240 DEBUG: _reduced_tensor_product_basis (0e,), frozenset({(1, (0,))}), keep_ir=frozenset({0e, 2o, 3o, 2e, 3e, 5o, 6e, 1e, 1o, 5e, 4o, 4e})
2026-09-21 13:10:13.240 DEBUG: _reduced_tensor_product_basis (0e+1o+2e+3o, 0e+1o+2e+3o, 0e+1o+2e+3o), frozenset({(1, (0, 1, 2)), (1, (1, 0, 2)), (1, (2, 0, 1)), (1, (1, 2, 0)), (1, (0, 2, 1)), (1, (2, 1, 0))}), keep_ir=frozenset({0e}), use _optimized_reduced_symmetric_tensor_product_basis
2026-09-21 13:10:13.240 DEBUG: _reduced_tensor_product_basis (0e, 0e), frozenset({(1, (0, 1)), (1, (1, 0))}), keep_ir=frozenset({0e, 1o, 3o, 2e})
2026-09-21 13:10:13.240 DEBUG: _reduced_tensor_product_basis (0e,), frozenset({(1, (0,))}), keep_ir=frozenset({0e, 2o, 3o, 2e, 3e, 5o, 6e, 1e, 1o, 5e, 4o, 4e})
2026-09-21 13:10:13.241 DEBUG: _reduced_tensor_product_basis (0e, 0e), frozenset({(1, (0, 1)), (1, (1, 0))}), keep_ir=frozenset({0e, 1o, 3o, 2e})
2026-09-21 13:10:13.241 DEBUG: Normalized paths for operand 3 in w,a,b,i+abiw operands=[(4,)],[(16,)],[(16,)],[(1,)] paths=[op0[0]*op1[0]*op2[0]*op3[0]*c c.shape=(16, 16, 1, 4) c.nnz=16]: got w,a,b,i+abiw operands=[(4,)],[(16,)],[(16,)],[(1,)] paths=[op0[0]*op1[0]*op2[0]*op3[0]*c c.shape=(16, 16, 1, 4) c.nnz=16]
2026-09-21 13:10:13.241 DEBUG: _reduced_tensor_product_basis (0e, 0e, 0e), frozenset({(1, (0, 1, 2)), (1, (1, 0, 2)), (1, (2, 0, 1)), (1, (1, 2, 0)), (1, (0, 2, 1)), (1, (2, 1, 0))}), keep_ir=frozenset({0e})
2026-09-21 13:10:13.242 DEBUG: _reduced_tensor_product_basis (0e, 0e, 0e), frozenset({(1, (0, 1, 2)), (1, (1, 0, 2)), (1, (2, 0, 1)), (1, (1, 2, 0)), (1, (0, 2, 1)), (1, (2, 1, 0))}), keep_ir=frozenset({0e})
2026-09-21 13:10:13.242 DEBUG: Flattened abiw in w,a,b,i+abiw operands=[(4,)],[(16,)],[(16,)],[(1,)] paths=[op0[0]*op1[0]*op2[0]*op3[0]*c c.shape=(16, 16, 1, 4) c.nnz=16]: got ,,, sizes=4,16,16,1 num_segments=4,16,16,1 num_paths=16
2026-09-21 13:10:13.243 DEBUG: _reduced_tensor_product_basis (1o,), frozenset({(1, (0,))}), keep_ir=frozenset({0e, 2o, 3o, 2e, 3e, 5o, 6e, 1e, 1o, 5e, 4o, 4e})
2026-09-21 13:10:13.243 DEBUG: Normalized paths for operand 3 in w,a,b,i+abiw operands=[(4,)],[(16,)],[(16,)],[(1,)] paths=[op0[0]*op1[0]*op2[0]*op3[0]*c c.shape=(16, 16, 1, 4) c.nnz=16]: got w,a,b,i+abiw operands=[(4,)],[(16,)],[(16,)],[(1,)] paths=[op0[0]*op1[0]*op2[0]*op3[0]*c c.shape=(16, 16, 1, 4) c.nnz=16]
2026-09-21 13:10:13.243 DEBUG: _reduced_tensor_product_basis (1o, 1o), frozenset({(1, (0, 1)), (1, (1, 0))}), keep_ir=frozenset({0e, 1o, 3o, 2e})
2026-09-21 13:10:13.243 DEBUG: _reduced_tensor_product_basis (1o,), frozenset({(1, (0,))}), keep_ir=frozenset({0e, 2o, 3o, 2e, 3e, 5o, 6e, 1e, 1o, 5e, 4o, 4e})
2026-09-21 13:10:13.243 DEBUG: _reduced_tensor_product_basis (0e+1o+2e+3o, 0e+1o+2e+3o, 0e+1o+2e+3o), frozenset({(1, (0, 1, 2)), (1, (1, 0, 2)), (1, (2, 0, 1)), (1, (1, 2, 0)), (1, (0, 2, 1)), (1, (2, 1, 0))}), keep_ir=frozenset({0e}), use _optimized_reduced_symmetric_tensor_product_basis
2026-09-21 13:10:13.243 DEBUG: Normalized paths for operand 3 in w,a,b,i+abiw operands=[(4,)],[(16,)],[(16,)],[(1,)] paths=[op0[0]*op1[0]*op2[0]*op3[0]*c c.shape=(16, 16, 1, 4) c.nnz=16]: got w,a,b,i+abiw operands=[(4,)],[(16,)],[(16,)],[(1,)] paths=[op0[0]*op1[0]*op2[0]*op3[0]*c c.shape=(16, 16, 1, 4) c.nnz=16]
2026-09-21 13:10:13.243 DEBUG: _reduced_tensor_product_basis (0e,), frozenset({(1, (0,))}), keep_ir=frozenset({0e, 2o, 3o, 2e, 3e, 5o, 6e, 1e, 1o, 5e, 4o, 4e})
2026-09-21 13:10:13.244 DEBUG: _reduced_tensor_product_basis (1o, 1o), frozenset({(1, (0, 1)), (1, (1, 0))}), keep_ir=frozenset({0e, 1o, 3o, 2e})
2026-09-21 13:10:13.244 DEBUG: Flattened abiw in w,a,b,i+abiw operands=[(4,)],[(16,)],[(16,)],[(1,)] paths=[op0[0]*op1[0]*op2[0]*op3[0]*c c.shape=(16, 16, 1, 4) c.nnz=16]: got ,,, sizes=4,16,16,1 num_segments=4,16,16,1 num_paths=16
2026-09-21 13:10:13.244 DEBUG: _reduced_tensor_product_basis (0e, 0e), frozenset({(1, (0, 1)), (1, (1, 0))}), keep_ir=frozenset({0e, 1o, 3o, 2e})
2026-09-21 13:10:13.245 DEBUG: _reduced_tensor_product_basis (1o, 1o, 1o), frozenset({(1, (0, 1, 2)), (1, (1, 0, 2)), (1, (2, 0, 1)), (1, (1, 2, 0)), (1, (0, 2, 1)), (1, (2, 1, 0))}), keep_ir=frozenset({0e})
2026-09-21 13:10:13.245 DEBUG: Flattened abiw in w,a,b,i+abiw operands=[(4,)],[(16,)],[(16,)],[(1,)] paths=[op0[0]*op1[0]*op2[0]*op3[0]*c c.shape=(16, 16, 1, 4) c.nnz=16]: got ,,, sizes=4,16,16,1 num_segments=4,16,16,1 num_paths=16
2026-09-21 13:10:13.245 DEBUG: _reduced_tensor_product_basis (0e+1o+2e+3o, 0e+1o+2e+3o, 0e+1o+2e+3o), frozenset({(1, (0, 1, 2)), (1, (1, 0, 2)), (1, (2, 0, 1)), (1, (1, 2, 0)), (1, (0, 2, 1)), (1, (2, 1, 0))}), keep_ir=frozenset({0e}), use _optimized_reduced_symmetric_tensor_product_basis
2026-09-21 13:10:13.245 DEBUG: _reduced_tensor_product_basis (1o, 1o), frozenset({(1, (0, 1)), (1, (1, 0))}), keep_ir=frozenset({1o})
2026-09-21 13:10:13.245 DEBUG: _reduced_tensor_product_basis (0e,), frozenset({(1, (0,))}), keep_ir=frozenset({0e, 2o, 3o, 2e, 3e, 5o, 6e, 1e, 1o, 5e, 4o, 4e})
2026-09-21 13:10:13.245 DEBUG: _reduced_tensor_product_basis (0e, 0e, 0e), frozenset({(1, (0, 1, 2)), (1, (1, 0, 2)), (1, (2, 0, 1)), (1, (1, 2, 0)), (1, (0, 2, 1)), (1, (2, 1, 0))}), keep_ir=frozenset({0e})
2026-09-21 13:10:13.245 DEBUG: _reduced_tensor_product_basis (1o, 1o, 1o), frozenset({(1, (0, 1, 2)), (1, (1, 0, 2)), (1, (2, 0, 1)), (1, (1, 2, 0)), (1, (0, 2, 1)), (1, (2, 1, 0))}), keep_ir=frozenset({0e})
2026-09-21 13:10:13.245 DEBUG: _reduced_tensor_product_basis (0e+1o+2e+3o, 0e+1o+2e+3o, 0e+1o+2e+3o), frozenset({(1, (0, 1, 2)), (1, (1, 0, 2)), (1, (2, 0, 1)), (1, (1, 2, 0)), (1, (0, 2, 1)), (1, (2, 1, 0))}), keep_ir=frozenset({0e}), use _optimized_reduced_symmetric_tensor_product_basis
2026-09-21 13:10:13.246 DEBUG: _reduced_tensor_product_basis (0e, 0e), frozenset({(1, (0, 1)), (1, (1, 0))}), keep_ir=frozenset({0e, 1o, 3o, 2e})
2026-09-21 13:10:13.246 DEBUG: _reduced_tensor_product_basis (1o, 1o), frozenset({(1, (0, 1)), (1, (1, 0))}), keep_ir=frozenset({1o})
2026-09-21 13:10:13.246 DEBUG: _reduced_tensor_product_basis (2e,), frozenset({(1, (0,))}), keep_ir=frozenset({0e, 2o, 3o, 2e, 3e, 5o, 6e, 1e, 1o, 5e, 4o, 4e})
2026-09-21 13:10:13.246 DEBUG: _reduced_tensor_product_basis (0e,), frozenset({(1, (0,))}), keep_ir=frozenset({0e, 2o, 3o, 2e, 3e, 5o, 6e, 1e, 1o, 5e, 4o, 4e})
2026-09-21 13:10:13.246 DEBUG: _reduced_tensor_product_basis (1o,), frozenset({(1, (0,))}), keep_ir=frozenset({0e, 2o, 3o, 2e, 3e, 5o, 6e, 1e, 1o, 5e, 4o, 4e})
2026-09-21 13:10:13.247 DEBUG: _reduced_tensor_product_basis (2e, 2e), frozenset({(1, (0, 1)), (1, (1, 0))}), keep_ir=frozenset({0e, 1o, 3o, 2e})
2026-09-21 13:10:13.246 DEBUG: _reduced_tensor_product_basis (0e, 0e), frozenset({(1, (0, 1)), (1, (1, 0))}), keep_ir=frozenset({0e, 1o, 3o, 2e})
2026-09-21 13:10:13.247 DEBUG: _reduced_tensor_product_basis (0e, 0e, 0e), frozenset({(1, (0, 1, 2)), (1, (1, 0, 2)), (1, (2, 0, 1)), (1, (1, 2, 0)), (1, (0, 2, 1)), (1, (2, 1, 0))}), keep_ir=frozenset({0e})
2026-09-21 13:10:13.247 DEBUG: _reduced_tensor_product_basis (2e,), frozenset({(1, (0,))}), keep_ir=frozenset({0e, 2o, 3o, 2e, 3e, 5o, 6e, 1e, 1o, 5e, 4o, 4e})
2026-09-21 13:10:13.247 DEBUG: _reduced_tensor_product_basis (1o, 1o), frozenset({(1, (0, 1)), (1, (1, 0))}), keep_ir=frozenset({0e, 1o, 3o, 2e})
2026-09-21 13:10:13.247 DEBUG: _reduced_tensor_product_basis (2e, 2e), frozenset({(1, (0, 1)), (1, (1, 0))}), keep_ir=frozenset({0e, 1o, 3o, 2e})
2026-09-21 13:10:13.248 DEBUG: _reduced_tensor_product_basis (0e, 0e, 0e), frozenset({(1, (0, 1, 2)), (1, (1, 0, 2)), (1, (2, 0, 1)), (1, (1, 2, 0)), (1, (0, 2, 1)), (1, (2, 1, 0))}), keep_ir=frozenset({0e})
2026-09-21 13:10:13.248 DEBUG: _reduced_tensor_product_basis (1o,), frozenset({(1, (0,))}), keep_ir=frozenset({0e, 2o, 3o, 2e, 3e, 5o, 6e, 1e, 1o, 5e, 4o, 4e})
2026-09-21 13:10:13.248 DEBUG: _reduced_tensor_product_basis (2e, 2e, 2e), frozenset({(1, (0, 1, 2)), (1, (1, 0, 2)), (1, (2, 0, 1)), (1, (1, 2, 0)), (1, (0, 2, 1)), (1, (2, 1, 0))}), keep_ir=frozenset({0e})
2026-09-21 13:10:13.249 DEBUG: _reduced_tensor_product_basis (1o, 1o), frozenset({(1, (0, 1)), (1, (1, 0))}), keep_ir=frozenset({0e, 1o, 3o, 2e})
2026-09-21 13:10:13.248 DEBUG: _reduced_tensor_product_basis (1o, 1o, 1o), frozenset({(1, (0, 1, 2)), (1, (1, 0, 2)), (1, (2, 0, 1)), (1, (1, 2, 0)), (1, (0, 2, 1)), (1, (2, 1, 0))}), keep_ir=frozenset({0e})
2026-09-21 13:10:13.249 DEBUG: _reduced_tensor_product_basis (2e, 2e), frozenset({(1, (0, 1)), (1, (1, 0))}), keep_ir=frozenset({2e})
2026-09-21 13:10:13.249 DEBUG: _reduced_tensor_product_basis (1o, 1o), frozenset({(1, (0, 1)), (1, (1, 0))}), keep_ir=frozenset({1o})
2026-09-21 13:10:13.249 DEBUG: _reduced_tensor_product_basis (2e, 2e, 2e), frozenset({(1, (0, 1, 2)), (1, (1, 0, 2)), (1, (2, 0, 1)), (1, (1, 2, 0)), (1, (0, 2, 1)), (1, (2, 1, 0))}), keep_ir=frozenset({0e})
2026-09-21 13:10:13.249 DEBUG: _reduced_tensor_product_basis (1o,), frozenset({(1, (0,))}), keep_ir=frozenset({0e, 2o, 3o, 2e, 3e, 5o, 6e, 1e, 1o, 5e, 4o, 4e})
2026-09-21 13:10:13.249 DEBUG: _reduced_tensor_product_basis (2e, 2e), frozenset({(1, (0, 1)), (1, (1, 0))}), keep_ir=frozenset({2e})
2026-09-21 13:10:13.250 DEBUG: _reduced_tensor_product_basis (1o, 1o), frozenset({(1, (0, 1)), (1, (1, 0))}), keep_ir=frozenset({0e, 1o, 3o, 2e})
2026-09-21 13:10:13.250 DEBUG: _reduced_tensor_product_basis (2e,), frozenset({(1, (0,))}), keep_ir=frozenset({0e, 2o, 3o, 2e, 3e, 5o, 6e, 1e, 1o, 5e, 4o, 4e})
2026-09-21 13:10:13.250 DEBUG: _reduced_tensor_product_basis (1o, 1o, 1o), frozenset({(1, (0, 1, 2)), (1, (1, 0, 2)), (1, (2, 0, 1)), (1, (1, 2, 0)), (1, (0, 2, 1)), (1, (2, 1, 0))}), keep_ir=frozenset({0e})
2026-09-21 13:10:13.250 DEBUG: _reduced_tensor_product_basis (1o, 1o), frozenset({(1, (0, 1)), (1, (1, 0))}), keep_ir=frozenset({1o})
2026-09-21 13:10:13.250 DEBUG: _reduced_tensor_product_basis (2e, 2e), frozenset({(1, (0, 1)), (1, (1, 0))}), keep_ir=frozenset({0e, 1o, 3o, 2e})
2026-09-21 13:10:13.251 DEBUG: _reduced_tensor_product_basis (3o,), frozenset({(1, (0,))}), keep_ir=frozenset({0e, 2o, 3o, 2e, 3e, 5o, 6e, 1e, 1o, 5e, 4o, 4e})
2026-09-21 13:10:13.251 DEBUG: _reduced_tensor_product_basis (1o, 1o, 1o), frozenset({(1, (0, 1, 2)), (1, (1, 0, 2)), (1, (2, 0, 1)), (1, (1, 2, 0)), (1, (0, 2, 1)), (1, (2, 1, 0))}), keep_ir=frozenset({0e})
2026-09-21 13:10:13.251 DEBUG: _reduced_tensor_product_basis (2e,), frozenset({(1, (0,))}), keep_ir=frozenset({0e, 2o, 3o, 2e, 3e, 5o, 6e, 1e, 1o, 5e, 4o, 4e})
2026-09-21 13:10:13.251 DEBUG: _reduced_tensor_product_basis (3o, 3o), frozenset({(1, (0, 1)), (1, (1, 0))}), keep_ir=frozenset({0e, 1o, 3o, 2e})
2026-09-21 13:10:13.251 DEBUG: _reduced_tensor_product_basis (1o, 1o), frozenset({(1, (0, 1)), (1, (1, 0))}), keep_ir=frozenset({1o})
2026-09-21 13:10:13.252 DEBUG: _reduced_tensor_product_basis (3o,), frozenset({(1, (0,))}), keep_ir=frozenset({0e, 2o, 3o, 2e, 3e, 5o, 6e, 1e, 1o, 5e, 4o, 4e})
2026-09-21 13:10:13.252 DEBUG: _reduced_tensor_product_basis (2e, 2e), frozenset({(1, (0, 1)), (1, (1, 0))}), keep_ir=frozenset({0e, 1o, 3o, 2e})
2026-09-21 13:10:13.252 DEBUG: _reduced_tensor_product_basis (3o, 3o), frozenset({(1, (0, 1)), (1, (1, 0))}), keep_ir=frozenset({0e, 1o, 3o, 2e})
2026-09-21 13:10:13.252 DEBUG: _reduced_tensor_product_basis (2e, 2e, 2e), frozenset({(1, (0, 1, 2)), (1, (1, 0, 2)), (1, (2, 0, 1)), (1, (1, 2, 0)), (1, (0, 2, 1)), (1, (2, 1, 0))}), keep_ir=frozenset({0e})
2026-09-21 13:10:13.252 DEBUG: _reduced_tensor_product_basis (2e, 2e), frozenset({(1, (0, 1)), (1, (1, 0))}), keep_ir=frozenset({2e})
2026-09-21 13:10:13.253 DEBUG: _reduced_tensor_product_basis (2e,), frozenset({(1, (0,))}), keep_ir=frozenset({0e, 2o, 3o, 2e, 3e, 5o, 6e, 1e, 1o, 5e, 4o, 4e})
2026-09-21 13:10:13.253 DEBUG: _reduced_tensor_product_basis (2e, 2e), frozenset({(1, (0, 1)), (1, (1, 0))}), keep_ir=frozenset({0e, 1o, 3o, 2e})
2026-09-21 13:10:13.253 DEBUG: _reduced_tensor_product_basis (3o, 3o, 3o), frozenset({(1, (0, 1, 2)), (1, (1, 0, 2)), (1, (2, 0, 1)), (1, (1, 2, 0)), (1, (0, 2, 1)), (1, (2, 1, 0))}), keep_ir=frozenset({0e})
2026-09-21 13:10:13.254 DEBUG: _reduced_tensor_product_basis (2e, 2e, 2e), frozenset({(1, (0, 1, 2)), (1, (1, 0, 2)), (1, (2, 0, 1)), (1, (1, 2, 0)), (1, (0, 2, 1)), (1, (2, 1, 0))}), keep_ir=frozenset({0e})
2026-09-21 13:10:13.254 DEBUG: _reduced_tensor_product_basis (3o, 3o), frozenset({(1, (0, 1)), (1, (1, 0))}), keep_ir=frozenset({3o})
2026-09-21 13:10:13.254 DEBUG: _reduced_tensor_product_basis (2e, 2e), frozenset({(1, (0, 1)), (1, (1, 0))}), keep_ir=frozenset({2e})
2026-09-21 13:10:13.254 DEBUG: _reduced_tensor_product_basis (3o, 3o, 3o), frozenset({(1, (0, 1, 2)), (1, (1, 0, 2)), (1, (2, 0, 1)), (1, (1, 2, 0)), (1, (0, 2, 1)), (1, (2, 1, 0))}), keep_ir=frozenset({0e})
2026-09-21 13:10:13.254 DEBUG: _reduced_tensor_product_basis (3o, 3o), frozenset({(1, (0, 1)), (1, (1, 0))}), keep_ir=frozenset({3o})
2026-09-21 13:10:13.255 DEBUG: _reduced_tensor_product_basis (0e+1o+2e+3o,), frozenset({(1, (0,))}), keep_ir=frozenset({0e})
2026-09-21 13:10:13.255 DEBUG: _reduced_tensor_product_basis (3o,), frozenset({(1, (0,))}), keep_ir=frozenset({0e, 2o, 3o, 2e, 3e, 5o, 6e, 1e, 1o, 5e, 4o, 4e})
2026-09-21 13:10:13.255 DEBUG: _reduced_tensor_product_basis (2e, 2e, 2e), frozenset({(1, (0, 1, 2)), (1, (1, 0, 2)), (1, (2, 0, 1)), (1, (1, 2, 0)), (1, (0, 2, 1)), (1, (2, 1, 0))}), keep_ir=frozenset({0e})
2026-09-21 13:10:13.255 DEBUG: _reduced_tensor_product_basis (3o, 3o), frozenset({(1, (0, 1)), (1, (1, 0))}), keep_ir=frozenset({0e, 1o, 3o, 2e})
2026-09-21 13:10:13.255 DEBUG: _reduced_tensor_product_basis (2e, 2e), frozenset({(1, (0, 1)), (1, (1, 0))}), keep_ir=frozenset({2e})
2026-09-21 13:10:13.256 DEBUG: Normalized paths for operand 2 in w,a,i+aiw operands=[(1,)],[(16,)],[(1,)] paths=[op0[0]*op1[0]*op2[0]*c c.shape=(16, 1, 1) c.nnz=1]: got w,a,i+aiw operands=[(1,)],[(16,)],[(1,)] paths=[op0[0]*op1[0]*op2[0]*c c.shape=(16, 1, 1) c.nnz=1]
2026-09-21 13:10:13.256 DEBUG: _reduced_tensor_product_basis (3o,), frozenset({(1, (0,))}), keep_ir=frozenset({0e, 2o, 3o, 2e, 3e, 5o, 6e, 1e, 1o, 5e, 4o, 4e})
2026-09-21 13:10:13.257 DEBUG: Flattened aiw in w,a,i+aiw operands=[(1,)],[(16,)],[(1,)] paths=[op0[0]*op1[0]*op2[0]*c c.shape=(16, 1, 1) c.nnz=1]: got ,, sizes=1,16,1 num_segments=1,16,1 num_paths=1
2026-09-21 13:10:13.257 DEBUG: _reduced_tensor_product_basis (3o, 3o), frozenset({(1, (0, 1)), (1, (1, 0))}), keep_ir=frozenset({0e, 1o, 3o, 2e})
2026-09-21 13:10:13.257 DEBUG: _reduced_tensor_product_basis (3o, 3o, 3o), frozenset({(1, (0, 1, 2)), (1, (1, 0, 2)), (1, (2, 0, 1)), (1, (1, 2, 0)), (1, (0, 2, 1)), (1, (2, 1, 0))}), keep_ir=frozenset({0e})
2026-09-21 13:10:13.257 DEBUG: _reduced_tensor_product_basis (0e+1o+2e+3o, 0e+1o+2e+3o), frozenset({(1, (0, 1)), (1, (1, 0))}), keep_ir=frozenset({0e}), use _optimized_reduced_symmetric_tensor_product_basis
2026-09-21 13:10:13.257 DEBUG: _reduced_tensor_product_basis (3o, 3o), frozenset({(1, (0, 1)), (1, (1, 0))}), keep_ir=frozenset({3o})
2026-09-21 13:10:13.258 DEBUG: _reduced_tensor_product_basis (0e,), frozenset({(1, (0,))}), keep_ir=frozenset({0e, 1o, 3o, 2e})
2026-09-21 13:10:13.258 DEBUG: _reduced_tensor_product_basis (3o,), frozenset({(1, (0,))}), keep_ir=frozenset({0e, 2o, 3o, 2e, 3e, 5o, 6e, 1e, 1o, 5e, 4o, 4e})
2026-09-21 13:10:13.258 DEBUG: _reduced_tensor_product_basis (0e, 0e), frozenset({(1, (0, 1)), (1, (1, 0))}), keep_ir=frozenset({0e})
2026-09-21 13:10:13.258 DEBUG: _reduced_tensor_product_basis (3o, 3o, 3o), frozenset({(1, (0, 1, 2)), (1, (1, 0, 2)), (1, (2, 0, 1)), (1, (1, 2, 0)), (1, (0, 2, 1)), (1, (2, 1, 0))}), keep_ir=frozenset({0e})
2026-09-21 13:10:13.258 DEBUG: _reduced_tensor_product_basis (3o, 3o), frozenset({(1, (0, 1)), (1, (1, 0))}), keep_ir=frozenset({0e, 1o, 3o, 2e})
2026-09-21 13:10:13.259 DEBUG: _reduced_tensor_product_basis (3o, 3o), frozenset({(1, (0, 1)), (1, (1, 0))}), keep_ir=frozenset({3o})
2026-09-21 13:10:13.259 DEBUG: _reduced_tensor_product_basis (1o,), frozenset({(1, (0,))}), keep_ir=frozenset({0e, 1o, 3o, 2e})
2026-09-21 13:10:13.260 DEBUG: _reduced_tensor_product_basis (1o, 1o), frozenset({(1, (0, 1)), (1, (1, 0))}), keep_ir=frozenset({0e})
2026-09-21 13:10:13.260 DEBUG: _reduced_tensor_product_basis (3o, 3o, 3o), frozenset({(1, (0, 1, 2)), (1, (1, 0, 2)), (1, (2, 0, 1)), (1, (1, 2, 0)), (1, (0, 2, 1)), (1, (2, 1, 0))}), keep_ir=frozenset({0e})
2026-09-21 13:10:13.261 DEBUG: _reduced_tensor_product_basis (3o, 3o), frozenset({(1, (0, 1)), (1, (1, 0))}), keep_ir=frozenset({3o})
2026-09-21 13:10:13.261 DEBUG: _reduced_tensor_product_basis (2e,), frozenset({(1, (0,))}), keep_ir=frozenset({0e, 1o, 3o, 2e})
2026-09-21 13:10:13.261 DEBUG: Normalized paths for operand 4 in w,a,b,c,i+abciw operands=[(8,)],[(16,)],[(16,)],[(16,)],[(1,)] paths=[op0[0]*op1[0]*op2[0]*op3[0]*op4[0]*c c.shape=(16, 16, 16, 1, 8) c.nnz=353]: got w,a,b,c,i+abciw operands=[(8,)],[(16,)],[(16,)],[(16,)],[(1,)] paths=[op0[0]*op1[0]*op2[0]*op3[0]*op4[0]*c c.shape=(16, 16, 16, 1, 8) c.nnz=353]
2026-09-21 13:10:13.262 DEBUG: _reduced_tensor_product_basis (2e, 2e), frozenset({(1, (0, 1)), (1, (1, 0))}), keep_ir=frozenset({0e})
2026-09-21 13:10:13.263 DEBUG: _reduced_tensor_product_basis (3o,), frozenset({(1, (0,))}), keep_ir=frozenset({0e, 1o, 3o, 2e})
2026-09-21 13:10:13.263 DEBUG: Normalized paths for operand 4 in w,a,b,c,i+abciw operands=[(8,)],[(16,)],[(16,)],[(16,)],[(1,)] paths=[op0[0]*op1[0]*op2[0]*op3[0]*op4[0]*c c.shape=(16, 16, 16, 1, 8) c.nnz=353]: got w,a,b,c,i+abciw operands=[(8,)],[(16,)],[(16,)],[(16,)],[(1,)] paths=[op0[0]*op1[0]*op2[0]*op3[0]*op4[0]*c c.shape=(16, 16, 16, 1, 8) c.nnz=353]
2026-09-21 13:10:13.263 DEBUG: _reduced_tensor_product_basis (3o, 3o), frozenset({(1, (0, 1)), (1, (1, 0))}), keep_ir=frozenset({0e})
2026-09-21 13:10:13.268 DEBUG: Normalized paths for operand 3 in w,a,b,i+abiw operands=[(4,)],[(16,)],[(16,)],[(1,)] paths=[op0[0]*op1[0]*op2[0]*op3[0]*c c.shape=(16, 16, 1, 4) c.nnz=16]: got w,a,b,i+abiw operands=[(4,)],[(16,)],[(16,)],[(1,)] paths=[op0[0]*op1[0]*op2[0]*op3[0]*c c.shape=(16, 16, 1, 4) c.nnz=16]
2026-09-21 13:10:13.269 DEBUG: Flattened abiw in w,a,b,i+abiw operands=[(4,)],[(16,)],[(16,)],[(1,)] paths=[op0[0]*op1[0]*op2[0]*op3[0]*c c.shape=(16, 16, 1, 4) c.nnz=16]: got ,,, sizes=4,16,16,1 num_segments=4,16,16,1 num_paths=16
2026-09-21 13:10:13.270 DEBUG: _reduced_tensor_product_basis (0e+1o+2e+3o, 0e+1o+2e+3o, 0e+1o+2e+3o), frozenset({(1, (0, 1, 2)), (1, (1, 0, 2)), (1, (2, 0, 1)), (1, (1, 2, 0)), (1, (0, 2, 1)), (1, (2, 1, 0))}), keep_ir=frozenset({0e}), use _optimized_reduced_symmetric_tensor_product_basis
2026-09-21 13:10:13.271 DEBUG: Flattened abciw in w,a,b,c,i+abciw operands=[(8,)],[(16,)],[(16,)],[(16,)],[(1,)] paths=[op0[0]*op1[0]*op2[0]*op3[0]*op4[0]*c c.shape=(16, 16, 16, 1, 8) c.nnz=353]: got ,,,, sizes=8,16,16,16,1 num_segments=8,16,16,16,1 num_paths=353
2026-09-21 13:10:13.271 DEBUG: _reduced_tensor_product_basis (0e,), frozenset({(1, (0,))}), keep_ir=frozenset({0e, 2o, 3o, 2e, 3e, 5o, 6e, 1e, 1o, 5e, 4o, 4e})
2026-09-21 13:10:13.271 DEBUG: _reduced_tensor_product_basis (0e, 0e), frozenset({(1, (0, 1)), (1, (1, 0))}), keep_ir=frozenset({0e, 1o, 3o, 2e})
2026-09-21 13:10:13.272 DEBUG: _reduced_tensor_product_basis (0e, 0e, 0e), frozenset({(1, (0, 1, 2)), (1, (1, 0, 2)), (1, (2, 0, 1)), (1, (1, 2, 0)), (1, (0, 2, 1)), (1, (2, 1, 0))}), keep_ir=frozenset({0e})
2026-09-21 13:10:13.272 DEBUG: Flattened abciw in w,a,b,c,i+abciw operands=[(8,)],[(16,)],[(16,)],[(16,)],[(1,)] paths=[op0[0]*op1[0]*op2[0]*op3[0]*op4[0]*c c.shape=(16, 16, 16, 1, 8) c.nnz=353]: got ,,,, sizes=8,16,16,16,1 num_segments=8,16,16,16,1 num_paths=353
2026-09-21 13:10:13.274 DEBUG: _reduced_tensor_product_basis (1o,), frozenset({(1, (0,))}), keep_ir=frozenset({0e, 2o, 3o, 2e, 3e, 5o, 6e, 1e, 1o, 5e, 4o, 4e})
2026-09-21 13:10:13.274 DEBUG: _reduced_tensor_product_basis (1o, 1o), frozenset({(1, (0, 1)), (1, (1, 0))}), keep_ir=frozenset({0e, 1o, 3o, 2e})
2026-09-21 13:10:13.276 DEBUG: _reduced_tensor_product_basis (1o, 1o, 1o), frozenset({(1, (0, 1, 2)), (1, (1, 0, 2)), (1, (2, 0, 1)), (1, (1, 2, 0)), (1, (0, 2, 1)), (1, (2, 1, 0))}), keep_ir=frozenset({0e})
2026-09-21 13:10:13.276 DEBUG: _reduced_tensor_product_basis (1o, 1o), frozenset({(1, (0, 1)), (1, (1, 0))}), keep_ir=frozenset({1o})
2026-09-21 13:10:13.277 DEBUG: _reduced_tensor_product_basis (2e,), frozenset({(1, (0,))}), keep_ir=frozenset({0e, 2o, 3o, 2e, 3e, 5o, 6e, 1e, 1o, 5e, 4o, 4e})
2026-09-21 13:10:13.278 DEBUG: _reduced_tensor_product_basis (2e, 2e), frozenset({(1, (0, 1)), (1, (1, 0))}), keep_ir=frozenset({0e, 1o, 3o, 2e})
2026-09-21 13:10:13.278 DEBUG: Normalized paths for operand 4 in w,a,b,c,i+abciw operands=[(8,)],[(16,)],[(16,)],[(16,)],[(1,)] paths=[op0[0]*op1[0]*op2[0]*op3[0]*op4[0]*c c.shape=(16, 16, 16, 1, 8) c.nnz=353]: got w,a,b,c,i+abciw operands=[(8,)],[(16,)],[(16,)],[(16,)],[(1,)] paths=[op0[0]*op1[0]*op2[0]*op3[0]*op4[0]*c c.shape=(16, 16, 16, 1, 8) c.nnz=353]
2026-09-21 13:10:13.279 DEBUG: Normalized paths for operand 4 in w,a,b,c,i+abciw operands=[(8,)],[(16,)],[(16,)],[(16,)],[(1,)] paths=[op0[0]*op1[0]*op2[0]*op3[0]*op4[0]*c c.shape=(16, 16, 16, 1, 8) c.nnz=353]: got w,a,b,c,i+abciw operands=[(8,)],[(16,)],[(16,)],[(16,)],[(1,)] paths=[op0[0]*op1[0]*op2[0]*op3[0]*op4[0]*c c.shape=(16, 16, 16, 1, 8) c.nnz=353]
2026-09-21 13:10:13.280 DEBUG: _reduced_tensor_product_basis (2e, 2e, 2e), frozenset({(1, (0, 1, 2)), (1, (1, 0, 2)), (1, (2, 0, 1)), (1, (1, 2, 0)), (1, (0, 2, 1)), (1, (2, 1, 0))}), keep_ir=frozenset({0e})
2026-09-21 13:10:13.280 DEBUG: _reduced_tensor_product_basis (2e, 2e), frozenset({(1, (0, 1)), (1, (1, 0))}), keep_ir=frozenset({2e})
2026-09-21 13:10:13.282 DEBUG: Normalized paths for operand 4 in w,a,b,c,i+abciw operands=[(8,)],[(16,)],[(16,)],[(16,)],[(1,)] paths=[op0[0]*op1[0]*op2[0]*op3[0]*op4[0]*c c.shape=(16, 16, 16, 1, 8) c.nnz=353]: got w,a,b,c,i+abciw operands=[(8,)],[(16,)],[(16,)],[(16,)],[(1,)] paths=[op0[0]*op1[0]*op2[0]*op3[0]*op4[0]*c c.shape=(16, 16, 16, 1, 8) c.nnz=353]
2026-09-21 13:10:13.282 DEBUG: _reduced_tensor_product_basis (3o,), frozenset({(1, (0,))}), keep_ir=frozenset({0e, 2o, 3o, 2e, 3e, 5o, 6e, 1e, 1o, 5e, 4o, 4e})
2026-09-21 13:10:13.283 DEBUG: _reduced_tensor_product_basis (3o, 3o), frozenset({(1, (0, 1)), (1, (1, 0))}), keep_ir=frozenset({0e, 1o, 3o, 2e})
2026-09-21 13:10:13.283 DEBUG: Normalized paths for operand 4 in w,a,b,c,i+abciw operands=[(8,)],[(16,)],[(16,)],[(16,)],[(1,)] paths=[op0[0]*op1[0]*op2[0]*op3[0]*op4[0]*c c.shape=(16, 16, 16, 1, 8) c.nnz=353]: got w,a,b,c,i+abciw operands=[(8,)],[(16,)],[(16,)],[(16,)],[(1,)] paths=[op0[0]*op1[0]*op2[0]*op3[0]*op4[0]*c c.shape=(16, 16, 16, 1, 8) c.nnz=353]
2026-09-21 13:10:13.285 DEBUG: _reduced_tensor_product_basis (3o, 3o, 3o), frozenset({(1, (0, 1, 2)), (1, (1, 0, 2)), (1, (2, 0, 1)), (1, (1, 2, 0)), (1, (0, 2, 1)), (1, (2, 1, 0))}), keep_ir=frozenset({0e})
2026-09-21 13:10:13.285 DEBUG: _reduced_tensor_product_basis (3o, 3o), frozenset({(1, (0, 1)), (1, (1, 0))}), keep_ir=frozenset({3o})
2026-09-21 13:10:13.285 DEBUG: Normalized paths for operand 4 in w,a,b,c,i+abciw operands=[(8,)],[(16,)],[(16,)],[(16,)],[(1,)] paths=[op0[0]*op1[0]*op2[0]*op3[0]*op4[0]*c c.shape=(16, 16, 16, 1, 8) c.nnz=353]: got w,a,b,c,i+abciw operands=[(8,)],[(16,)],[(16,)],[(16,)],[(1,)] paths=[op0[0]*op1[0]*op2[0]*op3[0]*op4[0]*c c.shape=(16, 16, 16, 1, 8) c.nnz=353]
2026-09-21 13:10:13.288 DEBUG: Flattened abciw in w,a,b,c,i+abciw operands=[(8,)],[(16,)],[(16,)],[(16,)],[(1,)] paths=[op0[0]*op1[0]*op2[0]*op3[0]*op4[0]*c c.shape=(16, 16, 16, 1, 8) c.nnz=353]: got ,,,, sizes=8,16,16,16,1 num_segments=8,16,16,16,1 num_paths=353
2026-09-21 13:10:13.288 DEBUG: Flattened abciw in w,a,b,c,i+abciw operands=[(8,)],[(16,)],[(16,)],[(16,)],[(1,)] paths=[op0[0]*op1[0]*op2[0]*op3[0]*op4[0]*c c.shape=(16, 16, 16, 1, 8) c.nnz=353]: got ,,,, sizes=8,16,16,16,1 num_segments=8,16,16,16,1 num_paths=353
2026-09-21 13:10:13.292 DEBUG: Flattened abciw in w,a,b,c,i+abciw operands=[(8,)],[(16,)],[(16,)],[(16,)],[(1,)] paths=[op0[0]*op1[0]*op2[0]*op3[0]*op4[0]*c c.shape=(16, 16, 16, 1, 8) c.nnz=353]: got ,,,, sizes=8,16,16,16,1 num_segments=8,16,16,16,1 num_paths=353
2026-09-21 13:10:13.292 DEBUG: Flattened abciw in w,a,b,c,i+abciw operands=[(8,)],[(16,)],[(16,)],[(16,)],[(1,)] paths=[op0[0]*op1[0]*op2[0]*op3[0]*op4[0]*c c.shape=(16, 16, 16, 1, 8) c.nnz=353]: got ,,,, sizes=8,16,16,16,1 num_segments=8,16,16,16,1 num_paths=353
2026-09-21 13:10:13.295 DEBUG: Flattened abciw in w,a,b,c,i+abciw operands=[(8,)],[(16,)],[(16,)],[(16,)],[(1,)] paths=[op0[0]*op1[0]*op2[0]*op3[0]*op4[0]*c c.shape=(16, 16, 16, 1, 8) c.nnz=353]: got ,,,, sizes=8,16,16,16,1 num_segments=8,16,16,16,1 num_paths=353
2026-09-21 13:10:13.309 DEBUG: Normalized paths for operand 4 in w,a,b,c,i+abciw operands=[(8,)],[(16,)],[(16,)],[(16,)],[(1,)] paths=[op0[0]*op1[0]*op2[0]*op3[0]*op4[0]*c c.shape=(16, 16, 16, 1, 8) c.nnz=353]: got w,a,b,c,i+abciw operands=[(8,)],[(16,)],[(16,)],[(16,)],[(1,)] paths=[op0[0]*op1[0]*op2[0]*op3[0]*op4[0]*c c.shape=(16, 16, 16, 1, 8) c.nnz=353]
2026-09-21 13:10:13.319 DEBUG: Flattened abciw in w,a,b,c,i+abciw operands=[(8,)],[(16,)],[(16,)],[(16,)],[(1,)] paths=[op0[0]*op1[0]*op2[0]*op3[0]*op4[0]*c c.shape=(16, 16, 16, 1, 8) c.nnz=353]: got ,,,, sizes=8,16,16,16,1 num_segments=8,16,16,16,1 num_paths=353
2026-09-21 13:10:13.356 DEBUG: Normalized paths for operand 2 in uv,iu,iv operands=[(128, 128)],[(1, 128)],[(1, 128)] paths=[op0[0]*op1[0]*op2[0]*1.]: got uv,iu,iv operands=[(128, 128)],[(1, 128)],[(1, 128)] paths=[op0[0]*op1[0]*op2[0]*0.09]
2026-09-21 13:10:13.359 DEBUG: Normalized paths for operand 2 in uv,iu,iv operands=[(128, 128)],[(1, 128)],[(1, 128)] paths=[op0[0]*op1[0]*op2[0]*1.]: got uv,iu,iv operands=[(128, 128)],[(1, 128)],[(1, 128)] paths=[op0[0]*op1[0]*op2[0]*0.09]
2026-09-21 13:10:13.367 DEBUG: Normalized paths for operand 2 in uv,iu,iv operands=[(128, 16)],[(1, 128)],[(1, 16)] paths=[op0[0]*op1[0]*op2[0]*1.]: got uv,iu,iv operands=[(128, 16)],[(1, 128)],[(1, 16)] paths=[op0[0]*op1[0]*op2[0]*0.09]
2026-09-21 13:10:13.369 DEBUG: Normalized paths for operand 2 in uv,iu,iv operands=[(128, 16)],[(1, 128)],[(1, 16)] paths=[op0[0]*op1[0]*op2[0]*1.]: got uv,iu,iv operands=[(128, 16)],[(1, 128)],[(1, 16)] paths=[op0[0]*op1[0]*op2[0]*0.09]
2026-09-21 13:10:13.377 DEBUG: Normalized paths for operand 2 in uv,iu,iv operands=[(128, 128)],[(1, 128)],[(1, 128)] paths=[op0[0]*op1[0]*op2[0]*1.]: got uv,iu,iv operands=[(128, 128)],[(1, 128)],[(1, 128)] paths=[op0[0]*op1[0]*op2[0]*0.09]
2026-09-21 13:10:13.378 DEBUG: Normalized paths for operand 2 in uv,iu,iv operands=[(128, 128)],[(1, 128)],[(1, 128)] paths=[op0[0]*op1[0]*op2[0]*1.]: got uv,iu,iv operands=[(128, 128)],[(1, 128)],[(1, 128)] paths=[op0[0]*op1[0]*op2[0]*0.09]
2026-09-21 13:10:13.378 DEBUG: Normalized paths for operand 2 in uv,iu,iv operands=[(128, 128)],[(1, 128)],[(1, 128)] paths=[op0[0]*op1[0]*op2[0]*1.]: got uv,iu,iv operands=[(128, 128)],[(1, 128)],[(1, 128)] paths=[op0[0]*op1[0]*op2[0]*0.09]
2026-09-21 13:10:13.381 DEBUG: Normalized paths for operand 2 in uv,iu,iv operands=[(128, 128)],[(1, 128)],[(1, 128)] paths=[op0[0]*op1[0]*op2[0]*1.]: got uv,iu,iv operands=[(128, 128)],[(1, 128)],[(1, 128)] paths=[op0[0]*op1[0]*op2[0]*0.09]
2026-09-21 13:10:13.381 DEBUG: Normalized paths for operand 2 in uv,iu,iv operands=[(128, 128)],[(1, 128)],[(1, 128)] paths=[op0[0]*op1[0]*op2[0]*1.]: got uv,iu,iv operands=[(128, 128)],[(1, 128)],[(1, 128)] paths=[op0[0]*op1[0]*op2[0]*0.09]
2026-09-21 13:10:13.388 DEBUG: Normalized paths for operand 2 in uv,iu,iv operands=[(128, 16)],[(1, 128)],[(1, 16)] paths=[op0[0]*op1[0]*op2[0]*1.]: got uv,iu,iv operands=[(128, 16)],[(1, 128)],[(1, 16)] paths=[op0[0]*op1[0]*op2[0]*0.09]
2026-09-21 13:10:13.388 DEBUG: Normalized paths for operand 2 in uv,iu,iv operands=[(128, 16)],[(1, 128)],[(1, 16)] paths=[op0[0]*op1[0]*op2[0]*1.]: got uv,iu,iv operands=[(128, 16)],[(1, 128)],[(1, 16)] paths=[op0[0]*op1[0]*op2[0]*0.09]
2026-09-21 13:10:13.389 DEBUG: Normalized paths for operand 2 in uv,iu,iv operands=[(128, 16)],[(1, 128)],[(1, 16)] paths=[op0[0]*op1[0]*op2[0]*1.]: got uv,iu,iv operands=[(128, 16)],[(1, 128)],[(1, 16)] paths=[op0[0]*op1[0]*op2[0]*0.09]
2026-09-21 13:10:13.391 DEBUG: Normalized paths for operand 2 in uv,iu,iv operands=[(128, 16)],[(1, 128)],[(1, 16)] paths=[op0[0]*op1[0]*op2[0]*1.]: got uv,iu,iv operands=[(128, 16)],[(1, 128)],[(1, 16)] paths=[op0[0]*op1[0]*op2[0]*0.09]
2026-09-21 13:10:13.391 DEBUG: Normalized paths for operand 2 in uv,iu,iv operands=[(128, 16)],[(1, 128)],[(1, 16)] paths=[op0[0]*op1[0]*op2[0]*1.]: got uv,iu,iv operands=[(128, 16)],[(1, 128)],[(1, 16)] paths=[op0[0]*op1[0]*op2[0]*0.09]
2026-09-21 13:10:13.409 DEBUG: Normalized paths for operand 2 in uv,iu,iv operands=[(128, 128)],[(1, 128)],[(1, 128)] paths=[op0[0]*op1[0]*op2[0]*1.]: got uv,iu,iv operands=[(128, 128)],[(1, 128)],[(1, 128)] paths=[op0[0]*op1[0]*op2[0]*0.09]
2026-09-21 13:10:13.415 DEBUG: Normalized paths for operand 2 in uv,iu,iv operands=[(16, 1)],[(1, 16)],[(1, 1)] paths=[op0[0]*op1[0]*op2[0]*1.]: got uv,iu,iv operands=[(16, 1)],[(1, 16)],[(1, 1)] paths=[op0[0]*op1[0]*op2[0]*0.25]
2026-09-21 13:10:13.415 DEBUG: Normalized paths for operand 2 in uv,iu,iv operands=[(16, 1)],[(1, 16)],[(1, 1)] paths=[op0[0]*op1[0]*op2[0]*1.]: got uv,iu,iv operands=[(16, 1)],[(1, 16)],[(1, 1)] paths=[op0[0]*op1[0]*op2[0]*0.25]
2026-09-21 13:10:13.421 DEBUG: Normalized paths for operand 2 in uv,iu,iv operands=[(128, 16)],[(1, 128)],[(1, 16)] paths=[op0[0]*op1[0]*op2[0]*1.]: got uv,iu,iv operands=[(128, 16)],[(1, 128)],[(1, 16)] paths=[op0[0]*op1[0]*op2[0]*0.09]
2026-09-21 13:10:13.423 DEBUG: Normalized paths for operand 2 in uv,iu,iv operands=[(16, 1)],[(1, 16)],[(1, 1)] paths=[op0[0]*op1[0]*op2[0]*1.]: got uv,iu,iv operands=[(16, 1)],[(1, 16)],[(1, 1)] paths=[op0[0]*op1[0]*op2[0]*0.25]
2026-09-21 13:10:13.425 DEBUG: Normalized paths for operand 2 in uv,iu,iv operands=[(16, 1)],[(1, 16)],[(1, 1)] paths=[op0[0]*op1[0]*op2[0]*1.]: got uv,iu,iv operands=[(16, 1)],[(1, 16)],[(1, 1)] paths=[op0[0]*op1[0]*op2[0]*0.25]
2026-09-21 13:10:13.435 DEBUG: Normalized paths for operand 2 in uv,iu,iv operands=[(16, 1)],[(1, 16)],[(1, 1)] paths=[op0[0]*op1[0]*op2[0]*1.]: got uv,iu,iv operands=[(16, 1)],[(1, 16)],[(1, 1)] paths=[op0[0]*op1[0]*op2[0]*0.25]
2026-09-21 13:10:13.435 DEBUG: Normalized paths for operand 2 in uv,iu,iv operands=[(16, 1)],[(1, 16)],[(1, 1)] paths=[op0[0]*op1[0]*op2[0]*1.]: got uv,iu,iv operands=[(16, 1)],[(1, 16)],[(1, 1)] paths=[op0[0]*op1[0]*op2[0]*0.25]
2026-09-21 13:10:13.435 DEBUG: Normalized paths for operand 2 in uv,iu,iv operands=[(16, 1)],[(1, 16)],[(1, 1)] paths=[op0[0]*op1[0]*op2[0]*1.]: got uv,iu,iv operands=[(16, 1)],[(1, 16)],[(1, 1)] paths=[op0[0]*op1[0]*op2[0]*0.25]
2026-09-21 13:10:13.457 DEBUG: Normalized paths for operand 2 in uv,iu,iv operands=[(16, 1)],[(1, 16)],[(1, 1)] paths=[op0[0]*op1[0]*op2[0]*1.]: got uv,iu,iv operands=[(16, 1)],[(1, 16)],[(1, 1)] paths=[op0[0]*op1[0]*op2[0]*0.25]
2026-09-21 13:10:13.461 WARNING: Cannot find checkpoint with tag 'matpes_vanilla_run-1_stage1' in '/global/u1/t/twarford/dev/mace-scf/fit_matpes_vanilla/checkpoints'
2026-09-21 13:10:13.465 INFO: Using Weights and Biases for logging
2026-09-21 13:10:15.693 DEBUG: Using selector: EpollSelector
2026-09-21 13:10:15.798 DEBUG: Popen(['git', 'version'], cwd=/global/u1/t/twarford/dev/mace-scf, stdin=None, shell=False, universal_newlines=False)
2026-09-21 13:10:15.840 DEBUG: Popen(['git', 'version'], cwd=/global/u1/t/twarford/dev/mace-scf, stdin=None, shell=False, universal_newlines=False)
2026-09-21 13:10:15.850 DEBUG: sys.platform='linux', git_executable='git'
2026-09-21 13:10:15.872 DEBUG: Popen(['git', 'rev-parse', '--show-toplevel'], cwd=/global/u1/t/twarford/dev/mace-scf, stdin=None, shell=False, universal_newlines=False)
2026-09-21 13:10:15.899 DEBUG: sys.platform='linux', git_executable='git'
2026-09-21 13:10:15.915 DEBUG: Popen(['git', 'rev-parse', '--show-toplevel'], cwd=/global/u1/t/twarford/dev/mace-scf, stdin=None, shell=False, universal_newlines=False)
2026-09-21 13:10:16.580 DEBUG: sys.platform='linux', git_executable='git'
2026-09-21 13:10:16.622 DEBUG: Popen(['git', 'cat-file', '--batch-check'], cwd=/global/u1/t/twarford/dev/mace-scf, stdin=<valid stream>, shell=False, universal_newlines=False)
2026-09-21 13:10:17.074 INFO: ScaleShiftMACE(
  (node_embedding): LinearNodeEmbeddingBlock(
    (linear): Linear(
      shared_weights=True, internal_weights=True, weight_numel=11392
      (transpose_in): TransposeIrrepsLayout((mul,irrep) -> (irrep,mul))
      (transpose_out): TransposeIrrepsLayout((irrep,mul) -> (mul,irrep))
      (f): ╭ a=[11392:1⨯(89,128)] b=[89:1⨯(1,89)] -> C=[128:1⨯(1,128)]
      ╰─ []·a[uv]·b[iu]➜C[iv] ─ num_paths=1 i=1 u=89 v=128
      SegmentedPolynomial(
        (m): SegmentedPolynomialNaive(
          (graphs): ModuleList(
            (0): uv,iu,iv operands=[(89, 128)],[(1, 89)],[(1, 128)] paths=[op0[0]*op1[0]*op2[0]*0.11]
          )
        )
      )
    )
  )
  (radial_embedding): RadialEmbeddingBlock(
    (bessel_fn): BesselBasis(r_max=6.0, num_basis=8, trainable=False)
    (cutoff_fn): PolynomialCutoff(p=5, r_max=6.0)
  )
  (spherical_harmonics): SphericalHarmonics()
  (atomic_energies_fn): AtomicEnergiesBlock(energies=[[-1.1226, -0.3264, -0.7757, -0.5551, -1.1720, -2.3715, -4.4272, -3.2208, -2.2467, -1.8759, -2.4792, -2.4601, -3.1361, -4.1042, -5.5835, -5.1176, -4.8081, -4.8155, -5.1620, -4.9644, -7.3758, -7.8935, -9.3993, -11.5861, -11.6215, -9.7512, -8.0696, -7.3389, -6.9637, -7.4430, -8.6153, -10.0014, -11.8352, -11.7871, -11.9432, -12.5313, -13.1690, -13.3079, -16.1772, -16.6864, -17.6851, -20.4363, -19.6789, -18.3052, -18.3000, -18.7791, -18.4786, -19.0430, -20.1819, -21.3641, -23.1477, -23.1499, -23.3107, -23.8042, -24.3370, -25.7295, -25.7773, -26.7084, -28.0313, -30.1213, -31.8333, -34.2069, -37.5057, -37.0964, -35.3633, -35.1880, -34.4916, -33.4559, -32.8742, -33.5067, -33.7524, -38.7215, -40.4544, -43.4215, -45.0100, -44.9550, -45.2173, -45.7835, -47.1755, -48.9105, -51.0973, -53.3368, -56.1998, -65.0857, -67.2282, -70.1083, -74.3543, -78.2411, -82.9346]])
  (interactions): ModuleList(
    (0): RealAgnosticResidualInteractionBlock(
      (linear_up): Linear(
        shared_weights=True, internal_weights=True, weight_numel=16384
        (transpose_in): TransposeIrrepsLayout((mul,irrep) -> (irrep,mul))
        (transpose_out): TransposeIrrepsLayout((irrep,mul) -> (mul,irrep))
        (f): ╭ a=[16384:1⨯(128,128)] b=[128:1⨯(1,128)] -> C=[128:1⨯(1,128)]
        ╰─ []·a[uv]·b[iu]➜C[iv] ─ num_paths=1 i=1 u=128 v=128
        SegmentedPolynomial(
          (m): SegmentedPolynomialNaive(
            (graphs): ModuleList(
              (0): uv,iu,iv operands=[(128, 128)],[(1, 128)],[(1, 128)] paths=[op0[0]*op1[0]*op2[0]*0.09]
            )
          )
        )
      )
      (conv_tp): ChannelWiseTensorProduct(
        shared_weights=False, internal_weights=False, weight_numel=512
        (transpose_in1): TransposeIrrepsLayout((mul,irrep) -> (irrep,mul))
        (transpose_in2): TransposeIrrepsLayout((mul,irrep) -> (irrep,mul))
        (transpose_out): TransposeIrrepsLayout((irrep,mul) -> (mul,irrep))
        (f): ╭ a=[512:4⨯(128,1)] b=[128:1⨯(1,128)] c=[16:(1,1)+(3,1)+(5,1)+...] -> D=[2048:(1,128,1)+(3,128,1)+...]
        ╰─ [ijk]·a[uv]·b[iu]·c[jv]➜D[kuv] ─ num_paths=4 i=1 j={1, 3, 5, 7} k={1, 3, 5, 7} u=128 v=1
        SegmentedPolynomial(
          (m): SegmentedPolynomialFromUniform1dJit()
        )
      )
      (conv_tp_weights): FullyConnectedNet[8, 64, 64, 64, 512]
      (linear): Linear(
        shared_weights=True, internal_weights=True, weight_numel=65536
        (transpose_in): TransposeIrrepsLayout((mul,irrep) -> (irrep,mul))
        (transpose_out): TransposeIrrepsLayout((irrep,mul) -> (mul,irrep))
        (f): ╭ a=[65536:4⨯(128,128)] b=[2048:(1,128)+(3,128)+...] -> C=[2048:(1,128)+(3,128)+...]
        ╰─ []·a[uv]·b[iu]➜C[iv] ─ num_paths=4 i={1, 3, 5, 7} u=128 v=128
        SegmentedPolynomial(
          (m): SegmentedPolynomialNaive(
            (graphs): ModuleList(
              (0): uv,iu,iv sizes=65536,2048,2048 num_segments=4,4,4 num_paths=4 i={1, 3, 5, 7} u=128 v=128
            )
          )
        )
      )
      (skip_tp): FullyConnectedTensorProduct(
        shared_weights=True, internal_weights=True, weight_numel=1458176
        (transpose_in1): TransposeIrrepsLayout((mul,irrep) -> (irrep,mul))
        (transpose_in2): TransposeIrrepsLayout((mul,irrep) -> (irrep,mul))
        (transpose_out): TransposeIrrepsLayout((irrep,mul) -> (mul,irrep))
        (f): ╭ a=[1458176:1⨯(128,89,128)] b=[128:1⨯(1,128)] c=[89:1⨯(1,89)] -> D=[512:(1,128)+(3,128)]
        ╰─ [ijk]·a[uvw]·b[iu]·c[jv]➜D[kw] ─ num_paths=1 i=1 j=1 k={1, 3} u=128 v=89 w=128
        SegmentedPolynomial(
          (m): SegmentedPolynomialNaive(
            (graphs): ModuleList(
              (0): uvw,iu,jv,kw+ijk sizes=1458176,128,89,512 num_segments=1,1,1,2 num_paths=1 i=1 j=1 k={1, 3} u=128 v=89 w=128
            )
          )
        )
      )
      (reshape): reshape_irreps()
    )
    (1): RealAgnosticResidualInteractionBlock(
      (linear_up): Linear(
        shared_weights=True, internal_weights=True, weight_numel=32768
        (transpose_in): TransposeIrrepsLayout((mul,irrep) -> (irrep,mul))
        (transpose_out): TransposeIrrepsLayout((irrep,mul) -> (mul,irrep))
        (f): ╭ a=[32768:2⨯(128,128)] b=[512:(1,128)+(3,128)] -> C=[512:(1,128)+(3,128)]
        ╰─ []·a[uv]·b[iu]➜C[iv] ─ num_paths=2 i={1, 3} u=128 v=128
        SegmentedPolynomial(
          (m): SegmentedPolynomialNaive(
            (graphs): ModuleList(
              (0): uv,iu,iv sizes=32768,512,512 num_segments=2,2,2 num_paths=2 i={1, 3} u=128 v=128
            )
          )
        )
      )
      (conv_tp): ChannelWiseTensorProduct(
        shared_weights=False, internal_weights=False, weight_numel=1280
        (transpose_in1): TransposeIrrepsLayout((mul,irrep) -> (irrep,mul))
        (transpose_in2): TransposeIrrepsLayout((mul,irrep) -> (irrep,mul))
        (transpose_out): TransposeIrrepsLayout((irrep,mul) -> (mul,irrep))
        (f): ╭ a=[1280:10⨯(128,1)] b=[512:(1,128)+(3,128)] c=[16:(1,1)+(3,1)+(5,1)+...] -> D=[5120:(1,128,1)+(1,128,1)+...]
        ╰─ [ijk]·a[uv]·b[iu]·c[jv]➜D[kuv] ─ num_paths=10 i={1, 3} j={1, 3, 5, 7} k={1, 3, 5, 7} u=128 v=1
        SegmentedPolynomial(
          (m): SegmentedPolynomialFromUniform1dJit()
        )
      )
      (conv_tp_weights): FullyConnectedNet[8, 64, 64, 64, 1280]
      (linear): Linear(
        shared_weights=True, internal_weights=True, weight_numel=163840
        (transpose_in): TransposeIrrepsLayout((mul,irrep) -> (irrep,mul))
        (transpose_out): TransposeIrrepsLayout((irrep,mul) -> (mul,irrep))
        (f): ╭ a=[163840:10⨯(128,128)] b=[5120:(1,128)+(1,128)+...] -> C=[2048:(1,128)+(3,128)+...]
        ╰─ []·a[uv]·b[iu]➜C[iv] ─ num_paths=10 i={1, 3, 5, 7} u=128 v=128
        SegmentedPolynomial(
          (m): SegmentedPolynomialNaive(
            (graphs): ModuleList(
              (0): uv,iu,iv sizes=163840,5120,2048 num_segments=10,10,4 num_paths=10 i={1, 3, 5, 7} u=128 v=128
            )
          )
        )
      )
      (skip_tp): FullyConnectedTensorProduct(
        shared_weights=True, internal_weights=True, weight_numel=1458176
        (transpose_in1): TransposeIrrepsLayout((mul,irrep) -> (irrep,mul))
        (transpose_in2): TransposeIrrepsLayout((mul,irrep) -> (irrep,mul))
        (transpose_out): TransposeIrrepsLayout((irrep,mul) -> (mul,irrep))
        (f): ╭ a=[1458176:1⨯(128,89,128)] b=[512:(1,128)+(3,128)] c=[89:1⨯(1,89)] -> D=[128:1⨯(1,128)]
        ╰─ [ijk]·a[uvw]·b[iu]·c[jv]➜D[kw] ─ num_paths=1 i={1, 3} j=1 k=1 u=128 v=89 w=128
        SegmentedPolynomial(
          (m): SegmentedPolynomialNaive(
            (graphs): ModuleList(
              (0): uvw,iu,jv,kw+ijk sizes=1458176,512,89,128 num_segments=1,2,1,1 num_paths=1 i={1, 3} j=1 k=1 u=128 v=89 w=128
            )
          )
        )
      )
      (reshape): reshape_irreps()
    )
  )
  (products): ModuleList(
    (0): EquivariantProductBasisBlock(
      (symmetric_contractions): SymmetricContraction(
        contraction_degree=3, weight_shape=(86, 128)
        (transpose_in): TransposeIrrepsLayout((irrep,mul) -> (irrep,mul))
        (transpose_out): TransposeIrrepsLayout((irrep,mul) -> (mul,irrep))
        (f): ╭ a=[3712:29⨯(128)] b=[2048:16⨯(128)] -> C=[512:4⨯(128)]
        │  []·a[u]·b[u]➜C[u] ─────────── num_paths=4 u=128
        │  []·a[u]·b[u]·b[u]➜C[u] ────── num_paths=86 u=128
        ╰─ []·a[u]·b[u]·b[u]·b[u]➜C[u] ─ num_paths=1949 u=128
        SegmentedPolynomial(
          (m): SegmentedPolynomialFromUniform1dJit()
        )
      )
      (linear): Linear(
        shared_weights=True, internal_weights=True, weight_numel=32768
        (transpose_in): TransposeIrrepsLayout((mul,irrep) -> (irrep,mul))
        (transpose_out): TransposeIrrepsLayout((irrep,mul) -> (mul,irrep))
        (f): ╭ a=[32768:2⨯(128,128)] b=[512:(1,128)+(3,128)] -> C=[512:(1,128)+(3,128)]
        ╰─ []·a[uv]·b[iu]➜C[iv] ─ num_paths=2 i={1, 3} u=128 v=128
        SegmentedPolynomial(
          (m): SegmentedPolynomialNaive(
            (graphs): ModuleList(
              (0): uv,iu,iv sizes=32768,512,512 num_segments=2,2,2 num_paths=2 i={1, 3} u=128 v=128
            )
          )
        )
      )
    )
    (1): EquivariantProductBasisBlock(
      (symmetric_contractions): SymmetricContraction(
        contraction_degree=3, weight_shape=(28, 128)
        (transpose_in): TransposeIrrepsLayout((irrep,mul) -> (irrep,mul))
        (transpose_out): TransposeIrrepsLayout((irrep,mul) -> (mul,irrep))
        (f): ╭ a=[1664:13⨯(128)] b=[2048:16⨯(128)] -> C=[128:1⨯(128)]
        │  []·a[u]·b[u]➜C[u] ─────────── num_paths=1 u=128
        │  []·a[u]·b[u]·b[u]➜C[u] ────── num_paths=16 u=128
        ╰─ []·a[u]·b[u]·b[u]·b[u]➜C[u] ─ num_paths=353 u=128
        SegmentedPolynomial(
          (m): SegmentedPolynomialFromUniform1dJit()
        )
      )
      (linear): Linear(
        shared_weights=True, internal_weights=True, weight_numel=16384
        (transpose_in): TransposeIrrepsLayout((mul,irrep) -> (irrep,mul))
        (transpose_out): TransposeIrrepsLayout((irrep,mul) -> (mul,irrep))
        (f): ╭ a=[16384:1⨯(128,128)] b=[128:1⨯(1,128)] -> C=[128:1⨯(1,128)]
        ╰─ []·a[uv]·b[iu]➜C[iv] ─ num_paths=1 i=1 u=128 v=128
        SegmentedPolynomial(
          (m): SegmentedPolynomialNaive(
            (graphs): ModuleList(
              (0): uv,iu,iv operands=[(128, 128)],[(1, 128)],[(1, 128)] paths=[op0[0]*op1[0]*op2[0]*0.09]
            )
          )
        )
      )
    )
  )
  (readouts): ModuleList(
    (0): LinearReadoutBlock(
      (linear): Linear(
        shared_weights=True, internal_weights=True, weight_numel=128
        (transpose_in): TransposeIrrepsLayout((mul,irrep) -> (irrep,mul))
        (transpose_out): TransposeIrrepsLayout((irrep,mul) -> (mul,irrep))
        (f): ╭ a=[128:1⨯(128,1)] b=[512:(1,128)+(3,128)] -> C=[1:1⨯(1,1)]
        ╰─ []·a[uv]·b[iu]➜C[iv] ─ num_paths=1 i={1, 3} u=128 v=1
        SegmentedPolynomial(
          (m): SegmentedPolynomialNaive(
            (graphs): ModuleList(
              (0): uv,iu,iv sizes=128,512,1 num_segments=1,2,1 num_paths=1 i={1, 3} u=128 v=1
            )
          )
        )
      )
    )
    (1): NonLinearReadoutBlock(
      (linear_1): Linear(
        shared_weights=True, internal_weights=True, weight_numel=2048
        (transpose_in): TransposeIrrepsLayout((mul,irrep) -> (irrep,mul))
        (transpose_out): TransposeIrrepsLayout((irrep,mul) -> (mul,irrep))
        (f): ╭ a=[2048:1⨯(128,16)] b=[128:1⨯(1,128)] -> C=[16:1⨯(1,16)]
        ╰─ []·a[uv]·b[iu]➜C[iv] ─ num_paths=1 i=1 u=128 v=16
        SegmentedPolynomial(
          (m): SegmentedPolynomialNaive(
            (graphs): ModuleList(
              (0): uv,iu,iv operands=[(128, 16)],[(1, 128)],[(1, 16)] paths=[op0[0]*op1[0]*op2[0]*0.09]
            )
          )
        )
      )
      (non_linearity): Activation [x] (16x0e -> 16x0e)
      (linear_2): Linear(
        shared_weights=True, internal_weights=True, weight_numel=16
        (transpose_in): TransposeIrrepsLayout((mul,irrep) -> (irrep,mul))
        (transpose_out): TransposeIrrepsLayout((irrep,mul) -> (mul,irrep))
        (f): ╭ a=[16:1⨯(16,1)] b=[16:1⨯(1,16)] -> C=[1:1⨯(1,1)]
        ╰─ []·a[uv]·b[iu]➜C[iv] ─ num_paths=1 i=1 u=16 v=1
        SegmentedPolynomial(
          (m): SegmentedPolynomialNaive(
            (graphs): ModuleList(
              (0): uv,iu,iv operands=[(16, 1)],[(1, 16)],[(1, 1)] paths=[op0[0]*op1[0]*op2[0]*0.25]
            )
          )
        )
      )
    )
  )
  (scale_shift): ScaleShiftBlock(scale=1.5658, shift=-3.8147)
)
2026-09-21 13:10:17.094 INFO: Number of parameters: 4688400
2026-09-21 13:10:17.095 INFO: Optimizer: Adam (
Parameter Group 0
    amsgrad: True
    betas: (0.9, 0.999)
    capturable: False
    decoupled_weight_decay: False
    differentiable: False
    eps: 1e-08
    foreach: None
    fused: None
    lr: 0.01
    maximize: False
    name: embedding
    weight_decay: 0.0

Parameter Group 1
    amsgrad: True
    betas: (0.9, 0.999)
    capturable: False
    decoupled_weight_decay: False
    differentiable: False
    eps: 1e-08
    foreach: None
    fused: None
    lr: 0.01
    maximize: False
    name: interactions_decay
    weight_decay: 5e-07

Parameter Group 2
    amsgrad: True
    betas: (0.9, 0.999)
    capturable: False
    decoupled_weight_decay: False
    differentiable: False
    eps: 1e-08
    foreach: None
    fused: None
    lr: 0.01
    maximize: False
    name: interactions_no_decay
    weight_decay: 0.0

Parameter Group 3
    amsgrad: True
    betas: (0.9, 0.999)
    capturable: False
    decoupled_weight_decay: False
    differentiable: False
    eps: 1e-08
    foreach: None
    fused: None
    lr: 0.01
    maximize: False
    name: products
    weight_decay: 5e-07

Parameter Group 4
    amsgrad: True
    betas: (0.9, 0.999)
    capturable: False
    decoupled_weight_decay: False
    differentiable: False
    eps: 1e-08
    foreach: None
    fused: None
    lr: 0.01
    maximize: False
    name: readouts
    weight_decay: 0.0
)
2026-09-21 13:10:17.096 INFO: WeightedLoss(energy_per_atom_weight=1.0, forces_weight=100.0, stress_weight=1.0, )
2026-09-21 13:10:17.625 INFO: Setting global learning rate to 0.01
2026-09-21 13:10:17.626 DEBUG: Optimizer: Adam (
Parameter Group 0
    amsgrad: True
    betas: (0.9, 0.999)
    capturable: False
    decoupled_weight_decay: False
    differentiable: False
    eps: 1e-08
    foreach: None
    fused: None
    lr: 0.01
    maximize: False
    name: embedding
    weight_decay: 0.0

Parameter Group 1
    amsgrad: True
    betas: (0.9, 0.999)
    capturable: False
    decoupled_weight_decay: False
    differentiable: False
    eps: 1e-08
    foreach: None
    fused: None
    lr: 0.01
    maximize: False
    name: interactions_decay
    weight_decay: 5e-07

Parameter Group 2
    amsgrad: True
    betas: (0.9, 0.999)
    capturable: False
    decoupled_weight_decay: False
    differentiable: False
    eps: 1e-08
    foreach: None
    fused: None
    lr: 0.01
    maximize: False
    name: interactions_no_decay
    weight_decay: 0.0

Parameter Group 3
    amsgrad: True
    betas: (0.9, 0.999)
    capturable: False
    decoupled_weight_decay: False
    differentiable: False
    eps: 1e-08
    foreach: None
    fused: None
    lr: 0.01
    maximize: False
    name: products
    weight_decay: 5e-07

Parameter Group 4
    amsgrad: True
    betas: (0.9, 0.999)
    capturable: False
    decoupled_weight_decay: False
    differentiable: False
    eps: 1e-08
    foreach: None
    fused: None
    lr: 0.01
    maximize: False
    name: readouts
    weight_decay: 0.0
)
2026-09-21 13:10:17.629 WARNING: Cannot find checkpoint with tag 'matpes_vanilla_run-1_stage1' in '/global/u1/t/twarford/dev/mace-scf/fit_matpes_vanilla/checkpoints'
2026-09-21 13:10:17.637 INFO: Using gradient clipping with tolerance=100.000
2026-09-21 13:10:17.868 DEBUG: Creating converter from 3 to 5
2026-09-21 13:10:17.868 DEBUG: Creating converter from 3 to 5
2026-09-21 13:10:17.868 DEBUG: Creating converter from 3 to 5
2026-09-21 13:10:17.868 DEBUG: Creating converter from 3 to 5
2026-09-21 13:10:17.869 DEBUG: Creating converter from 3 to 5
2026-09-21 13:10:17.868 DEBUG: Creating converter from 3 to 5
2026-09-21 13:10:17.869 DEBUG: Creating converter from 3 to 5
2026-09-21 13:10:17.868 DEBUG: Creating converter from 3 to 5
2026-09-21 13:10:17.869 DEBUG: Creating converter from 3 to 5
2026-09-21 13:10:17.869 DEBUG: Creating converter from 3 to 5
2026-09-21 13:10:17.869 DEBUG: Creating converter from 3 to 5
2026-09-21 13:10:17.869 DEBUG: Creating converter from 3 to 5
2026-09-21 13:10:17.869 DEBUG: Creating converter from 3 to 5
2026-09-21 13:10:17.870 DEBUG: Creating converter from 3 to 5
2026-09-21 13:10:17.869 DEBUG: Creating converter from 3 to 5
2026-09-21 13:10:17.870 DEBUG: Creating converter from 3 to 5
2026-09-21 13:10:17.870 DEBUG: Creating converter from 3 to 5
2026-09-21 13:10:17.871 DEBUG: Creating converter from 3 to 5
2026-09-21 13:10:17.871 DEBUG: Creating converter from 3 to 5
2026-09-21 13:10:17.870 DEBUG: Creating converter from 3 to 5
2026-09-21 13:10:17.871 DEBUG: Creating converter from 3 to 5
2026-09-21 13:10:17.871 DEBUG: Creating converter from 3 to 5
2026-09-21 13:10:17.873 DEBUG: Creating converter from 3 to 5
2026-09-21 13:10:17.881 DEBUG: Creating converter from 3 to 5
2026-09-21 13:10:17.881 DEBUG: Creating converter from 3 to 5
2026-09-21 13:10:17.882 DEBUG: Creating converter from 3 to 5
2026-09-21 13:10:17.881 DEBUG: Creating converter from 3 to 5
2026-09-21 13:10:17.882 DEBUG: Creating converter from 3 to 5
2026-09-21 13:10:17.882 DEBUG: Creating converter from 3 to 5
2026-09-21 13:10:17.882 DEBUG: Creating converter from 3 to 5
2026-09-21 13:10:17.882 DEBUG: Creating converter from 3 to 5
2026-09-21 13:10:17.882 DEBUG: Creating converter from 3 to 5
2026-09-21 13:10:17.885 DEBUG: Creating converter from 3 to 5
2026-09-21 13:10:17.886 DEBUG: Creating converter from 3 to 5
2026-09-21 13:10:17.890 DEBUG: Creating converter from 3 to 5
2026-09-21 13:10:17.891 DEBUG: Creating converter from 3 to 5
2026-09-21 13:10:17.892 DEBUG: Creating converter from 3 to 5
2026-09-21 13:10:17.893 DEBUG: Creating converter from 3 to 5
2026-09-21 13:10:17.893 DEBUG: Creating converter from 3 to 5
2026-09-21 13:10:17.894 DEBUG: Creating converter from 3 to 5
2026-09-21 13:10:17.894 DEBUG: Creating converter from 3 to 5
2026-09-21 13:10:17.894 DEBUG: Creating converter from 3 to 5
2026-09-21 13:10:17.894 DEBUG: Creating converter from 3 to 5
2026-09-21 13:10:17.894 DEBUG: Creating converter from 3 to 5
2026-09-21 13:10:17.895 DEBUG: Creating converter from 3 to 5
2026-09-21 13:10:17.895 DEBUG: Creating converter from 3 to 5
2026-09-21 13:10:17.895 DEBUG: Creating converter from 3 to 5
2026-09-21 13:10:17.895 DEBUG: Creating converter from 3 to 5
2026-09-21 13:10:17.895 DEBUG: Creating converter from 3 to 5
2026-09-21 13:10:17.896 DEBUG: Creating converter from 3 to 5
2026-09-21 13:10:17.896 DEBUG: Creating converter from 3 to 5
2026-09-21 13:10:17.896 DEBUG: Creating converter from 3 to 5
2026-09-21 13:10:17.897 DEBUG: Creating converter from 3 to 5
2026-09-21 13:10:17.900 DEBUG: Creating converter from 3 to 5
2026-09-21 13:10:17.900 DEBUG: Creating converter from 3 to 5
2026-09-21 13:10:17.962 DEBUG: Creating converter from 3 to 5
2026-09-21 13:10:17.991 DEBUG: Creating converter from 3 to 5
2026-09-21 13:10:17.991 DEBUG: Creating converter from 3 to 5
2026-09-21 13:10:17.992 DEBUG: Creating converter from 3 to 5
2026-09-21 13:10:17.992 DEBUG: Creating converter from 3 to 5
2026-09-21 13:10:17.992 DEBUG: Creating converter from 3 to 5
2026-09-21 13:10:17.994 DEBUG: Creating converter from 3 to 5
2026-09-21 13:10:17.994 DEBUG: Creating converter from 3 to 5
2026-09-21 13:10:17.995 DEBUG: Creating converter from 3 to 5
2026-09-21 13:10:33.748 DEBUG: loss breakdown: energy_per_atom: 1.9693671419582999, forces: 102.4010514183752, stress: 0.0005325828671299154, 
2026-09-21 13:10:55.025 DEBUG: loss breakdown: energy_per_atom: 1.86351854285133, forces: 112.01352613328272, stress: 0.0017274607387146941, 
2026-09-21 13:10:56.778 DEBUG: loss breakdown: energy_per_atom: 1.6852757516168446, forces: 62.945674273508686, stress: 0.0015473232081274005, 
2026-09-21 13:11:12.120 DEBUG: loss breakdown: energy_per_atom: 37.839748817596195, forces: 116.55676552408659, stress: 0.0008985034649604319, 
2026-09-21 13:11:19.753 DEBUG: loss breakdown: energy_per_atom: 2.3655502779881497, forces: 52.51134203869281, stress: 0.001092455015564485, 
2026-09-21 13:11:23.718 DEBUG: loss breakdown: energy_per_atom: 2.3576422027589192, forces: 38.118626369479934, stress: 0.0025769641845784777, 
2026-09-21 13:11:25.649 DEBUG: loss breakdown: energy_per_atom: 1.2893679654997294, forces: 46.203862296177, stress: 0.0013830109921217537, 
2026-09-21 13:11:25.792 DEBUG: loss breakdown: energy_per_atom: 2.3353925468204118, forces: 1538.1676014868708, stress: 0.0021516561449856056, 
2026-09-21 13:11:25.925 DEBUG: loss breakdown: energy_per_atom: 1.0870889324738822, forces: 41.00011632254127, stress: 0.0010380613639492968, 
2026-09-21 13:11:26.101 DEBUG: loss breakdown: energy_per_atom: 1.7337554725176723, forces: 57.2242754093922, stress: 0.009704009002131456, 
2026-09-21 13:11:26.246 DEBUG: loss breakdown: energy_per_atom: 2.474264897221263, forces: 30.657214080367083, stress: 0.0013162600294060853, 
2026-09-21 13:11:26.394 DEBUG: loss breakdown: energy_per_atom: 1.854177808453132, forces: 72.54406266835109, stress: 0.0005128472735395491, 
2026-09-21 13:11:26.544 DEBUG: loss breakdown: energy_per_atom: 1.8546885423696433, forces: 64.43590981710022, stress: 0.001046149527441827, 
2026-09-21 13:11:26.750 DEBUG: loss breakdown: energy_per_atom: 1.9425555701745219, forces: 694.2990579819711, stress: 0.011621814117441086, 
2026-09-21 13:11:26.927 DEBUG: loss breakdown: energy_per_atom: 7.460176410158115, forces: 40.02904709158973, stress: 0.0003987610780741087, 
2026-09-21 13:11:27.063 DEBUG: loss breakdown: energy_per_atom: 1.6771361627628674, forces: 52.80603479164034, stress: 0.0015919241656741846, 
2026-09-21 13:11:27.192 DEBUG: loss breakdown: energy_per_atom: 1.2826694595164745, forces: 49.00980448153545, stress: 0.001162535177843751, 
2026-09-21 13:11:27.330 DEBUG: loss breakdown: energy_per_atom: 2.347189101291587, forces: 9192.356027508644, stress: 0.025178945420083428, 
2026-09-21 13:11:27.497 DEBUG: loss breakdown: energy_per_atom: 10.571403381136134, forces: 16.738011452902807, stress: 0.0006886083868300993, 
2026-09-21 13:11:27.649 DEBUG: loss breakdown: energy_per_atom: 13.810895606735654, forces: 51.38900332143314, stress: 0.02292693479536347, 
2026-09-21 13:11:27.825 DEBUG: loss breakdown: energy_per_atom: 2.637540118764792, forces: 328.9664337530234, stress: 0.0008918813603253535, 
2026-09-21 13:11:27.959 DEBUG: loss breakdown: energy_per_atom: 1.2620748908489619, forces: 51.010864076436505, stress: 0.0011324578354999658, 
2026-09-21 13:11:28.152 DEBUG: loss breakdown: energy_per_atom: 1.4828916898176523, forces: 52.15483999061058, stress: 0.015807341365738952, 
2026-09-21 13:11:28.349 DEBUG: loss breakdown: energy_per_atom: 1.181433937834577, forces: 41.99487871838578, stress: 0.0005748770659420612, 
2026-09-21 13:11:28.483 DEBUG: loss breakdown: energy_per_atom: 1.6137782876113493, forces: 30.510669235331996, stress: 0.0008128747259213569, 
2026-09-21 13:11:28.656 DEBUG: loss breakdown: energy_per_atom: 1.1945511549721943, forces: 47.940116361120424, stress: 0.0007039695784560964, 
2026-09-21 13:11:28.819 DEBUG: loss breakdown: energy_per_atom: 1.3568222908364116, forces: 57.51802118884656, stress: 0.0007726020143925191, 
2026-09-21 13:11:28.968 DEBUG: loss breakdown: energy_per_atom: 103.26134362204505, forces: 44.81075926190853, stress: 0.0007061489315149431, 
2026-09-21 13:11:29.113 DEBUG: loss breakdown: energy_per_atom: 8.212662581908283, forces: 42.21098011772232, stress: 0.0008105511947518044, 
2026-09-21 13:11:29.257 DEBUG: loss breakdown: energy_per_atom: 1.6741584924937833, forces: 104.31166409552715, stress: 0.0012660704575235126, 
2026-09-21 13:11:29.385 DEBUG: loss breakdown: energy_per_atom: 1.6219108236486595, forces: 27.236167623370505, stress: 0.0009209046158071647, 
2026-09-21 13:11:29.521 DEBUG: loss breakdown: energy_per_atom: 1.8556725146440312, forces: 59.05674817807001, stress: 0.0011458252408602172, 
2026-09-21 13:11:29.664 DEBUG: loss breakdown: energy_per_atom: 1.4617127043975486, forces: 21.907008671669008, stress: 0.0010449595607052394, 
2026-09-21 13:11:29.805 DEBUG: loss breakdown: energy_per_atom: 17.35841173154188, forces: 55.01274688583112, stress: 0.0010324359360361153, 
2026-09-21 13:11:29.949 DEBUG: loss breakdown: energy_per_atom: 1.1700951501081567, forces: 51.846339246728505, stress: 0.0023874934292080047, 
2026-09-21 13:11:30.094 DEBUG: loss breakdown: energy_per_atom: 1.4712306433275932, forces: 67.60425377898228, stress: 0.0007256846752505436, 
2026-09-21 13:11:30.290 DEBUG: loss breakdown: energy_per_atom: 1.9444051161637939, forces: 50.79483739751844, stress: 0.0008754185361042967, 
2026-09-21 13:11:30.421 DEBUG: loss breakdown: energy_per_atom: 0.9091377807583934, forces: 34.06254895085474, stress: 0.0014254250494634222, 
2026-09-21 13:11:30.553 DEBUG: loss breakdown: energy_per_atom: 0.8951936477502214, forces: 27.059366423950536, stress: 0.0009639172586147376, 
2026-09-21 13:11:30.689 DEBUG: loss breakdown: energy_per_atom: 1.2011455457041023, forces: 1017.634829265921, stress: 0.0028602550345441305, 
2026-09-21 13:11:30.830 DEBUG: loss breakdown: energy_per_atom: 1.0624294090485233, forces: 61.41640284823154, stress: 0.0008911093760658677, 
2026-09-21 13:11:30.965 DEBUG: loss breakdown: energy_per_atom: 1.1780798040938925, forces: 110.12364778477964, stress: 0.0007554166661803066, 
2026-09-21 13:11:31.095 DEBUG: loss breakdown: energy_per_atom: 8.993191438212977, forces: 29.31298117921059, stress: 0.0006118604998419779, 
2026-09-21 13:11:31.240 DEBUG: loss breakdown: energy_per_atom: 0.9995344937595365, forces: 76.2787810403274, stress: 0.000797714192929193, 
2026-09-21 13:11:31.372 DEBUG: loss breakdown: energy_per_atom: 1.2717467796097575, forces: 61.85146057019391, stress: 0.0014429315806578152, 
2026-09-21 13:11:31.512 DEBUG: loss breakdown: energy_per_atom: 1.20721231697313, forces: 62.48334863559095, stress: 0.012001624825248466, 
2026-09-21 13:11:31.648 DEBUG: loss breakdown: energy_per_atom: 0.9917994495431643, forces: 73.79849391145042, stress: 0.0010223971072988176, 
2026-09-21 13:11:31.827 DEBUG: loss breakdown: energy_per_atom: 1.2032209123495126, forces: 27.413196057798388, stress: 0.0005081554713015228, 
2026-09-21 13:11:31.952 DEBUG: loss breakdown: energy_per_atom: 1.076555692425577, forces: 61.15254041206277, stress: 0.0007500383588178454, 
2026-09-21 13:11:32.086 DEBUG: loss breakdown: energy_per_atom: 2.6299823537474056, forces: 24.120152529488195, stress: 0.0010371975449193062, 
2026-09-21 13:11:32.222 DEBUG: loss breakdown: energy_per_atom: 0.9661337679899233, forces: 37.726236166157385, stress: 0.0006371835359469108, 
2026-09-21 13:11:32.362 DEBUG: loss breakdown: energy_per_atom: 1.0272332495959895, forces: 23.836815449056463, stress: 0.0011940016191103295, 
2026-09-21 13:11:32.507 DEBUG: loss breakdown: energy_per_atom: 0.9380451984355411, forces: 52.61226700113727, stress: 0.0009264273441602546, 
2026-09-21 13:11:32.653 DEBUG: loss breakdown: energy_per_atom: 1.4479644917548926, forces: 94.17169593813716, stress: 0.0018446695379955456, 
2026-09-21 13:11:32.798 DEBUG: loss breakdown: energy_per_atom: 1.5239363666564638, forces: 45.39735984782034, stress: 0.0012299132793923999, 
2026-09-21 13:11:32.936 DEBUG: loss breakdown: energy_per_atom: 1.067337448322838, forces: 67.62818471449265, stress: 0.0008945344742524869, 
2026-09-21 13:11:33.071 DEBUG: loss breakdown: energy_per_atom: 0.7098095589372796, forces: 33.20647182243496, stress: 0.0009403324432831709, 
2026-09-21 13:11:33.212 DEBUG: loss breakdown: energy_per_atom: 0.6445222984656414, forces: 64.10083243817127, stress: 0.0010336709830298762, 
2026-09-21 13:11:33.344 DEBUG: loss breakdown: energy_per_atom: 1.1220603328825796, forces: 32.746495080800244, stress: 0.0010356060980860754, 
2026-09-21 13:11:33.483 DEBUG: loss breakdown: energy_per_atom: 1.0599892815840977, forces: 88.13872411650084, stress: 0.004170396865250326, 
2026-09-21 13:11:33.615 DEBUG: loss breakdown: energy_per_atom: 0.82265323147595, forces: 24.305016141132285, stress: 0.001387029129923273, 
2026-09-21 13:11:33.759 DEBUG: loss breakdown: energy_per_atom: 0.8052743226977638, forces: 88.91841025577574, stress: 0.0009670417153818584, 
2026-09-21 13:11:33.909 DEBUG: loss breakdown: energy_per_atom: 0.7825302085201009, forces: 23.599218568119824, stress: 0.0007579098898339246, 
2026-09-21 13:11:34.066 DEBUG: loss breakdown: energy_per_atom: 0.52995024089304, forces: 34.65462703162333, stress: 0.0018661871000899936, 
2026-09-21 13:11:34.206 DEBUG: loss breakdown: energy_per_atom: 1.0730705723523002, forces: 41.790842992401316, stress: 0.0014721224399216945, 
2026-09-21 13:11:34.336 DEBUG: loss breakdown: energy_per_atom: 0.661395046588164, forces: 47.81096530014705, stress: 0.0010158660403392504, 
2026-09-21 13:11:34.486 DEBUG: loss breakdown: energy_per_atom: 0.971726005180596, forces: 41.541732070542395, stress: 0.0013501937492356743, 
2026-09-21 13:11:34.654 DEBUG: loss breakdown: energy_per_atom: 1.1680699623842128, forces: 47.93292296088053, stress: 0.0025205027581674247, 
2026-09-21 13:11:34.802 DEBUG: loss breakdown: energy_per_atom: 2.176250163536733, forces: 61.67038850177086, stress: 0.0009447934947860443, 
2026-09-21 13:11:34.955 DEBUG: loss breakdown: energy_per_atom: 0.7185463996685661, forces: 29.446202656858272, stress: 0.000707770679557428, 
2026-09-21 13:11:35.105 DEBUG: loss breakdown: energy_per_atom: 1.522436095500465, forces: 66.54541879148509, stress: 0.0011342425702493908, 
2026-09-21 13:11:35.248 DEBUG: loss breakdown: energy_per_atom: 1.0434971334569807, forces: 1319.8799636879735, stress: 0.027866915108261742, 
2026-09-21 13:11:35.405 DEBUG: loss breakdown: energy_per_atom: 0.5074726081216591, forces: 29.252656188178733, stress: 0.0010964353590403497, 
2026-09-21 13:11:35.537 DEBUG: loss breakdown: energy_per_atom: 0.7885200476536844, forces: 32.93810533972479, stress: 0.000770568404674323, 
2026-09-21 13:11:35.680 DEBUG: loss breakdown: energy_per_atom: 0.6121638741790452, forces: 37.131063400752254, stress: 0.000920625205910304, 
2026-09-21 13:11:35.822 DEBUG: loss breakdown: energy_per_atom: 0.9490093404175763, forces: 34.18319971129521, stress: 0.0009455344054355198, 
2026-09-21 13:11:35.966 DEBUG: loss breakdown: energy_per_atom: 6.05123941310259, forces: 86.16686786101731, stress: 0.0024312994967134126, 
2026-09-21 13:11:36.091 DEBUG: loss breakdown: energy_per_atom: 18.237080023997002, forces: 287.1013080489285, stress: 0.003995903159662461, 
2026-09-21 13:11:36.229 DEBUG: loss breakdown: energy_per_atom: 1.1547304145876356, forces: 33.40564724258061, stress: 0.0009056136678920297, 
2026-09-21 13:11:36.354 DEBUG: loss breakdown: energy_per_atom: 0.7389853615736253, forces: 35.851449923786305, stress: 0.0062042904741620155, 
2026-09-21 13:11:36.499 DEBUG: loss breakdown: energy_per_atom: 0.7984624431843493, forces: 186.85298602030417, stress: 0.006603754337053188, 
2026-09-21 13:11:36.637 DEBUG: loss breakdown: energy_per_atom: 1.0026648707876094, forces: 91.75903577769948, stress: 0.0014476903047152651, 
2026-09-21 13:11:36.799 DEBUG: loss breakdown: energy_per_atom: 0.817183250115257, forces: 31.340189507511017, stress: 0.0018037845607028148, 
2026-09-21 13:11:36.948 DEBUG: loss breakdown: energy_per_atom: 0.8351145130991493, forces: 67.88179157924262, stress: 0.001284638909069941, 
2026-09-21 13:11:37.100 DEBUG: loss breakdown: energy_per_atom: 0.7607991750349647, forces: 62.6691763774413, stress: 0.001964770128456894, 
2026-09-21 13:11:37.247 DEBUG: loss breakdown: energy_per_atom: 0.863048380577712, forces: 144.37364657218254, stress: 0.0031793085493172224, 
2026-09-21 13:11:37.402 DEBUG: loss breakdown: energy_per_atom: 1.2154947945166819, forces: 26.157356918047043, stress: 0.012877100244865566, 
2026-09-21 13:11:37.539 DEBUG: loss breakdown: energy_per_atom: 0.9801733032491828, forces: 39.682632145320014, stress: 0.007988178389156407, 
2026-09-21 13:11:37.680 DEBUG: loss breakdown: energy_per_atom: 1.4974514795573772, forces: 132.51284844126087, stress: 0.0010368460274267828, 
2026-09-21 13:11:37.819 DEBUG: loss breakdown: energy_per_atom: 0.7139382842102768, forces: 29.78626540619611, stress: 0.0009164509851312815, 
2026-09-21 13:11:37.957 DEBUG: loss breakdown: energy_per_atom: 10.458605356099799, forces: 73.15793325425619, stress: 0.0016809454401250576, 
2026-09-21 13:11:38.094 DEBUG: loss breakdown: energy_per_atom: 0.4278301884871944, forces: 38.734415306537066, stress: 0.0022310854885799454, 
2026-09-21 13:11:38.247 DEBUG: loss breakdown: energy_per_atom: 0.6997498321110807, forces: 47.20205024870353, stress: 0.002279536634520757, 
2026-09-21 13:11:38.377 DEBUG: loss breakdown: energy_per_atom: 0.7994986801545916, forces: 59.86889559879519, stress: 0.005083889494190709, 
2026-09-21 13:11:38.531 DEBUG: loss breakdown: energy_per_atom: 1.1653354552590485, forces: 40.02770612645026, stress: 0.001323979733050164, 
2026-09-21 13:11:38.703 DEBUG: loss breakdown: energy_per_atom: 0.40926497023428127, forces: 17.915436070480546, stress: 0.0007405902001167611, 
2026-09-21 13:11:38.844 DEBUG: loss breakdown: energy_per_atom: 1.2830539538464196, forces: 47.69273032075315, stress: 0.0011734273053541414, 
2026-09-21 13:11:38.989 DEBUG: loss breakdown: energy_per_atom: 9.391384770434867, forces: 71.81477293731642, stress: 0.0015258943848359735, 
2026-09-21 13:11:39.137 DEBUG: loss breakdown: energy_per_atom: 1.4616870466784013, forces: 40.65516669386789, stress: 0.0018185238669845537, 
2026-09-21 13:11:39.281 DEBUG: loss breakdown: energy_per_atom: 0.6749493808732896, forces: 28.611632868643188, stress: 0.0012730947714375922, 
2026-09-21 13:11:39.426 DEBUG: loss breakdown: energy_per_atom: 0.9686913924963516, forces: 74.68242980062298, stress: 0.0013648964795091487, 
2026-09-21 13:11:39.578 DEBUG: loss breakdown: energy_per_atom: 0.7988526885049616, forces: 33.75992554213564, stress: 0.001690981916265947, 
2026-09-21 13:11:39.750 DEBUG: loss breakdown: energy_per_atom: 0.6416534216980666, forces: 35.79358699190224, stress: 0.0012339979023296972, 
2026-09-21 13:11:39.939 DEBUG: loss breakdown: energy_per_atom: 33.75388764851214, forces: 44.10316026268812, stress: 0.002646041926672878, 
2026-09-21 13:11:40.105 DEBUG: loss breakdown: energy_per_atom: 1.6257615888050791, forces: 36.11274834868215, stress: 0.0009419564044891682, 
2026-09-21 13:11:40.266 DEBUG: loss breakdown: energy_per_atom: 2.2156505107352533, forces: 32.595917512416726, stress: 0.00098992560925094, 
2026-09-21 13:11:40.424 DEBUG: loss breakdown: energy_per_atom: 0.8175155871077049, forces: 66.15730147691717, stress: 0.0012744147043330502, 
2026-09-21 13:11:40.555 DEBUG: loss breakdown: energy_per_atom: 0.8579621434341296, forces: 57.31588808035084, stress: 0.0010264390048310527, 
2026-09-21 13:11:40.691 DEBUG: loss breakdown: energy_per_atom: 1.4437400994680656, forces: 37.02990969608365, stress: 0.0009302531647859589, 
2026-09-21 13:11:40.852 DEBUG: loss breakdown: energy_per_atom: 3.115299526944931, forces: 4640.206493136626, stress: 0.002138955767414108, 
2026-09-21 13:11:40.992 DEBUG: loss breakdown: energy_per_atom: 0.5174930029068701, forces: 58.44522779727159, stress: 0.0008642096736191287, 
2026-09-21 13:11:41.159 DEBUG: loss breakdown: energy_per_atom: 1.3485717610176415, forces: 140.35476361527222, stress: 0.020534146752413922, 
2026-09-21 13:11:41.311 DEBUG: loss breakdown: energy_per_atom: 27.73348280151187, forces: 21.598099878560664, stress: 0.0009570186052205381, 
2026-09-21 13:11:41.456 DEBUG: loss breakdown: energy_per_atom: 1.5733721372667269, forces: 52.3539211871071, stress: 0.003968839022580053, 
2026-09-21 13:11:41.590 DEBUG: loss breakdown: energy_per_atom: 3.497366758025778, forces: 69.61316751281096, stress: 0.0027692701974670352, 
2026-09-21 13:11:41.736 DEBUG: loss breakdown: energy_per_atom: 9.02729048773087, forces: 47.14378181068818, stress: 0.002465345039401333, 
2026-09-21 13:11:41.894 DEBUG: loss breakdown: energy_per_atom: 0.7229165830592015, forces: 82.87444880240938, stress: 0.0007295169426423897, 
2026-09-21 13:11:42.026 DEBUG: loss breakdown: energy_per_atom: 3.7428125099089242, forces: 29.749510175517624, stress: 0.0030950656626248735, 
2026-09-21 13:11:42.168 DEBUG: loss breakdown: energy_per_atom: 0.6080437860219738, forces: 50.23638848299736, stress: 0.0010429392192549583, 
2026-09-21 13:11:42.311 DEBUG: loss breakdown: energy_per_atom: 6.157039180464018, forces: 38.89553598412999, stress: 0.011062073737191517, 
2026-09-21 13:11:42.455 DEBUG: loss breakdown: energy_per_atom: 0.6359154249213399, forces: 43.06977391167628, stress: 0.008063726612250167, 
2026-09-21 13:11:42.591 DEBUG: loss breakdown: energy_per_atom: 3.1987172009405676, forces: 35.455054838051375, stress: 0.0009307040200869764, 
2026-09-21 13:11:42.771 DEBUG: loss breakdown: energy_per_atom: 1.326959353100686, forces: 89.73921928584008, stress: 0.000828091940294043, 
2026-09-21 13:11:42.906 DEBUG: loss breakdown: energy_per_atom: 0.7617490831792118, forces: 102.23878404891732, stress: 0.002340455946645147, 
2026-09-21 13:11:43.039 DEBUG: loss breakdown: energy_per_atom: 0.522211885604247, forces: 48.70195612073307, stress: 0.0015191061135736807, 
2026-09-21 13:11:43.186 DEBUG: loss breakdown: energy_per_atom: 0.8808494811163459, forces: 47.77841426692204, stress: 0.0009649882368844981, 
2026-09-21 13:11:43.321 DEBUG: loss breakdown: energy_per_atom: 57.7923937635239, forces: 31.996800600993513, stress: 0.0007642361434780017, 
2026-09-21 13:11:43.448 DEBUG: loss breakdown: energy_per_atom: 88.686656908802, forces: 25.049900524221357, stress: 0.0013662862032792265, 
2026-09-21 13:11:43.581 DEBUG: loss breakdown: energy_per_atom: 1.2134666366970521, forces: 59.338393885723164, stress: 0.001393408008061354, 
2026-09-21 13:11:43.713 DEBUG: loss breakdown: energy_per_atom: 1.3851667107046075, forces: 25.44525046123769, stress: 0.000722229888910372, 
2026-09-21 13:11:43.848 DEBUG: loss breakdown: energy_per_atom: 1.2297161558950123, forces: 69.70659776732938, stress: 0.02881708387908205, 
2026-09-21 13:11:43.982 DEBUG: loss breakdown: energy_per_atom: 1.4963081865469943, forces: 35.37642881696461, stress: 0.001120926720391828, 
2026-09-21 13:11:44.114 DEBUG: loss breakdown: energy_per_atom: 0.9096921222778575, forces: 124.70680349124655, stress: 0.0008844627553199329, 
2026-09-21 13:11:44.265 DEBUG: loss breakdown: energy_per_atom: 0.6909079011115169, forces: 34.94718453441417, stress: 0.0014922403571879612, 
2026-09-21 13:11:44.416 DEBUG: loss breakdown: energy_per_atom: 0.7918732167299257, forces: 135.37148706215024, stress: 0.0029399897414258414, 
2026-09-21 13:11:44.567 DEBUG: loss breakdown: energy_per_atom: 2.1625830247269433, forces: 33.12761630565713, stress: 0.0006266233504405481, 
2026-09-21 13:11:44.716 DEBUG: loss breakdown: energy_per_atom: 0.4623959916532421, forces: 46.97654184676279, stress: 0.0018273762945235, 
2026-09-21 13:11:44.853 DEBUG: loss breakdown: energy_per_atom: 3.7520190206881687, forces: 46.77576602683646, stress: 0.00037824303264476114, 
2026-09-21 13:11:44.991 DEBUG: loss breakdown: energy_per_atom: 4.602270014325544, forces: 28.123149522725093, stress: 0.0009342934356728284, 
2026-09-21 13:11:45.125 DEBUG: loss breakdown: energy_per_atom: 0.46726242685361474, forces: 45.24798469473714, stress: 0.0009503429930718636, 
2026-09-21 13:11:45.278 DEBUG: loss breakdown: energy_per_atom: 0.6112929069136229, forces: 41.18849872974468, stress: 0.0023676752271815423, 
2026-09-21 13:11:45.424 DEBUG: loss breakdown: energy_per_atom: 1.70972346792546, forces: 61.683902033184836, stress: 0.006776456708835907, 
2026-09-21 13:11:45.565 DEBUG: loss breakdown: energy_per_atom: 1.39370753551712, forces: 48.666269288624704, stress: 0.0008056631389907008, 
2026-09-21 13:11:45.711 DEBUG: loss breakdown: energy_per_atom: 0.8992858542433892, forces: 31.99693106661316, stress: 0.000633299025869781, 
2026-09-21 13:11:45.858 DEBUG: loss breakdown: energy_per_atom: 0.9785768784549449, forces: 56.52745968668154, stress: 0.0016809776431398684, 
2026-09-21 13:11:46.007 DEBUG: loss breakdown: energy_per_atom: 1.3246553633654727, forces: 133.6585878966919, stress: 0.001625480885839781, 
2026-09-21 13:11:46.139 DEBUG: loss breakdown: energy_per_atom: 1.3966587989959451, forces: 61.47461707986277, stress: 0.0017735201994273349, 
2026-09-21 13:11:46.287 DEBUG: loss breakdown: energy_per_atom: 1.1086609150382027, forces: 51.40062167911569, stress: 0.00208175238763075, 
2026-09-21 13:11:46.420 DEBUG: loss breakdown: energy_per_atom: 0.7870636613170597, forces: 45.81385925408396, stress: 0.008497760708315765, 
2026-09-21 13:11:46.552 DEBUG: loss breakdown: energy_per_atom: 1.7285829944640232, forces: 24.164647477653173, stress: 0.0008733396983070696, 
2026-09-21 13:11:46.683 DEBUG: loss breakdown: energy_per_atom: 10.094140345303234, forces: 37.120470724878565, stress: 0.0012032598619347934, 
2026-09-21 13:11:46.812 DEBUG: loss breakdown: energy_per_atom: 0.9435744124490053, forces: 40.134255339004774, stress: 0.0007888378690710884, 
2026-09-21 13:11:46.951 DEBUG: loss breakdown: energy_per_atom: 1.0621847395156883, forces: 36.58982146542702, stress: 0.0008490187592796412, 
2026-09-21 13:11:47.087 DEBUG: loss breakdown: energy_per_atom: 1.10305944580384, forces: 37.330325222360464, stress: 0.0009733672214214935, 
2026-09-21 13:11:47.221 DEBUG: loss breakdown: energy_per_atom: 1.3083804145875604, forces: 25.480809848238067, stress: 0.0009902707856469988, 
2026-09-21 13:11:47.345 DEBUG: loss breakdown: energy_per_atom: 0.483674058225932, forces: 46.25751312030016, stress: 0.0007640567038510398, 
2026-09-21 13:11:47.478 DEBUG: loss breakdown: energy_per_atom: 1.3415082052622422, forces: 33.67781577465503, stress: 0.0011290250531729063, 
2026-09-21 13:11:47.621 DEBUG: loss breakdown: energy_per_atom: 1.844447516419185, forces: 49.34699089489354, stress: 0.011388445044107689, 
2026-09-21 13:11:47.763 DEBUG: loss breakdown: energy_per_atom: 0.406876843703892, forces: 31.268039721512313, stress: 0.0007214115116226494, 
2026-09-21 13:11:47.902 DEBUG: loss breakdown: energy_per_atom: 0.8765181392076634, forces: 71.7308793025351, stress: 0.0007061972334003797, 
2026-09-21 13:11:48.036 DEBUG: loss breakdown: energy_per_atom: 2.507453474900639, forces: 29.145781521957932, stress: 0.0006906888860749943, 
2026-09-21 13:11:48.175 DEBUG: loss breakdown: energy_per_atom: 1.1210055454889365, forces: 23.320403079367242, stress: 0.0008029574771238128, 
2026-09-21 13:11:48.317 DEBUG: loss breakdown: energy_per_atom: 0.9106742943847941, forces: 73.5483426961221, stress: 0.0012328733010346026, 
2026-09-21 13:11:48.478 DEBUG: loss breakdown: energy_per_atom: 0.6103828915956597, forces: 45.992187440657275, stress: 0.0006171508650660257, 
2026-09-21 13:11:48.616 DEBUG: loss breakdown: energy_per_atom: 0.8283237641197092, forces: 55.500035505331404, stress: 0.0014098076285617893, 
2026-09-21 13:11:48.761 DEBUG: loss breakdown: energy_per_atom: 0.5811724844577972, forces: 142.13796332023148, stress: 0.004150369090711228, 
2026-09-21 13:11:48.902 DEBUG: loss breakdown: energy_per_atom: 0.31604418638745624, forces: 52.60478677712786, stress: 0.000693163524868212, 
2026-09-21 13:11:49.029 DEBUG: loss breakdown: energy_per_atom: 0.704628880792872, forces: 54.10638982337185, stress: 0.0010529202876193825, 
2026-09-21 13:11:49.166 DEBUG: loss breakdown: energy_per_atom: 0.8712719433572211, forces: 34.178194238064734, stress: 0.0008261250102034887, 
2026-09-21 13:11:49.312 DEBUG: loss breakdown: energy_per_atom: 0.7482878679804712, forces: 41.82136034154394, stress: 0.0006928779568600361, 
2026-09-21 13:11:49.448 DEBUG: loss breakdown: energy_per_atom: 1.207656243526193, forces: 218.038493852518, stress: 0.00117376490076047, 
2026-09-21 13:11:49.582 DEBUG: loss breakdown: energy_per_atom: 0.7334712406787628, forces: 400.69902506848155, stress: 0.0007320021837529399, 
2026-09-21 13:11:49.718 DEBUG: loss breakdown: energy_per_atom: 9.786010839777195, forces: 60.28898771701492, stress: 0.0011242833812761294, 
2026-09-21 13:11:49.859 DEBUG: loss breakdown: energy_per_atom: 0.8012970923876828, forces: 30.941189740314208, stress: 0.0009231158965950107, 
2026-09-21 13:11:50.017 DEBUG: loss breakdown: energy_per_atom: 1.1555702917717614, forces: 29.08885115643278, stress: 0.0009075477052846841, 
2026-09-21 13:11:50.168 DEBUG: loss breakdown: energy_per_atom: 0.9499840353439529, forces: 52.45810009679811, stress: 0.0011288749120451753, 
2026-09-21 13:11:50.332 DEBUG: loss breakdown: energy_per_atom: 0.4965802463999971, forces: 27.671809580832935, stress: 0.0011315181948077142, 
2026-09-21 13:11:50.468 DEBUG: loss breakdown: energy_per_atom: 0.535512858531666, forces: 36.55415524369376, stress: 0.0018484115199501197, 
2026-09-21 13:11:50.590 DEBUG: loss breakdown: energy_per_atom: 1.1375234548772597, forces: 33.24501892722507, stress: 0.002240877285718637, 
2026-09-21 13:11:50.733 DEBUG: loss breakdown: energy_per_atom: 1.798304946901791, forces: 46.348224245004275, stress: 0.0005326808358724024, 
2026-09-21 13:11:50.865 DEBUG: loss breakdown: energy_per_atom: 0.7366647586731556, forces: 46.00179000823758, stress: 0.0024921505097165782, 
2026-09-21 13:11:50.994 DEBUG: loss breakdown: energy_per_atom: 1.4986202863811493, forces: 25.21489258462224, stress: 0.001738500009979574, 
2026-09-21 13:11:51.126 DEBUG: loss breakdown: energy_per_atom: 1.1486560892329263, forces: 11.019662022817538, stress: 0.0016563214417402558, 
2026-09-21 13:11:51.259 DEBUG: loss breakdown: energy_per_atom: 1.3120534822200793, forces: 135.59886739359223, stress: 0.0029105921941706037, 
2026-09-21 13:11:51.397 DEBUG: loss breakdown: energy_per_atom: 6.282094667460455, forces: 96.92799370142394, stress: 0.011503847821934844, 
2026-09-21 13:11:51.538 DEBUG: loss breakdown: energy_per_atom: 0.9214587551422094, forces: 37.53544596799605, stress: 0.0013989380204462987, 
2026-09-21 13:11:51.706 DEBUG: loss breakdown: energy_per_atom: 1.0192556624282931, forces: 55.694157213591986, stress: 0.001401201788084588, 
2026-09-21 13:11:51.847 DEBUG: loss breakdown: energy_per_atom: 0.9242662874165986, forces: 49.86311465111396, stress: 0.0018923490567170384, 
2026-09-21 13:11:51.984 DEBUG: loss breakdown: energy_per_atom: 1.7039534031314394, forces: 32.06027372939291, stress: 0.000709090389316839, 
2026-09-21 13:11:52.123 DEBUG: loss breakdown: energy_per_atom: 2.22085044235956, forces: 56.142286551932784, stress: 0.012665611316230153, 
2026-09-21 13:11:52.277 DEBUG: loss breakdown: energy_per_atom: 0.6898038384091775, forces: 50.346791555687396, stress: 0.0011594026225850477, 
2026-09-21 13:11:52.426 DEBUG: loss breakdown: energy_per_atom: 0.7094303117096825, forces: 43.421803187601796, stress: 0.0016658295934734385, 
2026-09-21 13:11:52.577 DEBUG: loss breakdown: energy_per_atom: 1.5511874183946774, forces: 101.46310822213036, stress: 0.002826614803100886, 
2026-09-21 13:11:52.733 DEBUG: loss breakdown: energy_per_atom: 0.49035292171341943, forces: 46.02325026210675, stress: 0.002215287499548889, 
2026-09-21 13:11:52.879 DEBUG: loss breakdown: energy_per_atom: 1.4778484378682295, forces: 33.047145914020696, stress: 0.005801885551433437, 
2026-09-21 13:11:53.013 DEBUG: loss breakdown: energy_per_atom: 25.295916159854208, forces: 47.27449404957461, stress: 0.0006540105533874363, 
2026-09-21 13:11:53.153 DEBUG: loss breakdown: energy_per_atom: 1.816297776024566, forces: 22.204490946322885, stress: 0.0007113173864254326, 
2026-09-21 13:11:53.287 DEBUG: loss breakdown: energy_per_atom: 5.510166388496643, forces: 61.66166479199907, stress: 0.001124542832036959, 
2026-09-21 13:11:53.431 DEBUG: loss breakdown: energy_per_atom: 9.165686175413056, forces: 18.83246355559844, stress: 0.010926150305483624, 
2026-09-21 13:11:53.587 DEBUG: loss breakdown: energy_per_atom: 0.9837680946961762, forces: 51.35659269291962, stress: 0.001577583914054492, 
2026-09-21 13:11:53.731 DEBUG: loss breakdown: energy_per_atom: 2.3671094960822856, forces: 44.17998698225972, stress: 0.001615471920888689, 
2026-09-21 13:11:53.872 DEBUG: loss breakdown: energy_per_atom: 0.7830389975450647, forces: 29.558324117041384, stress: 0.000906024582263893, 
2026-09-21 13:11:54.018 DEBUG: loss breakdown: energy_per_atom: 7.182459217831097, forces: 102.26748667188326, stress: 0.0012379823143002112, 
2026-09-21 13:11:54.166 DEBUG: loss breakdown: energy_per_atom: 0.7242901997777279, forces: 40.44206300498712, stress: 0.0012822821345777019, 
2026-09-21 13:11:54.312 DEBUG: loss breakdown: energy_per_atom: 0.6656441596191701, forces: 33.13744963710805, stress: 0.0013152198887770921, 
2026-09-21 13:11:54.453 DEBUG: loss breakdown: energy_per_atom: 0.86945710466842, forces: 35.38321760742815, stress: 0.0015600161090752933, 
2026-09-21 13:11:54.585 DEBUG: loss breakdown: energy_per_atom: 0.7047577406409293, forces: 25.421531846472543, stress: 0.0008993276379325311, 
2026-09-21 13:11:54.719 DEBUG: loss breakdown: energy_per_atom: 0.6951793137951556, forces: 24.992793597014167, stress: 0.0015317080659991813, 
2026-09-21 13:11:54.857 DEBUG: loss breakdown: energy_per_atom: 1.3352795108269038, forces: 55.82490336621974, stress: 0.001256270798783275, 
2026-09-21 13:11:54.985 DEBUG: loss breakdown: energy_per_atom: 0.8066502364681581, forces: 66.30469554337365, stress: 0.0009763650275638134, 
2026-09-21 13:11:55.114 DEBUG: loss breakdown: energy_per_atom: 0.8465574242643075, forces: 48.11954739513983, stress: 0.0009170291234875399, 
2026-09-21 13:11:55.249 DEBUG: loss breakdown: energy_per_atom: 3.1335211972453783, forces: 63.46086371928315, stress: 0.001196182420959149, 
2026-09-21 13:11:55.382 DEBUG: loss breakdown: energy_per_atom: 0.9968604451283116, forces: 26.542638724937046, stress: 0.0009921518486120673, 
2026-09-21 13:11:55.520 DEBUG: loss breakdown: energy_per_atom: 1.4594892323062296, forces: 1058.1482602886626, stress: 0.00813834129963782, 
2026-09-21 13:11:55.659 DEBUG: loss breakdown: energy_per_atom: 0.875283136177048, forces: 41.397945584160276, stress: 0.0008760712450176734, 
2026-09-21 13:11:55.805 DEBUG: loss breakdown: energy_per_atom: 1.3895698167227404, forces: 21.95305183347171, stress: 0.006306162961368703, 
2026-09-21 13:11:55.941 DEBUG: loss breakdown: energy_per_atom: 6.744421825189166, forces: 34.4957873991181, stress: 0.0005416167457899645, 
2026-09-21 13:11:56.097 DEBUG: loss breakdown: energy_per_atom: 2.755869755203319, forces: 58.95429593105111, stress: 0.0013631161497895334, 
2026-09-21 13:11:56.241 DEBUG: loss breakdown: energy_per_atom: 1.032113438135863, forces: 26.993143309266266, stress: 0.0010659195527988245, 
2026-09-21 13:11:56.383 DEBUG: loss breakdown: energy_per_atom: 8.527092554716189, forces: 38.79564523771522, stress: 0.0016265180116492282, 
2026-09-21 13:11:56.528 DEBUG: loss breakdown: energy_per_atom: 2.0153215865616625, forces: 49.604185047509255, stress: 0.0004838494131879646, 
2026-09-21 13:11:56.657 DEBUG: loss breakdown: energy_per_atom: 34.190753050057566, forces: 262.2294194250758, stress: 0.0007797794947913107, 
2026-09-21 13:11:56.799 DEBUG: loss breakdown: energy_per_atom: 1.6438438946177443, forces: 27.271302879935476, stress: 0.0013897798901734001, 
2026-09-21 13:11:56.936 DEBUG: loss breakdown: energy_per_atom: 1.0204124351701864, forces: 14.538797532377348, stress: 0.007125028902579318, 
2026-09-21 13:11:57.077 DEBUG: loss breakdown: energy_per_atom: 0.8113763454717362, forces: 105.6313707899371, stress: 0.002970921021549246, 
2026-09-21 13:11:57.231 DEBUG: loss breakdown: energy_per_atom: 35.31843820460535, forces: 38.14367724102647, stress: 0.0019355405705981446, 
2026-09-21 13:11:57.382 DEBUG: loss breakdown: energy_per_atom: 0.5961753952339448, forces: 23.359865505298316, stress: 0.0016610501892732298, 
2026-09-21 13:11:57.527 DEBUG: loss breakdown: energy_per_atom: 4.362694734609865, forces: 41.54414359700275, stress: 0.000918864874377989, 
2026-09-21 13:11:57.677 DEBUG: loss breakdown: energy_per_atom: 9.23845325035475, forces: 25.470757141804757, stress: 0.0017781415549342136, 
2026-09-21 13:11:57.815 DEBUG: loss breakdown: energy_per_atom: 1.2581771515039888, forces: 36.627161587064066, stress: 0.0024748357359307433, 
2026-09-21 13:11:57.948 DEBUG: loss breakdown: energy_per_atom: 0.5043977186224226, forces: 32.0005684227154, stress: 0.0017844890022462817, 
2026-09-21 13:11:58.076 DEBUG: loss breakdown: energy_per_atom: 1.0543546061149365, forces: 32.64887988457742, stress: 0.0016256623622588886, 
2026-09-21 13:11:58.207 DEBUG: loss breakdown: energy_per_atom: 6.71748596977708, forces: 165.19246289730364, stress: 0.004801269756069592, 
2026-09-21 13:11:58.341 DEBUG: loss breakdown: energy_per_atom: 0.9761720786631962, forces: 16.628185203829936, stress: 0.009235243587285646, 
2026-09-21 13:11:58.471 DEBUG: loss breakdown: energy_per_atom: 1.299519407672263, forces: 35.79235898288042, stress: 0.0007645590677495857, 
2026-09-21 13:11:58.608 DEBUG: loss breakdown: energy_per_atom: 0.6407630800587832, forces: 78.88370035244236, stress: 0.0012888701239272048, 
2026-09-21 13:11:58.765 DEBUG: loss breakdown: energy_per_atom: 4.376472954421434, forces: 51.87874198400719, stress: 0.0011585781823074185, 
2026-09-21 13:11:58.918 DEBUG: loss breakdown: energy_per_atom: 2.336844815366776, forces: 505.8117278882481, stress: 0.013428153095526705, 
2026-09-21 13:11:59.066 DEBUG: loss breakdown: energy_per_atom: 2.573843192019745, forces: 39.60529913931066, stress: 0.0015745089003870439, 
2026-09-21 13:11:59.203 DEBUG: loss breakdown: energy_per_atom: 0.5912122230675049, forces: 50.534741462552624, stress: 0.004016647398275175, 
2026-09-21 13:11:59.345 DEBUG: loss breakdown: energy_per_atom: 0.6285208191584889, forces: 229.0287177728477, stress: 0.001719726626563522, 
2026-09-21 13:11:59.478 DEBUG: loss breakdown: energy_per_atom: 6.669038937867134, forces: 22.281870373809433, stress: 0.000831444106667262, 
2026-09-21 13:11:59.614 DEBUG: loss breakdown: energy_per_atom: 0.8562608899979598, forces: 42.541389972304536, stress: 0.0012406192666090646, 
2026-09-21 13:11:59.763 DEBUG: loss breakdown: energy_per_atom: 0.637134881110618, forces: 57.91027071411581, stress: 0.001859319725672945, 
2026-09-21 13:11:59.895 DEBUG: loss breakdown: energy_per_atom: 0.38640848164098585, forces: 66.41413551662603, stress: 0.0011876412196509419, 
2026-09-21 13:12:00.041 DEBUG: loss breakdown: energy_per_atom: 8.636803836631767, forces: 93.40238784202135, stress: 0.0007749411052460719, 
2026-09-21 13:12:00.178 DEBUG: loss breakdown: energy_per_atom: 2.7206543686870686, forces: 32.03044430822068, stress: 0.0015049228180006044, 
2026-09-21 13:12:00.316 DEBUG: loss breakdown: energy_per_atom: 0.8421619051121925, forces: 51.02283770750176, stress: 0.012047750564706793, 
2026-09-21 13:12:00.473 DEBUG: loss breakdown: energy_per_atom: 1.3585928556380522, forces: 701.2579954612288, stress: 0.0030140664291139676, 
2026-09-21 13:12:00.616 DEBUG: loss breakdown: energy_per_atom: 2.214009124713293, forces: 38.6917919737879, stress: 0.0015740264329522694, 
2026-09-21 13:12:00.758 DEBUG: loss breakdown: energy_per_atom: 0.8707859721199969, forces: 12.25455078338161, stress: 0.0036697444794126697, 
2026-09-21 13:12:00.900 DEBUG: loss breakdown: energy_per_atom: 1.092370358841111, forces: 29.71537648496536, stress: 0.004797598504124875, 
2026-09-21 13:12:01.036 DEBUG: loss breakdown: energy_per_atom: 8.606327475863973, forces: 126.61085648261033, stress: 0.0011619186135941907, 
2026-09-21 13:12:01.165 DEBUG: loss breakdown: energy_per_atom: 1.94154336158492, forces: 31.96179418668757, stress: 0.0033566111974840987, 
2026-09-21 13:12:01.303 DEBUG: loss breakdown: energy_per_atom: 0.5477671867865282, forces: 40.573312580340215, stress: 0.0016766671803732866, 
2026-09-21 13:12:01.446 DEBUG: loss breakdown: energy_per_atom: 1.1166579000941048, forces: 59.50414137294149, stress: 0.0008715733528043653, 
2026-09-21 13:12:01.579 DEBUG: loss breakdown: energy_per_atom: 4.112657342491053, forces: 106.30879743535075, stress: 0.001007360868833509, 
2026-09-21 13:12:01.706 DEBUG: loss breakdown: energy_per_atom: 0.6019226023794794, forces: 54.7610689129847, stress: 0.0007797532587895836, 
2026-09-21 13:12:01.841 DEBUG: loss breakdown: energy_per_atom: 1.7882027113528827, forces: 30.665995707497267, stress: 0.0011468362998718533, 
2026-09-21 13:12:01.976 DEBUG: loss breakdown: energy_per_atom: 3.735955134732811, forces: 42.7302785852131, stress: 0.0009095852730634921, 
2026-09-21 13:12:02.131 DEBUG: loss breakdown: energy_per_atom: 1.0139666174571622, forces: 25.291818436713008, stress: 0.0009506098224587416, 
2026-09-21 13:12:02.288 DEBUG: loss breakdown: energy_per_atom: 1.0158350157859304, forces: 39.07229909424265, stress: 0.0013659102954486886, 
2026-09-21 13:12:02.448 DEBUG: loss breakdown: energy_per_atom: 4.523605590101513, forces: 43.80308891482076, stress: 0.0009098317588257362, 
2026-09-21 13:12:02.578 DEBUG: loss breakdown: energy_per_atom: 1.770511240186623, forces: 36.87946585804367, stress: 0.0009156854151548843, 
2026-09-21 13:12:02.723 DEBUG: loss breakdown: energy_per_atom: 1.119079767231079, forces: 57.12060902015328, stress: 0.0008131638914453043, 
2026-09-21 13:12:02.918 DEBUG: loss breakdown: energy_per_atom: 0.5488518206212228, forces: 31.023165174398077, stress: 0.0015654306533387447, 
2026-09-21 13:12:03.066 DEBUG: loss breakdown: energy_per_atom: 0.7349659713873959, forces: 51.1558611678542, stress: 0.009623774554996745, 
2026-09-21 13:12:03.197 DEBUG: loss breakdown: energy_per_atom: 0.5117794481405049, forces: 33.15183834642607, stress: 0.0006515436977368476, 
2026-09-21 13:12:03.350 DEBUG: loss breakdown: energy_per_atom: 0.4397516293824795, forces: 86.00246709542077, stress: 0.0008147672685771902, 
2026-09-21 13:12:03.504 DEBUG: loss breakdown: energy_per_atom: 1.0922420927939043, forces: 73.63056440653759, stress: 0.013816409600780325, 
2026-09-21 13:12:03.651 DEBUG: loss breakdown: energy_per_atom: 2.1207128287796664, forces: 39.28622505240199, stress: 0.0008951772501284774, 
2026-09-21 13:12:03.796 DEBUG: loss breakdown: energy_per_atom: 5.77494943112444, forces: 30.488543630403814, stress: 0.0014139181875600809, 
2026-09-21 13:12:03.945 DEBUG: loss breakdown: energy_per_atom: 0.6849563711305882, forces: 20.732581824620862, stress: 0.0007592772886529776, 
2026-09-21 13:12:04.085 DEBUG: loss breakdown: energy_per_atom: 0.6015198660869719, forces: 28.437884035418946, stress: 0.0009979397441231444, 
2026-09-21 13:12:04.235 DEBUG: loss breakdown: energy_per_atom: 0.9732536514040939, forces: 21.349065993308717, stress: 0.0013071403926806918, 
2026-09-21 13:12:04.380 DEBUG: loss breakdown: energy_per_atom: 1.562524445366479, forces: 78.38190283880823, stress: 0.0022472869316616925, 
2026-09-21 13:12:04.520 DEBUG: loss breakdown: energy_per_atom: 3.9667897219508874, forces: 87.58935252830294, stress: 0.0008320307258818536, 
2026-09-21 13:12:04.650 DEBUG: loss breakdown: energy_per_atom: 5.0618169015022465, forces: 396.8143924540202, stress: 0.008773438759854011, 
2026-09-21 13:12:04.783 DEBUG: loss breakdown: energy_per_atom: 0.5697886711776159, forces: 74.58415002326394, stress: 0.0009312680028266168, 
2026-09-21 13:12:04.928 DEBUG: loss breakdown: energy_per_atom: 0.5459433693816643, forces: 44.26678640661735, stress: 0.0010953087720374823, 
2026-09-21 13:12:05.092 DEBUG: loss breakdown: energy_per_atom: 0.4652413303757968, forces: 44.68401129816866, stress: 0.0006518729117151647, 
2026-09-21 13:12:05.257 DEBUG: loss breakdown: energy_per_atom: 2.9526913271029622, forces: 126.50483257272494, stress: 0.0009704912467603776, 
2026-09-21 13:12:05.401 DEBUG: loss breakdown: energy_per_atom: 0.5668194784605923, forces: 39.63288818921424, stress: 0.0007017391636457692, 
2026-09-21 13:12:05.545 DEBUG: loss breakdown: energy_per_atom: 0.7619916547421739, forces: 35.364013627444216, stress: 0.0007131525343978071, 
2026-09-21 13:12:05.682 DEBUG: loss breakdown: energy_per_atom: 0.7234268250942936, forces: 30.024637744616527, stress: 0.0009400403946986135, 
2026-09-21 13:12:05.811 DEBUG: loss breakdown: energy_per_atom: 0.4994354874080503, forces: 17.458445755356223, stress: 0.0006762085612341065, 
2026-09-21 13:12:05.944 DEBUG: loss breakdown: energy_per_atom: 0.5949861058605159, forces: 47.80496690510014, stress: 0.0012987019308664557, 
2026-09-21 13:12:06.083 DEBUG: loss breakdown: energy_per_atom: 0.5470461443562387, forces: 61.022088731967486, stress: 0.0011697683739369082, 
2026-09-21 13:12:06.218 DEBUG: loss breakdown: energy_per_atom: 0.9081658671325522, forces: 21.97551777348306, stress: 0.027488620018310043, 
2026-09-21 13:12:06.351 DEBUG: loss breakdown: energy_per_atom: 54.81069785080594, forces: 62.68068397275154, stress: 0.000797204165475667, 
2026-09-21 13:12:06.486 DEBUG: loss breakdown: energy_per_atom: 1.9811937616495148, forces: 65.64386490110384, stress: 0.0009010265816943717, 
2026-09-21 13:12:06.620 DEBUG: loss breakdown: energy_per_atom: 2.22377352969965, forces: 175.7561676663259, stress: 0.013402144170470988, 
2026-09-21 13:12:06.752 DEBUG: loss breakdown: energy_per_atom: 1.1695529707230705, forces: 17.707745233146944, stress: 0.0009031117806302646, 
2026-09-21 13:12:06.906 DEBUG: loss breakdown: energy_per_atom: 3.0609345186695798, forces: 891.5929549239733, stress: 0.02042878157388954, 
2026-09-21 13:12:07.043 DEBUG: loss breakdown: energy_per_atom: 0.6316482779519962, forces: 47.620420323391684, stress: 0.0011198525174701014, 
2026-09-21 13:12:07.191 DEBUG: loss breakdown: energy_per_atom: 0.9257882133149451, forces: 18.026465770345457, stress: 0.0010458097540745202, 
2026-09-21 13:12:07.337 DEBUG: loss breakdown: energy_per_atom: 1.4517738781290783, forces: 50.60094848099402, stress: 0.0006697250355090662, 
2026-09-21 13:12:07.494 DEBUG: loss breakdown: energy_per_atom: 26.994125151236908, forces: 34.76141043692026, stress: 0.0011037506759634967, 
2026-09-21 13:12:07.642 DEBUG: loss breakdown: energy_per_atom: 2.0244855505464887, forces: 43.94474304328765, stress: 0.0007420733758860339, 
2026-09-21 13:12:07.812 DEBUG: loss breakdown: energy_per_atom: 27.071058617408248, forces: 19.876461105441777, stress: 0.002111304273445474, 
2026-09-21 13:12:07.954 DEBUG: loss breakdown: energy_per_atom: 1.1111609745307907, forces: 57.970149785537636, stress: 0.0014015639682616156, 
2026-09-21 13:12:08.104 DEBUG: loss breakdown: energy_per_atom: 0.8525566299203217, forces: 71.9386290638868, stress: 0.0012895890623377169, 
2026-09-21 13:12:08.240 DEBUG: loss breakdown: energy_per_atom: 1.1354453900464887, forces: 20.135080037752083, stress: 0.0003407535092249912, 
2026-09-21 13:12:08.378 DEBUG: loss breakdown: energy_per_atom: 0.9280629420087905, forces: 28.953434768611896, stress: 0.0009853727444733176, 
2026-09-21 13:12:08.516 DEBUG: loss breakdown: energy_per_atom: 10.4136290159547, forces: 41.21977687985047, stress: 0.002730257659503645, 
2026-09-21 13:12:08.652 DEBUG: loss breakdown: energy_per_atom: 1.331287539706735, forces: 1495.6390005310272, stress: 0.004352182967277563, 
2026-09-21 13:12:08.788 DEBUG: loss breakdown: energy_per_atom: 1.4307543255035031, forces: 48.68975482177898, stress: 0.0011313851201809509, 
2026-09-21 13:12:08.935 DEBUG: loss breakdown: energy_per_atom: 2.4929177162465552, forces: 29.163979658662104, stress: 0.0013344281724583507, 
2026-09-21 13:12:09.080 DEBUG: loss breakdown: energy_per_atom: 1.5421323393974766, forces: 41.33435702517348, stress: 0.0015402919884961283, 
2026-09-21 13:12:09.215 DEBUG: loss breakdown: energy_per_atom: 0.7816653244608553, forces: 59.4992984281003, stress: 0.0008893675240230835, 
2026-09-21 13:12:09.359 DEBUG: loss breakdown: energy_per_atom: 34.35538772373364, forces: 74.66872871769634, stress: 0.002857497607942659, 
2026-09-21 13:12:09.510 DEBUG: loss breakdown: energy_per_atom: 1.61195771687099, forces: 127.57942646361819, stress: 0.0021943548215324063, 
2026-09-21 13:12:09.668 DEBUG: loss breakdown: energy_per_atom: 1.1555034567581235, forces: 33.988972610619115, stress: 0.0020999979685299756, 
2026-09-21 13:12:09.816 DEBUG: loss breakdown: energy_per_atom: 0.7869884373547462, forces: 41.964771931196346, stress: 0.0021150132303092675, 
2026-09-21 13:12:09.971 DEBUG: loss breakdown: energy_per_atom: 6.154419163972701, forces: 69.69201603881768, stress: 0.0016077292974457302, 
2026-09-21 13:12:10.125 DEBUG: loss breakdown: energy_per_atom: 18.623583146961835, forces: 87.88858940599233, stress: 0.005307941446697851, 
2026-09-21 13:12:10.264 DEBUG: loss breakdown: energy_per_atom: 8.665365658173481, forces: 45.45431294010574, stress: 0.0012416338327842366, 
2026-09-21 13:12:10.416 DEBUG: loss breakdown: energy_per_atom: 1.1107788844205237, forces: 48.61186575948757, stress: 0.00116299812336526, 
2026-09-21 13:12:10.565 DEBUG: loss breakdown: energy_per_atom: 0.44615610460449895, forces: 43.94506402129033, stress: 0.0013642707283113688, 
2026-09-21 13:12:10.723 DEBUG: loss breakdown: energy_per_atom: 3.532302153583359, forces: 40.17648733124745, stress: 0.00034467041906292606, 
2026-09-21 13:12:10.870 DEBUG: loss breakdown: energy_per_atom: 1.375248123631589, forces: 41.257897199750644, stress: 0.0009271113374352061, 
2026-09-21 13:12:11.026 DEBUG: loss breakdown: energy_per_atom: 0.47306239761497293, forces: 34.98146205936523, stress: 0.0009540597071214536, 
2026-09-21 13:12:11.169 DEBUG: loss breakdown: energy_per_atom: 5.684086104821761, forces: 55.81098374975368, stress: 0.0010876598056329305, 
2026-09-21 13:12:11.313 DEBUG: loss breakdown: energy_per_atom: 1.7602252536025342, forces: 73.49616117161905, stress: 0.0009736885080021942, 
2026-09-21 13:12:11.451 DEBUG: loss breakdown: energy_per_atom: 2.5588589213457, forces: 39.776174867305166, stress: 0.0015661204268947555, 
2026-09-21 13:12:11.604 DEBUG: loss breakdown: energy_per_atom: 3.545588383568133, forces: 29.36329771419912, stress: 0.0007257967017143759, 
2026-09-21 13:12:11.752 DEBUG: loss breakdown: energy_per_atom: 1.22849122845661, forces: 17.723521782969478, stress: 0.000982624809493082, 
2026-09-21 13:12:11.894 DEBUG: loss breakdown: energy_per_atom: 1.535798278081986, forces: 16.961469911240698, stress: 0.0014215819449920587, 
2026-09-21 13:12:12.039 DEBUG: loss breakdown: energy_per_atom: 0.893864059101513, forces: 28.5508023322588, stress: 0.0016279050349297013, 
2026-09-21 13:12:12.176 DEBUG: loss breakdown: energy_per_atom: 7.422939320150946, forces: 18.341354724675014, stress: 0.0014848525640379926, 
2026-09-21 13:12:12.325 DEBUG: loss breakdown: energy_per_atom: 0.44396922977660813, forces: 18.164092493268274, stress: 0.000700228908112612, 
2026-09-21 13:12:12.491 DEBUG: loss breakdown: energy_per_atom: 8.539253353696509, forces: 48.53653428495328, stress: 0.00764350722579471, 
2026-09-21 13:12:12.636 DEBUG: loss breakdown: energy_per_atom: 0.8391840420517191, forces: 184.2229790384606, stress: 0.009046587315085234, 
2026-09-21 13:12:12.799 DEBUG: loss breakdown: energy_per_atom: 1.4118196809675947, forces: 98.48481574918398, stress: 0.007468067965019778, 
2026-09-21 13:12:12.938 DEBUG: loss breakdown: energy_per_atom: 0.9432171300835758, forces: 23.08413511268862, stress: 0.0019748050848782317, 
2026-09-21 13:12:13.069 DEBUG: loss breakdown: energy_per_atom: 0.4769457332025516, forces: 28.551533460378213, stress: 0.0012847230889392973, 
2026-09-21 13:12:13.214 DEBUG: loss breakdown: energy_per_atom: 1.1634778714129932, forces: 77.27316400760526, stress: 0.0012224558126497143, 
2026-09-21 13:12:13.350 DEBUG: loss breakdown: energy_per_atom: 1.5140045325866134, forces: 1421.7573913137473, stress: 0.0031607614396311837, 
2026-09-21 13:12:13.499 DEBUG: loss breakdown: energy_per_atom: 1.0616522900309748, forces: 12.254533559594737, stress: 0.0012017789372426352, 
2026-09-21 13:12:13.652 DEBUG: loss breakdown: energy_per_atom: 1.2759940036770239, forces: 33.736771676139185, stress: 0.001811624288541492, 
2026-09-21 13:12:13.817 DEBUG: loss breakdown: energy_per_atom: 0.6971757365823297, forces: 28.368860039075205, stress: 0.0007951389837679415, 
2026-09-21 13:12:13.985 DEBUG: loss breakdown: energy_per_atom: 0.8483081189867809, forces: 20.4268999355321, stress: 0.0011878086734851004, 
2026-09-21 13:12:14.144 DEBUG: loss breakdown: energy_per_atom: 3.570937281631643, forces: 35.88156206985945, stress: 0.0022207938109581695, 
2026-09-21 13:12:14.333 DEBUG: loss breakdown: energy_per_atom: 10.810109782901044, forces: 25.05258254078652, stress: 0.000700904394290268, 
2026-09-21 13:12:14.507 DEBUG: loss breakdown: energy_per_atom: 0.3691833893010915, forces: 19.14994461342381, stress: 0.0006540959903267533, 
2026-09-21 13:12:14.651 DEBUG: loss breakdown: energy_per_atom: 1.9762906155509112, forces: 43.878698321707276, stress: 0.0008800733941141006, 
2026-09-21 13:12:14.776 DEBUG: loss breakdown: energy_per_atom: 1.091501975819397, forces: 46.57508969694602, stress: 0.0012094299231178635, 
2026-09-21 13:12:14.907 DEBUG: loss breakdown: energy_per_atom: 0.4420971829810706, forces: 250.72587546141656, stress: 0.0008598126482754653, 
2026-09-21 13:12:15.031 DEBUG: loss breakdown: energy_per_atom: 0.9530888164004743, forces: 319.6917237240987, stress: 0.001028322348138887, 
2026-09-21 13:12:15.161 DEBUG: loss breakdown: energy_per_atom: 1.6428467692306659, forces: 91.78145645196533, stress: 0.005406808945224922, 
2026-09-21 13:12:15.586 DEBUG: loss breakdown: energy_per_atom: 0.5846170082928904, forces: 126.02432664495689, stress: 0.0043447120847141625, 
2026-09-21 13:12:15.726 DEBUG: loss breakdown: energy_per_atom: 2.5632870621886106, forces: 217.40497481688976, stress: 0.001037240799588762, 
2026-09-21 13:12:15.852 DEBUG: loss breakdown: energy_per_atom: 0.5810848890765132, forces: 74.31190509822227, stress: 0.0013239929248028083, 
2026-09-21 13:12:15.985 DEBUG: loss breakdown: energy_per_atom: 0.7609415935413788, forces: 40.23801477580753, stress: 0.002573711712426369, 
2026-09-21 13:12:16.112 DEBUG: loss breakdown: energy_per_atom: 0.8858602551253516, forces: 95.03119520240179, stress: 0.0014414615115694608, 
2026-09-21 13:12:16.247 DEBUG: loss breakdown: energy_per_atom: 2.2915420896278382, forces: 65.08582405149396, stress: 0.002314682502442522, 
2026-09-21 13:12:16.399 DEBUG: loss breakdown: energy_per_atom: 54.67410140378613, forces: 68.05983485803534, stress: 0.00258773288860765, 
2026-09-21 13:12:16.538 DEBUG: loss breakdown: energy_per_atom: 3.492899653686625, forces: 55.566763203411305, stress: 0.001293869134518611, 
2026-09-21 13:12:16.677 DEBUG: loss breakdown: energy_per_atom: 7.113989217434046, forces: 19.992176907613164, stress: 0.0009253696254081546, 
2026-09-21 13:12:16.809 DEBUG: loss breakdown: energy_per_atom: 0.822583241413297, forces: 39.27634253040688, stress: 0.0025854073101268813, 
2026-09-21 13:12:16.957 DEBUG: loss breakdown: energy_per_atom: 1.5546436580783987, forces: 59.12523739176036, stress: 0.009448843399836052, 
2026-09-21 13:12:17.109 DEBUG: loss breakdown: energy_per_atom: 2.299355003564906, forces: 55.40863153914031, stress: 0.00267606913874447, 
2026-09-21 13:12:17.266 DEBUG: loss breakdown: energy_per_atom: 3.792059564694038, forces: 36.43728579673452, stress: 0.002084837566772406, 
2026-09-21 13:12:17.426 DEBUG: loss breakdown: energy_per_atom: 0.5730422619344148, forces: 21.89536856970176, stress: 0.0012533518342268163, 
2026-09-21 13:12:17.569 DEBUG: loss breakdown: energy_per_atom: 1.3624744951237775, forces: 30.691157355208205, stress: 0.0025290594593767503, 
2026-09-21 13:12:17.710 DEBUG: loss breakdown: energy_per_atom: 0.9810806843637048, forces: 24.829709452502378, stress: 0.005208036148322252, 
2026-09-21 13:12:17.846 DEBUG: loss breakdown: energy_per_atom: 0.9186981250885962, forces: 27.294732227180095, stress: 0.0008638509754647083, 
2026-09-21 13:12:17.998 DEBUG: loss breakdown: energy_per_atom: 0.44309855616026983, forces: 38.651092679576784, stress: 0.0026173589745590326, 
2026-09-21 13:12:18.135 DEBUG: loss breakdown: energy_per_atom: 0.7447931843520564, forces: 90.13292946995533, stress: 0.002806334744509068, 
2026-09-21 13:12:18.262 DEBUG: loss breakdown: energy_per_atom: 3.51600217022729, forces: 73.76934354012464, stress: 0.0019103402279594384, 
2026-09-21 13:12:18.410 DEBUG: loss breakdown: energy_per_atom: 7.056230937623321, forces: 16.323239515753603, stress: 0.009452836990304336, 
2026-09-21 13:12:18.554 DEBUG: loss breakdown: energy_per_atom: 17.218862003983773, forces: 31.644629109125116, stress: 0.0021403698415606554, 
2026-09-21 13:12:18.703 DEBUG: loss breakdown: energy_per_atom: 0.7175968884602362, forces: 21.183019164848886, stress: 0.0015496751593043572, 
2026-09-21 13:12:18.853 DEBUG: loss breakdown: energy_per_atom: 0.8203136669817503, forces: 25.764529849903667, stress: 0.008224874508983392, 
2026-09-21 13:12:19.004 DEBUG: loss breakdown: energy_per_atom: 2.175359508510539, forces: 55.52194746722211, stress: 0.0021148970377723136, 
2026-09-21 13:12:19.173 DEBUG: loss breakdown: energy_per_atom: 1.2355843059694578, forces: 49.75090660945527, stress: 0.0014701748862577667, 
2026-09-21 13:12:19.318 DEBUG: loss breakdown: energy_per_atom: 0.7336357460777401, forces: 62.875932312601314, stress: 0.002055951746864262, 
2026-09-21 13:12:19.449 DEBUG: loss breakdown: energy_per_atom: 0.4901795575805789, forces: 59.59375742254592, stress: 0.0007630818482372277, 
2026-09-21 13:12:19.586 DEBUG: loss breakdown: energy_per_atom: 1.114211041066215, forces: 12257.55678985676, stress: 0.001240194462205169, 
2026-09-21 13:12:19.720 DEBUG: loss breakdown: energy_per_atom: 3.356574704772608, forces: 104.59772316316922, stress: 0.0013752001408708428, 
2026-09-21 13:12:19.855 DEBUG: loss breakdown: energy_per_atom: 1.206568830952561, forces: 122.31783099195832, stress: 0.002056252091286327, 
2026-09-21 13:12:19.982 DEBUG: loss breakdown: energy_per_atom: 1.7719590723613794, forces: 22.3595973651949, stress: 0.001150968662630346, 
2026-09-21 13:12:20.130 DEBUG: loss breakdown: energy_per_atom: 34.721453717163655, forces: 133.16402798138083, stress: 0.0010575346818141873, 
2026-09-21 13:12:20.275 DEBUG: loss breakdown: energy_per_atom: 0.48607083684602653, forces: 93.29349820291648, stress: 0.0019400086224314582, 
2026-09-21 13:12:20.404 DEBUG: loss breakdown: energy_per_atom: 1.3070932567961986, forces: 34.839365056723224, stress: 0.0013958688854232599, 
2026-09-21 13:12:20.545 DEBUG: loss breakdown: energy_per_atom: 0.6582538665410949, forces: 34.050373379682064, stress: 0.0019799205107766016, 
2026-09-21 13:12:20.680 DEBUG: loss breakdown: energy_per_atom: 0.49759884852572883, forces: 33.96544471040323, stress: 0.0016524546779602065, 
2026-09-21 13:12:20.817 DEBUG: loss breakdown: energy_per_atom: 0.5105748898378659, forces: 35.994216752069015, stress: 0.0010974782236529814, 
2026-09-21 13:12:20.966 DEBUG: loss breakdown: energy_per_atom: 0.8005648816540414, forces: 27.23744262951587, stress: 0.0014376120997168051, 
2026-09-21 13:12:21.116 DEBUG: loss breakdown: energy_per_atom: 1.317338965584689, forces: 46.82334323860749, stress: 0.0007280511975691588, 
2026-09-21 13:12:21.255 DEBUG: loss breakdown: energy_per_atom: 10.625001790870142, forces: 30.003359469485645, stress: 0.0007743020142236013, 
2026-09-21 13:12:21.405 DEBUG: loss breakdown: energy_per_atom: 0.9764101874706276, forces: 55.730179686408775, stress: 0.0014189262225092316, 
2026-09-21 13:12:21.554 DEBUG: loss breakdown: energy_per_atom: 1.70437694447441, forces: 44.24100482483879, stress: 0.001471899409327573, 
2026-09-21 13:12:21.707 DEBUG: loss breakdown: energy_per_atom: 0.3502712862238786, forces: 84.15920588378442, stress: 0.0009185961252057832, 
2026-09-21 13:12:21.854 DEBUG: loss breakdown: energy_per_atom: 0.48417025534895264, forces: 144.4069384672631, stress: 0.0025702923690567175, 
2026-09-21 13:12:21.987 DEBUG: loss breakdown: energy_per_atom: 0.8771884552982931, forces: 48.509580489340586, stress: 0.001294256354677265, 
2026-09-21 13:12:22.119 DEBUG: loss breakdown: energy_per_atom: 0.6109266566324109, forces: 83.23032113595862, stress: 0.00390909866314785, 
2026-09-21 13:12:22.249 DEBUG: loss breakdown: energy_per_atom: 5.8863788244220085, forces: 106.06877677312072, stress: 0.0010658794788573909, 
2026-09-21 13:12:22.383 DEBUG: loss breakdown: energy_per_atom: 3.9060448701806596, forces: 42.28761836313089, stress: 0.0013555026656039827, 
2026-09-21 13:12:22.526 DEBUG: loss breakdown: energy_per_atom: 1.002516068743263, forces: 90.69119018748363, stress: 0.0013893980822617454, 
2026-09-21 13:12:22.666 DEBUG: loss breakdown: energy_per_atom: 1.2017709685699631, forces: 19.264707261046514, stress: 0.0016007733593720568, 
2026-09-21 13:12:22.816 DEBUG: loss breakdown: energy_per_atom: 1.467484314867361, forces: 45.23002919222737, stress: 0.0007463022818862255, 
2026-09-21 13:12:22.952 DEBUG: loss breakdown: energy_per_atom: 0.8751713768615883, forces: 33.271336673529994, stress: 0.0006128178069538034, 
2026-09-21 13:12:23.096 DEBUG: loss breakdown: energy_per_atom: 0.3099425220284477, forces: 31.32161682143977, stress: 0.0005037150079068132, 
2026-09-21 13:12:23.245 DEBUG: loss breakdown: energy_per_atom: 0.9664838844119447, forces: 17.171027367977274, stress: 0.007912655278706715, 
2026-09-21 13:12:23.387 DEBUG: loss breakdown: energy_per_atom: 0.7328979839098837, forces: 59.41099617054652, stress: 0.004662565842747228, 
2026-09-21 13:12:23.546 DEBUG: loss breakdown: energy_per_atom: 18.356138020350343, forces: 49.83892471341844, stress: 0.0022801813346960973, 
2026-09-21 13:12:23.681 DEBUG: loss breakdown: energy_per_atom: 1.6315698142947688, forces: 36.90982680854212, stress: 0.005629366597383837, 
2026-09-21 13:12:23.831 DEBUG: loss breakdown: energy_per_atom: 1.368378351685856, forces: 55.50425673176041, stress: 0.0007930655641567925, 
2026-09-21 13:12:23.976 DEBUG: loss breakdown: energy_per_atom: 1.686150049252104, forces: 36.33075738967291, stress: 0.0009492914905120911, 
2026-09-21 13:12:24.133 DEBUG: loss breakdown: energy_per_atom: 14.685417825479501, forces: 30.694402253787988, stress: 0.015078781696929559, 
2026-09-21 13:12:24.277 DEBUG: loss breakdown: energy_per_atom: 0.5508272834874182, forces: 35.94893531927891, stress: 0.0007067252209652519, 
2026-09-21 13:12:24.442 DEBUG: loss breakdown: energy_per_atom: 1.7433188061135168, forces: 4353.927875971484, stress: 0.001772702103927111, 
2026-09-21 13:12:24.584 DEBUG: loss breakdown: energy_per_atom: 4.944607240735613, forces: 48.76259259747215, stress: 0.0006597294655385085, 
2026-09-21 13:12:24.707 DEBUG: loss breakdown: energy_per_atom: 1.5066365107154032, forces: 64.76586331994575, stress: 0.0009216531044640754, 
2026-09-21 13:12:24.844 DEBUG: loss breakdown: energy_per_atom: 0.8497610566088016, forces: 312.6929931613025, stress: 0.00871256358625733, 
2026-09-21 13:12:24.994 DEBUG: loss breakdown: energy_per_atom: 0.5191900534921817, forces: 106.30375927692212, stress: 0.0005453948605400329, 
2026-09-21 13:12:25.135 DEBUG: loss breakdown: energy_per_atom: 0.9443678173341519, forces: 80.95386408029735, stress: 0.0027134200192924117, 
2026-09-21 13:12:25.281 DEBUG: loss breakdown: energy_per_atom: 0.5192166406212991, forces: 22.36236295651763, stress: 0.0011472781773470028, 
2026-09-21 13:12:25.424 DEBUG: loss breakdown: energy_per_atom: 0.6045188757533067, forces: 59.74542091594069, stress: 0.0007399072504041233, 
2026-09-21 13:12:25.582 DEBUG: loss breakdown: energy_per_atom: 63.59966095647155, forces: 26.76578695639843, stress: 0.001210803756918239, 
2026-09-21 13:12:25.727 DEBUG: loss breakdown: energy_per_atom: 5.228201288256007, forces: 17.72497136756299, stress: 0.0010378633957500894, 
2026-09-21 13:12:25.876 DEBUG: loss breakdown: energy_per_atom: 1.7911510978653569, forces: 81.27745218113333, stress: 0.0014247157748671793, 
2026-09-21 13:12:26.019 DEBUG: loss breakdown: energy_per_atom: 0.6275426787344296, forces: 61.77981825523793, stress: 0.0012531106841529643, 
2026-09-21 13:12:26.164 DEBUG: loss breakdown: energy_per_atom: 0.4735654455459275, forces: 39.74531890423005, stress: 0.0011462630177140392, 
2026-09-21 13:12:26.318 DEBUG: loss breakdown: energy_per_atom: 0.9413160238448949, forces: 29.455479784624533, stress: 0.009168576195364979, 
2026-09-21 13:12:26.465 DEBUG: loss breakdown: energy_per_atom: 0.6747337989294107, forces: 34.74230137773774, stress: 0.001399007571975313, 
2026-09-21 13:12:26.591 DEBUG: loss breakdown: energy_per_atom: 3.009759128458172, forces: 37.68216477184464, stress: 0.0017747809611082166, 
2026-09-21 13:12:26.713 DEBUG: loss breakdown: energy_per_atom: 0.6206997913480528, forces: 34.654462316215984, stress: 0.0011820829975584405, 
2026-09-21 13:12:26.840 DEBUG: loss breakdown: energy_per_atom: 2.4861700799981117, forces: 31.933235216821977, stress: 0.0009903906332397552, 
2026-09-21 13:12:26.977 DEBUG: loss breakdown: energy_per_atom: 24.04178307187697, forces: 16.52046105022074, stress: 0.001783266642619272, 
2026-09-21 13:12:27.107 DEBUG: loss breakdown: energy_per_atom: 0.7665071066982769, forces: 33.66434381151601, stress: 0.0011328229874122023, 
2026-09-21 13:12:27.246 DEBUG: loss breakdown: energy_per_atom: 1.2153417563410456, forces: 22.02603953859169, stress: 0.00048634036158622085, 
2026-09-21 13:12:27.386 DEBUG: loss breakdown: energy_per_atom: 1.0728391867940426, forces: 13.474666760564777, stress: 0.0017114218269312675, 
2026-09-21 13:12:27.536 DEBUG: loss breakdown: energy_per_atom: 0.6892721459807059, forces: 39.401209722438054, stress: 0.0009410880332610381, 
2026-09-21 13:12:27.682 DEBUG: loss breakdown: energy_per_atom: 1.0210367783885201, forces: 28.217858102862365, stress: 0.0007876988108444156, 
2026-09-21 13:12:27.830 DEBUG: loss breakdown: energy_per_atom: 1.0559633845620577, forces: 82.39499997471522, stress: 0.0008038307145469994, 
2026-09-21 13:12:27.977 DEBUG: loss breakdown: energy_per_atom: 97.33161973500381, forces: 56.426665924463414, stress: 0.013298178757856098, 
2026-09-21 13:12:28.115 DEBUG: loss breakdown: energy_per_atom: 0.5273887756422648, forces: 46.586780956463045, stress: 0.0008887885991727243, 
2026-09-21 13:12:28.263 DEBUG: loss breakdown: energy_per_atom: 22.062045021292892, forces: 16.714636966133085, stress: 0.0016505791336533604, 
2026-09-21 13:12:28.396 DEBUG: loss breakdown: energy_per_atom: 4.977598065814796, forces: 22.145846228062304, stress: 0.0007467384807856058, 
2026-09-21 13:12:28.526 DEBUG: loss breakdown: energy_per_atom: 0.8596151714289816, forces: 83.06354647445399, stress: 0.0007017882343528428, 
2026-09-21 13:12:28.679 DEBUG: loss breakdown: energy_per_atom: 0.7029809989414629, forces: 74.67526273470678, stress: 0.008602252767036309, 
2026-09-21 13:12:28.826 DEBUG: loss breakdown: energy_per_atom: 0.777952055778935, forces: 36.62746759135447, stress: 0.0006126669464988781, 
2026-09-21 13:12:28.960 DEBUG: loss breakdown: energy_per_atom: 0.4737221275581032, forces: 21.432157146710008, stress: 0.0005452242320131742, 
2026-09-21 13:12:29.108 DEBUG: loss breakdown: energy_per_atom: 2.833999081050675, forces: 55.47089075284391, stress: 0.0012027448530100677, 
2026-09-21 13:12:29.269 DEBUG: loss breakdown: energy_per_atom: 2.0450393619812277, forces: 32.87820826234602, stress: 0.0008456764179770034, 
2026-09-21 13:12:29.414 DEBUG: loss breakdown: energy_per_atom: 1.1005083224851444, forces: 39.804871479448856, stress: 0.0013994727107259817, 
2026-09-21 13:12:29.565 DEBUG: loss breakdown: energy_per_atom: 1.240968230461308, forces: 38.07313382256739, stress: 0.008155855096713675, 
2026-09-21 13:12:29.701 DEBUG: loss breakdown: energy_per_atom: 7.626340830843228, forces: 65.53955546686609, stress: 0.0008581955328656199, 
2026-09-21 13:12:29.850 DEBUG: loss breakdown: energy_per_atom: 1.189201984098872, forces: 97.2991919877639, stress: 0.0021622957455993278, 
2026-09-21 13:12:30.001 DEBUG: loss breakdown: energy_per_atom: 19.398588323040524, forces: 22.097117776988657, stress: 0.0023905945539030348, 
2026-09-21 13:12:30.141 DEBUG: loss breakdown: energy_per_atom: 4.43886864980354, forces: 80.13020489300547, stress: 0.0006897992189318663, 
2026-09-21 13:12:30.269 DEBUG: loss breakdown: energy_per_atom: 0.9746576043614199, forces: 91.15183977120243, stress: 0.001032786533244544, 
2026-09-21 13:12:30.416 DEBUG: loss breakdown: energy_per_atom: 1.938181027142596, forces: 15.541055089826534, stress: 0.0008027416465581322, 
2026-09-21 13:12:30.555 DEBUG: loss breakdown: energy_per_atom: 0.9026993941903826, forces: 42.65789315236447, stress: 0.0007287350119327448, 
2026-09-21 13:12:30.701 DEBUG: loss breakdown: energy_per_atom: 2.348327134641239, forces: 16.786547782783952, stress: 0.010898521821131055, 
2026-09-21 13:12:30.842 DEBUG: loss breakdown: energy_per_atom: 1.3396048145864752, forces: 14.470251098343114, stress: 0.0017581372834076592, 
2026-09-21 13:12:30.993 DEBUG: loss breakdown: energy_per_atom: 0.7995235978249623, forces: 23.723054032670372, stress: 0.0025150023472635206, 
2026-09-21 13:12:31.148 DEBUG: loss breakdown: energy_per_atom: 0.6681374372474864, forces: 64.64538695337913, stress: 0.0014870412643706637, 
2026-09-21 13:12:31.291 DEBUG: loss breakdown: energy_per_atom: 0.424522812429076, forces: 75.94787576584197, stress: 0.0015585172358739195, 
2026-09-21 13:12:31.430 DEBUG: loss breakdown: energy_per_atom: 16.075569371992287, forces: 35.596380925182956, stress: 0.0011267280256037403, 
2026-09-21 13:12:31.583 DEBUG: loss breakdown: energy_per_atom: 0.8859264522143657, forces: 19.58033376387596, stress: 0.0011374988337751295, 
2026-09-21 13:12:31.729 DEBUG: loss breakdown: energy_per_atom: 4.9656135926738765, forces: 31.27380883516509, stress: 0.0015369197497590228, 
2026-09-21 13:12:31.883 DEBUG: loss breakdown: energy_per_atom: 5.149695900559044, forces: 25.89936737327613, stress: 0.00099778793995245, 
2026-09-21 13:12:32.035 DEBUG: loss breakdown: energy_per_atom: 2.2440094589672412, forces: 37.48715567390823, stress: 0.0017891242013401921, 
2026-09-21 13:12:32.166 DEBUG: loss breakdown: energy_per_atom: 1.5030661730237393, forces: 83.50621143123156, stress: 0.0020477240463425677, 
2026-09-21 13:12:32.314 DEBUG: loss breakdown: energy_per_atom: 37.8890127642821, forces: 40.19720907136509, stress: 0.006010360432269554, 
2026-09-21 13:12:32.463 DEBUG: loss breakdown: energy_per_atom: 0.6108768586443427, forces: 33.20854736416174, stress: 0.0013524569581347188, 
2026-09-21 13:12:32.597 DEBUG: loss breakdown: energy_per_atom: 0.5640590996937829, forces: 20.458817573127337, stress: 0.0019451066092624435, 
2026-09-21 13:12:32.741 DEBUG: loss breakdown: energy_per_atom: 0.7513760474818898, forces: 187.76045127593122, stress: 0.002391470887715396, 
2026-09-21 13:12:32.883 DEBUG: loss breakdown: energy_per_atom: 18.37065878999904, forces: 25.103367889503765, stress: 0.0008349904055581811, 
2026-09-21 13:12:33.015 DEBUG: loss breakdown: energy_per_atom: 0.6633193079265939, forces: 24.214426320820138, stress: 0.0010104357556278806, 
2026-09-21 13:12:33.152 DEBUG: loss breakdown: energy_per_atom: 1.2721917620983998, forces: 30.83397938718772, stress: 0.0012150055570721357, 
2026-09-21 13:12:33.289 DEBUG: loss breakdown: energy_per_atom: 0.6543796924374949, forces: 20.1072997341243, stress: 0.0016848836778741577, 
2026-09-21 13:12:33.439 DEBUG: loss breakdown: energy_per_atom: 5.5676889380789305, forces: 49.21503291405754, stress: 0.002200059562573566, 
2026-09-21 13:12:33.592 DEBUG: loss breakdown: energy_per_atom: 0.6070304693298509, forces: 45.20770562827164, stress: 0.0015334348281901189, 
2026-09-21 13:12:33.732 DEBUG: loss breakdown: energy_per_atom: 2.3656882786741487, forces: 26.954967261910895, stress: 0.0011491748432544452, 
2026-09-21 13:12:33.864 DEBUG: loss breakdown: energy_per_atom: 5.087355279656841, forces: 59.82487397482945, stress: 0.0020915603971694233, 
2026-09-21 13:12:34.001 DEBUG: loss breakdown: energy_per_atom: 0.5250886845259477, forces: 26.420561168839253, stress: 0.0013105236956854076, 
2026-09-21 13:12:34.144 DEBUG: loss breakdown: energy_per_atom: 0.7129158348477034, forces: 36.706100435708, stress: 0.0021589413305664776, 
2026-09-21 13:12:34.297 DEBUG: loss breakdown: energy_per_atom: 10.063602008961869, forces: 19.303937977549467, stress: 0.0005639286968481955, 
2026-09-21 13:12:34.426 DEBUG: loss breakdown: energy_per_atom: 2.5905810179382485, forces: 21.72191116522142, stress: 0.0006959621538390135, 
2026-09-21 13:12:34.590 DEBUG: loss breakdown: energy_per_atom: 1.5347360326740107, forces: 47.786860715841584, stress: 0.0008132514842281765, 
2026-09-21 13:12:34.725 DEBUG: loss breakdown: energy_per_atom: 8.890924367472845, forces: 40.82096785287652, stress: 0.00086560131629399, 
2026-09-21 13:12:34.863 DEBUG: loss breakdown: energy_per_atom: 7.3511052010078375, forces: 3221.092832333062, stress: 0.0012636809431163455, 
2026-09-21 13:12:35.014 DEBUG: loss breakdown: energy_per_atom: 0.6359999841211839, forces: 29.265289849477487, stress: 0.0028097542922177867, 
2026-09-21 13:12:35.155 DEBUG: loss breakdown: energy_per_atom: 0.5659342388465113, forces: 35.131855696310424, stress: 0.001364336778290066, 
2026-09-21 13:12:35.305 DEBUG: loss breakdown: energy_per_atom: 0.7389131768738559, forces: 28.62660543658413, stress: 0.016886639132853307, 
2026-09-21 13:12:35.453 DEBUG: loss breakdown: energy_per_atom: 0.6757495348914873, forces: 122.6994999309284, stress: 0.000720610073697697, 
2026-09-21 13:12:35.579 DEBUG: loss breakdown: energy_per_atom: 0.6391571849522654, forces: 32.859938544126734, stress: 0.000691297276719866, 
2026-09-21 13:12:35.720 DEBUG: loss breakdown: energy_per_atom: 0.6968877861319195, forces: 27.001596322920594, stress: 0.0007833320539942603, 
2026-09-21 13:12:35.857 DEBUG: loss breakdown: energy_per_atom: 1.110389714873786, forces: 87.92556999366535, stress: 0.0008437351027097739, 
2026-09-21 13:12:35.988 DEBUG: loss breakdown: energy_per_atom: 1.7715797886484088, forces: 20.043278391339612, stress: 0.0008100771519649826, 
2026-09-21 13:12:36.124 DEBUG: loss breakdown: energy_per_atom: 0.9785625923753398, forces: 47.59430256602205, stress: 0.000726386074930189, 
2026-09-21 13:12:36.253 DEBUG: loss breakdown: energy_per_atom: 2.7807189299320516, forces: 42.1692057580031, stress: 0.0010117620127252736, 
2026-09-21 13:12:36.384 DEBUG: loss breakdown: energy_per_atom: 45.204403451767604, forces: 113.11311439966435, stress: 0.0009611777834511508, 
2026-09-21 13:12:36.517 DEBUG: loss breakdown: energy_per_atom: 1.9284368661393136, forces: 167.62265391233876, stress: 0.0012361953811989867, 
2026-09-21 13:12:36.649 DEBUG: loss breakdown: energy_per_atom: 0.6501281094181798, forces: 35.24342510155999, stress: 0.0011463486221591189, 
2026-09-21 13:12:36.783 DEBUG: loss breakdown: energy_per_atom: 5.631868467053235, forces: 21.55346255971495, stress: 0.0018981745722917007, 
2026-09-21 13:12:36.918 DEBUG: loss breakdown: energy_per_atom: 0.605713702535155, forces: 28.030064336257098, stress: 0.001522140262257784, 
2026-09-21 13:12:37.056 DEBUG: loss breakdown: energy_per_atom: 2.3677969105751804, forces: 40.662595133447596, stress: 0.000990388304785965, 
2026-09-21 13:12:37.192 DEBUG: loss breakdown: energy_per_atom: 0.5164444054231462, forces: 32.53891115087098, stress: 0.0008148556139826416, 
2026-09-21 13:12:37.348 DEBUG: loss breakdown: energy_per_atom: 1.4146827794032413, forces: 1419.5886948340942, stress: 0.005377588136983654, 
2026-09-21 13:12:37.497 DEBUG: loss breakdown: energy_per_atom: 8.874304057344816, forces: 24.868116431317354, stress: 0.0006416017718656278, 
2026-09-21 13:12:37.645 DEBUG: loss breakdown: energy_per_atom: 2.5893594387727847, forces: 29.595820125776058, stress: 0.0016858319800579756, 
2026-09-21 13:12:37.806 DEBUG: loss breakdown: energy_per_atom: 0.36578295822795714, forces: 40.40327354166202, stress: 0.0008954815534337366, 
2026-09-21 13:12:37.955 DEBUG: loss breakdown: energy_per_atom: 1.365892109017127, forces: 16.182050414837263, stress: 0.0012304547139821993, 
2026-09-21 13:12:38.086 DEBUG: loss breakdown: energy_per_atom: 5.617581289763195, forces: 29.066804348803338, stress: 0.0018624721234952342, 
2026-09-21 13:12:38.231 DEBUG: loss breakdown: energy_per_atom: 2.3531440601099103, forces: 26.2129951821543, stress: 0.0009281520080162071, 
2026-09-21 13:12:38.367 DEBUG: loss breakdown: energy_per_atom: 1.9666264625707288, forces: 22.677113279159975, stress: 0.0016302065931385222, 
2026-09-21 13:12:38.521 DEBUG: loss breakdown: energy_per_atom: 1.0870083994988788, forces: 35.1769781344649, stress: 0.0020758455508688694, 
2026-09-21 13:12:38.669 DEBUG: loss breakdown: energy_per_atom: 0.7362861272419617, forces: 2694.7642543186917, stress: 0.0031959727379253346, 
2026-09-21 13:12:38.821 DEBUG: loss breakdown: energy_per_atom: 1.2393738901846194, forces: 44.61344217160194, stress: 0.0003344866803631149, 
2026-09-21 13:12:38.955 DEBUG: loss breakdown: energy_per_atom: 0.655622528513176, forces: 44.55028575519099, stress: 0.0013425648476085542, 
2026-09-21 13:12:39.094 DEBUG: loss breakdown: energy_per_atom: 0.962165376493775, forces: 69.33931672092763, stress: 0.005387839777119814, 
2026-09-21 13:12:39.231 DEBUG: loss breakdown: energy_per_atom: 1.0765204378691549, forces: 53.52024817598217, stress: 0.007218915084328838, 
2026-09-21 13:12:39.381 DEBUG: loss breakdown: energy_per_atom: 1.1062242797711268, forces: 43.874989603238326, stress: 0.0008222230288866864, 
2026-09-21 13:12:39.518 DEBUG: loss breakdown: energy_per_atom: 2.900338439655324, forces: 62.3927041301187, stress: 0.0009590742946272574, 
2026-09-21 13:12:39.651 DEBUG: loss breakdown: energy_per_atom: 1.4321550360443873, forces: 42.44413737673424, stress: 0.0011180140221415738, 
2026-09-21 13:12:39.782 DEBUG: loss breakdown: energy_per_atom: 6.034722932208701, forces: 25.448333958787494, stress: 0.002455871490927903, 
2026-09-21 13:12:39.918 DEBUG: loss breakdown: energy_per_atom: 0.7546279740648383, forces: 31.578130870133215, stress: 0.0020572497190220356, 
2026-09-21 13:12:40.061 DEBUG: loss breakdown: energy_per_atom: 51.997785821424436, forces: 36.28931052570179, stress: 0.0025224511527375485, 
2026-09-21 13:12:40.215 DEBUG: loss breakdown: energy_per_atom: 0.7769191183840728, forces: 20.705382667853105, stress: 0.0015095523501134109, 
2026-09-21 13:12:40.356 DEBUG: loss breakdown: energy_per_atom: 6.896327775535329, forces: 39.63048009561774, stress: 0.0013137574160651249, 
2026-09-21 13:12:40.504 DEBUG: loss breakdown: energy_per_atom: 2.1212610952303548, forces: 26.476040228298352, stress: 0.0011932130480626967, 
2026-09-21 13:12:40.637 DEBUG: loss breakdown: energy_per_atom: 0.6208828396819648, forces: 81.98880990712985, stress: 0.0013630508675224154, 
2026-09-21 13:12:40.774 DEBUG: loss breakdown: energy_per_atom: 10.16949087372467, forces: 29.55244931515748, stress: 0.008966111574205479, 
2026-09-21 13:12:40.916 DEBUG: loss breakdown: energy_per_atom: 6.420976030696439, forces: 67.53293663818376, stress: 0.0011175910635493368, 
2026-09-21 13:12:41.041 DEBUG: loss breakdown: energy_per_atom: 1.278570512196664, forces: 45.241592232040965, stress: 0.0015482277610387501, 
2026-09-21 13:12:41.181 DEBUG: loss breakdown: energy_per_atom: 0.8727969190929499, forces: 23.63969815146454, stress: 0.006689848329606046, 
2026-09-21 13:12:41.325 DEBUG: loss breakdown: energy_per_atom: 0.36177025872431456, forces: 43.84878558347742, stress: 0.0011133739560339388, 
2026-09-21 13:12:41.457 DEBUG: loss breakdown: energy_per_atom: 0.9392611344930988, forces: 28.977201883299102, stress: 0.0008322415572446286, 
2026-09-21 13:12:41.606 DEBUG: loss breakdown: energy_per_atom: 1.1936214329089614, forces: 35.79832147607388, stress: 0.0012257990105821845, 
2026-09-21 13:12:41.738 DEBUG: loss breakdown: energy_per_atom: 0.5397821881530221, forces: 60.7587931772422, stress: 0.0006750612671576774, 
2026-09-21 13:12:41.881 DEBUG: loss breakdown: energy_per_atom: 5.081666476787039, forces: 42.85197891235706, stress: 0.0010840731246338777, 
2026-09-21 13:12:42.012 DEBUG: loss breakdown: energy_per_atom: 3.225651047089897, forces: 42.22645122850205, stress: 0.0006280433418760632, 
2026-09-21 13:12:42.139 DEBUG: loss breakdown: energy_per_atom: 0.6187612740665416, forces: 29.372321169627668, stress: 0.0011750687746687003, 
2026-09-21 13:12:42.280 DEBUG: loss breakdown: energy_per_atom: 1.881159613722642, forces: 13.156718677508342, stress: 0.0005059869481913904, 
2026-09-21 13:12:42.415 DEBUG: loss breakdown: energy_per_atom: 0.8671308755300349, forces: 28.814156454106655, stress: 0.0009318203952001533, 
2026-09-21 13:12:42.552 DEBUG: loss breakdown: energy_per_atom: 2.2836043505114, forces: 49.28075624497718, stress: 0.0008045304349912439, 
2026-09-21 13:12:42.696 DEBUG: loss breakdown: energy_per_atom: 6.608895464872571, forces: 3541.857144721343, stress: 0.012542713498245936, 
2026-09-21 13:12:42.835 DEBUG: loss breakdown: energy_per_atom: 0.8905474021707072, forces: 47.784577184607784, stress: 0.000765320504041068, 
2026-09-21 13:12:42.975 DEBUG: loss breakdown: energy_per_atom: 3.389226543238984, forces: 38.13886820087994, stress: 0.000795640090187492, 
2026-09-21 13:12:43.127 DEBUG: loss breakdown: energy_per_atom: 0.7678417620993494, forces: 39.25401986422102, stress: 0.0012712783058679736, 
2026-09-21 13:12:43.283 DEBUG: loss breakdown: energy_per_atom: 0.5413178780578005, forces: 93.60315058454304, stress: 0.0011474635132886798, 
2026-09-21 13:12:43.445 DEBUG: loss breakdown: energy_per_atom: 0.46582429901852485, forces: 44.05367678906782, stress: 0.0011484909435113505, 
2026-09-21 13:12:43.587 DEBUG: loss breakdown: energy_per_atom: 1.4803426900058725, forces: 54.96820236116188, stress: 0.0020067651907367152, 
2026-09-21 13:12:43.726 DEBUG: loss breakdown: energy_per_atom: 2.252743547360798, forces: 25.847621875795017, stress: 0.0016033429309032755, 
2026-09-21 13:12:43.870 DEBUG: loss breakdown: energy_per_atom: 0.5882706671059834, forces: 221.31285085369257, stress: 0.0013844703420463037, 
2026-09-21 13:12:44.024 DEBUG: loss breakdown: energy_per_atom: 12.896550956748111, forces: 29.10011644624287, stress: 0.0016308810387689133, 
2026-09-21 13:12:44.187 DEBUG: loss breakdown: energy_per_atom: 0.4319460685263746, forces: 41.372856907514, stress: 0.0012577650537259838, 
2026-09-21 13:12:44.342 DEBUG: loss breakdown: energy_per_atom: 0.6605816123932995, forces: 64.01306310008253, stress: 0.0019092144030812839, 
2026-09-21 13:12:44.498 DEBUG: loss breakdown: energy_per_atom: 4.270073735423369, forces: 105.79177796608093, stress: 0.005837126317855297, 
2026-09-21 13:12:44.637 DEBUG: loss breakdown: energy_per_atom: 2.315399394996672, forces: 19.311416313053627, stress: 0.0008864800438853767, 
2026-09-21 13:12:44.770 DEBUG: loss breakdown: energy_per_atom: 0.47316060059268733, forces: 25.021779336703748, stress: 0.0009030283758149914, 
2026-09-21 13:12:44.938 DEBUG: loss breakdown: energy_per_atom: 0.6749903727191001, forces: 26.949197854690865, stress: 0.0006107547641710246, 
2026-09-21 13:12:45.096 DEBUG: loss breakdown: energy_per_atom: 0.6416166366491303, forces: 51.59621341578728, stress: 0.0006505230468217453, 
2026-09-21 13:12:45.276 DEBUG: loss breakdown: energy_per_atom: 0.47230303990099337, forces: 56.28839159615554, stress: 0.0007055474686272442, 
2026-09-21 13:12:45.432 DEBUG: loss breakdown: energy_per_atom: 1.858129999009323, forces: 38.884229239356536, stress: 0.0008150155628313332, 
2026-09-21 13:12:45.579 DEBUG: loss breakdown: energy_per_atom: 0.5513302488195162, forces: 24.54733587780511, stress: 0.001095987650895089, 
2026-09-21 13:12:45.742 DEBUG: loss breakdown: energy_per_atom: 1.4590981045742817, forces: 37.59941667990595, stress: 0.001055351636246214, 
2026-09-21 13:12:45.891 DEBUG: loss breakdown: energy_per_atom: 1.1161064219894963, forces: 36.33926551325, stress: 0.0015311115347824075, 
2026-09-21 13:12:46.038 DEBUG: loss breakdown: energy_per_atom: 1.1389506234338351, forces: 13.925772095020017, stress: 0.0010109768186600731, 
2026-09-21 13:12:46.186 DEBUG: loss breakdown: energy_per_atom: 7.309177453255279, forces: 37.42473334484973, stress: 0.000740415716805573, 
2026-09-21 13:12:46.333 DEBUG: loss breakdown: energy_per_atom: 1.9388919594720373, forces: 37.94141711689256, stress: 0.004367881381059097, 
2026-09-21 13:12:46.476 DEBUG: loss breakdown: energy_per_atom: 0.9365944130734982, forces: 30.273559185010317, stress: 0.001215724518451032, 
2026-09-21 13:12:46.626 DEBUG: loss breakdown: energy_per_atom: 0.9009099756379421, forces: 42.84630657126712, stress: 0.0010688691331863381, 
2026-09-21 13:12:46.763 DEBUG: loss breakdown: energy_per_atom: 11.195965348562357, forces: 33.82115635040791, stress: 0.0028267290179845254, 
2026-09-21 13:12:46.903 DEBUG: loss breakdown: energy_per_atom: 0.7219433576260257, forces: 39.756659318503026, stress: 0.0019540769885634432, 
2026-09-21 13:12:47.042 DEBUG: loss breakdown: energy_per_atom: 3.413841784462357, forces: 36.6631509961633, stress: 0.0035538689311134606, 
2026-09-21 13:12:47.192 DEBUG: loss breakdown: energy_per_atom: 0.46636385506274314, forces: 33.476677766757525, stress: 0.0015751173939658125, 
2026-09-21 13:12:47.349 DEBUG: loss breakdown: energy_per_atom: 2.7641107597987, forces: 44.70348978848257, stress: 0.0018993126096591042, 
2026-09-21 13:12:47.503 DEBUG: loss breakdown: energy_per_atom: 0.6008642010833052, forces: 39.71799905264587, stress: 0.0015347890206222827, 
2026-09-21 13:12:47.648 DEBUG: loss breakdown: energy_per_atom: 0.9171475143295766, forces: 41.883942920764895, stress: 0.0012347030496023008, 
2026-09-21 13:12:47.797 DEBUG: loss breakdown: energy_per_atom: 0.5697757209279029, forces: 27.555688274830576, stress: 0.0007920826558830686, 
2026-09-21 13:12:47.937 DEBUG: loss breakdown: energy_per_atom: 0.6565376455795271, forces: 666.0648757244305, stress: 0.009602949721828343, 
2026-09-21 13:12:48.077 DEBUG: loss breakdown: energy_per_atom: 1.0398207414559244, forces: 68.2396272513478, stress: 0.0007719168925917713, 
2026-09-21 13:12:48.226 DEBUG: loss breakdown: energy_per_atom: 12.826341343084804, forces: 37.08412997992412, stress: 0.0032770819910201265, 
2026-09-21 13:12:48.364 DEBUG: loss breakdown: energy_per_atom: 7.5975480825090385, forces: 23.17006290485312, stress: 0.001310823346989716, 
2026-09-21 13:12:48.505 DEBUG: loss breakdown: energy_per_atom: 2.4300977234145513, forces: 447.6377439972552, stress: 0.002694618399720895, 
2026-09-21 13:12:48.653 DEBUG: loss breakdown: energy_per_atom: 0.6283805167967731, forces: 17.98371543079359, stress: 0.000966062871503505, 
2026-09-21 13:12:48.793 DEBUG: loss breakdown: energy_per_atom: 0.727555796735939, forces: 26.520093858672844, stress: 0.0007924042599789245, 
2026-09-21 13:12:48.922 DEBUG: loss breakdown: energy_per_atom: 0.5065933097764429, forces: 26.248882748885798, stress: 0.0010022688682517543, 
2026-09-21 13:12:49.051 DEBUG: loss breakdown: energy_per_atom: 0.5293335336669551, forces: 26.518179793023528, stress: 0.0007102383256306384, 
2026-09-21 13:12:49.188 DEBUG: loss breakdown: energy_per_atom: 0.5746626019769933, forces: 42.86894969497729, stress: 0.000693319061875132, 
2026-09-21 13:12:49.331 DEBUG: loss breakdown: energy_per_atom: 0.5846657268793372, forces: 24.75018839850415, stress: 0.0007866482020119767, 
2026-09-21 13:12:49.489 DEBUG: loss breakdown: energy_per_atom: 8.047637513334443, forces: 44.40353810656272, stress: 0.0008558259761918088, 
2026-09-21 13:12:49.655 DEBUG: loss breakdown: energy_per_atom: 0.7930772448228165, forces: 13.689993793107883, stress: 0.000928848892877597, 
2026-09-21 13:12:49.828 DEBUG: loss breakdown: energy_per_atom: 0.7086596035875261, forces: 27.249895067517336, stress: 0.0007245526007377027, 
2026-09-21 13:12:49.963 DEBUG: loss breakdown: energy_per_atom: 0.642594713452004, forces: 109.74948550343389, stress: 0.001206270248214353, 
2026-09-21 13:12:50.101 DEBUG: loss breakdown: energy_per_atom: 0.5557675236284856, forces: 17.628654852778496, stress: 0.0007901069732959057, 
2026-09-21 13:12:50.252 DEBUG: loss breakdown: energy_per_atom: 1.0120108957259075, forces: 788.1270672850283, stress: 0.002094925839622955, 
2026-09-21 13:12:50.389 DEBUG: loss breakdown: energy_per_atom: 2.392077917863117, forces: 37.18380673891348, stress: 0.0010687315665088154, 
2026-09-21 13:12:50.548 DEBUG: loss breakdown: energy_per_atom: 0.5799089015111405, forces: 28.910548710976077, stress: 0.0016140124977768687, 
2026-09-21 13:12:50.680 DEBUG: loss breakdown: energy_per_atom: 0.5902664612197559, forces: 25.083648614777744, stress: 0.0013392535689160383, 
2026-09-21 13:12:50.815 DEBUG: loss breakdown: energy_per_atom: 1.1330104231598739, forces: 19.588104059071053, stress: 0.000889698016532931, 
2026-09-21 13:12:50.955 DEBUG: loss breakdown: energy_per_atom: 1.6560818871705862, forces: 18.857205175528595, stress: 0.0012386598402931688, 
2026-09-21 13:12:51.083 DEBUG: loss breakdown: energy_per_atom: 0.6246861038644449, forces: 66.17140087093802, stress: 0.0010562298958552803, 
2026-09-21 13:12:51.232 DEBUG: loss breakdown: energy_per_atom: 0.814829651342272, forces: 31.353485066452585, stress: 0.002310776422153565, 
2026-09-21 13:12:51.396 DEBUG: loss breakdown: energy_per_atom: 0.37218522207334065, forces: 41.245886959863405, stress: 0.000552229975327512, 
2026-09-21 13:12:51.548 DEBUG: loss breakdown: energy_per_atom: 7.085977580196299, forces: 15.733440751379229, stress: 0.0012938339948988223, 
2026-09-21 13:12:51.685 DEBUG: loss breakdown: energy_per_atom: 0.5826076839873604, forces: 27.02450867136302, stress: 0.00042175398106920463, 
2026-09-21 13:12:51.826 DEBUG: loss breakdown: energy_per_atom: 1.8170401483688299, forces: 120.95320153839393, stress: 0.0008109203194855911, 
2026-09-21 13:12:51.972 DEBUG: loss breakdown: energy_per_atom: 0.5769636841609491, forces: 43.10011447984996, stress: 0.0005939395079639268, 
2026-09-21 13:12:52.120 DEBUG: loss breakdown: energy_per_atom: 0.6722084769787112, forces: 20.035696630101455, stress: 0.0006813333685829565, 
2026-09-21 13:12:52.253 DEBUG: loss breakdown: energy_per_atom: 2.638778266241966, forces: 25.373970181071243, stress: 0.0009252639609826737, 
2026-09-21 13:12:52.399 DEBUG: loss breakdown: energy_per_atom: 8.266708123330064, forces: 29.749650987865913, stress: 0.0013655354256812136, 
2026-09-21 13:12:52.537 DEBUG: loss breakdown: energy_per_atom: 87.51539283011674, forces: 73.10648134773817, stress: 0.0012863341031420516, 
2026-09-21 13:12:52.683 DEBUG: loss breakdown: energy_per_atom: 0.8061398449749648, forces: 27.11910437789569, stress: 0.0010479100537888744, 
2026-09-21 13:12:52.818 DEBUG: loss breakdown: energy_per_atom: 3.185450402578268, forces: 13.305194894999381, stress: 0.000799689684346995, 
2026-09-21 13:12:52.953 DEBUG: loss breakdown: energy_per_atom: 0.5176260722156968, forces: 14.705207130523675, stress: 0.0005271809819271483, 
2026-09-21 13:12:53.107 DEBUG: loss breakdown: energy_per_atom: 0.4729429387741914, forces: 42.42694703121882, stress: 0.00038789783858774244, 
2026-09-21 13:12:53.245 DEBUG: loss breakdown: energy_per_atom: 0.7014475683519621, forces: 25.96122513544178, stress: 0.00045839943975402444, 
2026-09-21 13:12:53.373 DEBUG: loss breakdown: energy_per_atom: 0.5868609323668684, forces: 37.30009620481371, stress: 0.001185299473493561, 
2026-09-21 13:12:53.500 DEBUG: loss breakdown: energy_per_atom: 0.5936941679208978, forces: 43.60956524292444, stress: 0.0008195211443084455, 
2026-09-21 13:12:53.645 DEBUG: loss breakdown: energy_per_atom: 0.6480735461275388, forces: 44.54682855786252, stress: 0.0009520141458196521, 
2026-09-21 13:12:53.770 DEBUG: loss breakdown: energy_per_atom: 0.4554232220455516, forces: 32.52546487705983, stress: 0.0003860380881353462, 
2026-09-21 13:12:53.903 DEBUG: loss breakdown: energy_per_atom: 0.4239874365397278, forces: 17.348700243940616, stress: 0.0005303070838288319, 
2026-09-21 13:12:54.068 DEBUG: loss breakdown: energy_per_atom: 0.9708396330390799, forces: 25.803372366190796, stress: 0.0007495001436674726, 
2026-09-21 13:12:54.230 DEBUG: loss breakdown: energy_per_atom: 0.5057910916882019, forces: 72.32648894317731, stress: 0.0005285031018245189, 
2026-09-21 13:12:54.369 DEBUG: loss breakdown: energy_per_atom: 24.036084118533015, forces: 42.26869392242611, stress: 0.001275287390110216, 
2026-09-21 13:12:54.519 DEBUG: loss breakdown: energy_per_atom: 1.8569772150288197, forces: 13.243953701747257, stress: 0.00039616546042113386, 
2026-09-21 13:12:54.659 DEBUG: loss breakdown: energy_per_atom: 0.6154187036432792, forces: 33.93219272699753, stress: 0.0008354249487259187, 
2026-09-21 13:12:54.816 DEBUG: loss breakdown: energy_per_atom: 0.6929311390034959, forces: 34.28784848937326, stress: 0.0008412648186995969, 
2026-09-21 13:12:54.972 DEBUG: loss breakdown: energy_per_atom: 2.1308064480996673, forces: 37.03897525126027, stress: 0.0006824104819674953, 
2026-09-21 13:12:55.111 DEBUG: loss breakdown: energy_per_atom: 6.437851183967471, forces: 37.33821185034677, stress: 0.0029793572894204557, 
2026-09-21 13:12:55.262 DEBUG: loss breakdown: energy_per_atom: 15.337110131060115, forces: 16.707147769356943, stress: 0.0009390954266818921, 
2026-09-21 13:12:55.411 DEBUG: loss breakdown: energy_per_atom: 1.247314052398336, forces: 70.45917438368329, stress: 0.0003793317177410626, 
2026-09-21 13:12:55.599 DEBUG: loss breakdown: energy_per_atom: 1.0388984064856992, forces: 45.344577010997426, stress: 0.0006973597757285848, 
2026-09-21 13:12:55.761 DEBUG: loss breakdown: energy_per_atom: 1.1450050450248486, forces: 34.65191952013745, stress: 0.0005340968734571669, 
2026-09-21 13:12:55.899 DEBUG: loss breakdown: energy_per_atom: 0.5488197593241013, forces: 37.146820715591865, stress: 0.0009054214995783376, 
2026-09-21 13:12:56.032 DEBUG: loss breakdown: energy_per_atom: 0.4754730269107162, forces: 17.816389626763836, stress: 0.0008546130999036908, 
2026-09-21 13:12:56.164 DEBUG: loss breakdown: energy_per_atom: 2.480092586041551, forces: 27.064263515838423, stress: 0.0008594614828985473, 
2026-09-21 13:12:56.299 DEBUG: loss breakdown: energy_per_atom: 2.0202358358494066, forces: 20.131584737435997, stress: 0.0015836963427461781, 
2026-09-21 13:12:56.450 DEBUG: loss breakdown: energy_per_atom: 83.70536521715104, forces: 53.7298729370428, stress: 0.004306660226501573, 
2026-09-21 13:12:56.590 DEBUG: loss breakdown: energy_per_atom: 1.6309593173543324, forces: 20.574286980094662, stress: 0.0006402635157008945, 
2026-09-21 13:12:56.730 DEBUG: loss breakdown: energy_per_atom: 1.1313501795945813, forces: 75.35927673243626, stress: 0.0008449513983214046, 
2026-09-21 13:12:56.881 DEBUG: loss breakdown: energy_per_atom: 105.45602766263715, forces: 43.491112446246646, stress: 0.0007779683102150932, 
2026-09-21 13:12:57.032 DEBUG: loss breakdown: energy_per_atom: 0.17140928868585004, forces: 147.72717253936528, stress: 0.0006376849747964363, 
2026-09-21 13:12:57.184 DEBUG: loss breakdown: energy_per_atom: 0.5262307656524833, forces: 70.84990644549606, stress: 0.000652981010595105, 
2026-09-21 13:12:57.373 DEBUG: loss breakdown: energy_per_atom: 0.5967054842344277, forces: 42.2296924329509, stress: 0.0005347016795020055, 
2026-09-21 13:12:57.523 DEBUG: loss breakdown: energy_per_atom: 2.108036077234491, forces: 32.99637687028813, stress: 0.0009172195742936404, 
2026-09-21 13:12:57.658 DEBUG: loss breakdown: energy_per_atom: 0.34585127777543995, forces: 17.458350598691254, stress: 0.0013338943113854985, 
2026-09-21 13:12:57.794 DEBUG: loss breakdown: energy_per_atom: 0.5546482731417315, forces: 18.23708976858271, stress: 0.0012066771187948884, 
2026-09-21 13:12:57.938 DEBUG: loss breakdown: energy_per_atom: 0.3199626561154984, forces: 25.923015814969403, stress: 0.0010881374718314262, 
2026-09-21 13:12:58.070 DEBUG: loss breakdown: energy_per_atom: 1.0356071102351527, forces: 50.883833598423614, stress: 0.0005927728247902152, 
2026-09-21 13:12:58.213 DEBUG: loss breakdown: energy_per_atom: 0.6724059935116615, forces: 30.129084801532173, stress: 0.005144762181648165, 
2026-09-21 13:12:58.358 DEBUG: loss breakdown: energy_per_atom: 1.0497836619977396, forces: 48.53407030301653, stress: 0.0010957371465773122, 
2026-09-21 13:12:58.509 DEBUG: loss breakdown: energy_per_atom: 1.3941018647206327, forces: 29.933027414200296, stress: 0.0006928288528964036, 
2026-09-21 13:12:58.661 DEBUG: loss breakdown: energy_per_atom: 27.214627593285424, forces: 24.993311733213844, stress: 0.0005217042354363734, 
2026-09-21 13:12:58.823 DEBUG: loss breakdown: energy_per_atom: 84.6923961985293, forces: 64.30407466429887, stress: 0.002575850891393552, 
2026-09-21 13:12:58.977 DEBUG: loss breakdown: energy_per_atom: 0.5116708072970296, forces: 16.80843042318533, stress: 0.001111927570345021, 
2026-09-21 13:12:59.141 DEBUG: loss breakdown: energy_per_atom: 19.71571296500109, forces: 26.838847611661553, stress: 0.00107916751050828, 
2026-09-21 13:12:59.285 DEBUG: loss breakdown: energy_per_atom: 31.39276970645431, forces: 34.59315535261958, stress: 0.0007317593611161447, 
2026-09-21 13:12:59.435 DEBUG: loss breakdown: energy_per_atom: 1.712969433638684, forces: 34.6582110418815, stress: 0.0007240983734766739, 
2026-09-21 13:12:59.573 DEBUG: loss breakdown: energy_per_atom: 2.8376389363447525, forces: 10.230534829517394, stress: 0.001108044588469066, 
2026-09-21 13:12:59.709 DEBUG: loss breakdown: energy_per_atom: 0.8882324407936503, forces: 16.63477189722108, stress: 0.000731008327062233, 
2026-09-21 13:12:59.848 DEBUG: loss breakdown: energy_per_atom: 2.017221546721359, forces: 32.24096393007498, stress: 0.002131716216311876, 
2026-09-21 13:12:59.999 DEBUG: loss breakdown: energy_per_atom: 0.5911347737885866, forces: 30.092989093131056, stress: 0.000635105115193379, 
2026-09-21 13:13:00.155 DEBUG: loss breakdown: energy_per_atom: 3.1779160259853674, forces: 45.399362920439735, stress: 0.0006113286213781414, 
2026-09-21 13:13:00.608 DEBUG: loss breakdown: energy_per_atom: 2.7595812481487387, forces: 39.63004921728759, stress: 0.0004792845335228624, 
2026-09-21 13:13:00.742 DEBUG: loss breakdown: energy_per_atom: 1.6212436458564063, forces: 49.4959665376965, stress: 0.0004754170421127662, 
2026-09-21 13:13:00.865 DEBUG: loss breakdown: energy_per_atom: 1.2078857619073204, forces: 21.930615622891587, stress: 0.0067181014062762286, 
2026-09-21 13:13:00.979 DEBUG: loss breakdown: energy_per_atom: 1.0037062404544261, forces: 43.228360097883574, stress: 0.0008487052451626079, 
2026-09-21 13:13:01.101 DEBUG: loss breakdown: energy_per_atom: 0.9327535579618071, forces: 30.09464665095532, stress: 0.0006060072254977731, 
2026-09-21 13:13:01.246 DEBUG: loss breakdown: energy_per_atom: 1.9339395178401926, forces: 37.23778301726702, stress: 0.0007040136602108878, 
2026-09-21 13:13:01.386 DEBUG: loss breakdown: energy_per_atom: 14.77879652325531, forces: 21.46741742738617, stress: 0.0007816801002148893, 
2026-09-21 13:13:01.535 DEBUG: loss breakdown: energy_per_atom: 12.665364954224598, forces: 9.880960058149752, stress: 0.00810654812757673, 
2026-09-21 13:13:01.690 DEBUG: loss breakdown: energy_per_atom: 0.6096835336486235, forces: 47.489055599851824, stress: 0.0008703682845723831, 
2026-09-21 13:13:01.839 DEBUG: loss breakdown: energy_per_atom: 0.9570079538087064, forces: 49.9345054462004, stress: 0.016222812558612548, 
2026-09-21 13:13:01.974 DEBUG: loss breakdown: energy_per_atom: 0.9157978191504681, forces: 91.35540755328654, stress: 0.001152956883889454, 
2026-09-21 13:13:02.127 DEBUG: loss breakdown: energy_per_atom: 0.7093927942860292, forces: 21.130051497378954, stress: 0.0009664707281237692, 
2026-09-21 13:13:02.275 DEBUG: loss breakdown: energy_per_atom: 1.5413478064002444, forces: 43.4106900978335, stress: 0.00047889161709193707, 
2026-09-21 13:13:02.422 DEBUG: loss breakdown: energy_per_atom: 0.504158128202309, forces: 39.99978807903541, stress: 0.0010759577767042157, 
2026-09-21 13:13:02.727 DEBUG: loss breakdown: energy_per_atom: 0.7287485422770164, forces: 48.215860021183815, stress: 0.0013343325918117456, 
2026-09-21 13:13:02.862 DEBUG: loss breakdown: energy_per_atom: 0.5735743143976574, forces: 37.26576975377504, stress: 0.0011035703613476232, 
2026-09-21 13:13:02.993 DEBUG: loss breakdown: energy_per_atom: 1.8895973056973108, forces: 48.82823222509453, stress: 0.0008679696053161638, 
2026-09-21 13:13:03.176 DEBUG: loss breakdown: energy_per_atom: 2.7822339736400776, forces: 37.3781141296982, stress: 0.0006435237179453634, 
2026-09-21 13:13:03.588 DEBUG: loss breakdown: energy_per_atom: 11.462592167852844, forces: 37.41451299463224, stress: 0.0016861283903796956, 
2026-09-21 13:13:03.732 DEBUG: loss breakdown: energy_per_atom: 2.5289908540234416, forces: 59.08339202928802, stress: 0.00044885303203579967, 
2026-09-21 13:13:03.863 DEBUG: loss breakdown: energy_per_atom: 0.8530018876784105, forces: 90.25713373867337, stress: 0.0030165182101763105, 
2026-09-21 13:13:03.987 DEBUG: loss breakdown: energy_per_atom: 17.407880917198565, forces: 21.587704190311957, stress: 0.0007028220174619406, 
2026-09-21 13:13:04.114 DEBUG: loss breakdown: energy_per_atom: 0.27028968108026563, forces: 25.050226190663338, stress: 0.0014071833659142381, 
2026-09-21 13:13:04.251 DEBUG: loss breakdown: energy_per_atom: 2.443035810223258, forces: 194.55199433633348, stress: 0.0015063111834868338, 
2026-09-21 13:13:04.393 DEBUG: loss breakdown: energy_per_atom: 1.0814306231937214, forces: 19.213537418564957, stress: 0.001663358172276756, 
2026-09-21 13:13:04.533 DEBUG: loss breakdown: energy_per_atom: 9.696211307461613, forces: 45.28848009927348, stress: 0.001177877374303324, 
2026-09-21 13:13:04.704 DEBUG: loss breakdown: energy_per_atom: 22.90678307555986, forces: 22.417740090146793, stress: 0.001533810953937694, 
2026-09-21 13:13:04.859 DEBUG: loss breakdown: energy_per_atom: 0.27482233631266717, forces: 19.488672561837436, stress: 0.0010429002591160902, 
2026-09-21 13:13:05.263 DEBUG: loss breakdown: energy_per_atom: 0.4066636548210671, forces: 50.94604244588219, stress: 0.0007989772027905036, 
2026-09-21 13:13:05.426 DEBUG: loss breakdown: energy_per_atom: 6.248156689271581, forces: 39.431250277096844, stress: 0.0010858988006258955, 
2026-09-21 13:13:05.549 DEBUG: loss breakdown: energy_per_atom: 1.861559734138026, forces: 41.09075657799353, stress: 0.00138368796749577, 
2026-09-21 13:13:05.686 DEBUG: loss breakdown: energy_per_atom: 20.013815448515892, forces: 54.64607756461737, stress: 0.0009130631269831306, 
2026-09-21 13:13:05.821 DEBUG: loss breakdown: energy_per_atom: 5.032735956648208, forces: 89.59031144698291, stress: 0.000977579516477745, 
2026-09-21 13:13:05.959 DEBUG: loss breakdown: energy_per_atom: 0.6018749653929842, forces: 61.71317656512033, stress: 0.0009870561726488239, 
2026-09-21 13:13:06.123 DEBUG: loss breakdown: energy_per_atom: 0.5714710259714606, forces: 68.91310160684007, stress: 0.0031020539249373077, 
2026-09-21 13:13:06.288 DEBUG: loss breakdown: energy_per_atom: 0.7101214753109122, forces: 53.54158948109406, stress: 0.0017785356832491202, 
2026-09-21 13:13:06.464 DEBUG: loss breakdown: energy_per_atom: 0.7862755303697408, forces: 90.1710103831115, stress: 0.0007477552382865566, 
2026-09-21 13:13:06.601 DEBUG: loss breakdown: energy_per_atom: 0.607124526595864, forces: 49.946102392016925, stress: 0.0006211940000976626, 
2026-09-21 13:13:06.741 DEBUG: loss breakdown: energy_per_atom: 0.6841567450257834, forces: 65.9615805641334, stress: 0.005019895734369822, 
2026-09-21 13:13:06.918 DEBUG: loss breakdown: energy_per_atom: 0.6633269851205088, forces: 31.821623394961467, stress: 0.0012778104404750099, 
2026-09-21 13:13:07.336 DEBUG: loss breakdown: energy_per_atom: 10.245944445014477, forces: 25.919609943075763, stress: 0.0006782227962640271, 
2026-09-21 13:13:07.469 DEBUG: loss breakdown: energy_per_atom: 1.3170008243738387, forces: 85.26840956426665, stress: 0.0010679130884537194, 
2026-09-21 13:13:07.601 DEBUG: loss breakdown: energy_per_atom: 16.337107090006075, forces: 45.66715753077421, stress: 0.0010267693999781147, 
2026-09-21 13:13:07.729 DEBUG: loss breakdown: energy_per_atom: 1.2056568493319184, forces: 52.520920271475404, stress: 0.0011405356167762696, 
2026-09-21 13:13:07.872 DEBUG: loss breakdown: energy_per_atom: 0.6360803190466086, forces: 41.9123422649764, stress: 0.006159605191114028, 
2026-09-21 13:13:08.007 DEBUG: loss breakdown: energy_per_atom: 8.137214647156792, forces: 24.29643864373412, stress: 0.0006707526447830866, 
2026-09-21 13:13:08.154 DEBUG: loss breakdown: energy_per_atom: 1.1826616273932045, forces: 14.147105812813265, stress: 0.002138296980869119, 
2026-09-21 13:13:08.293 DEBUG: loss breakdown: energy_per_atom: 38.736842681895084, forces: 12.303826243171859, stress: 0.0012681266970939445, 
2026-09-21 13:13:08.451 DEBUG: loss breakdown: energy_per_atom: 1.2355743973627935, forces: 39.510929896285255, stress: 0.0016701218522335358, 
2026-09-21 13:13:08.596 DEBUG: loss breakdown: energy_per_atom: 0.5800817073162886, forces: 44.26103282794311, stress: 0.0013968340423857566, 
2026-09-21 13:13:08.755 DEBUG: loss breakdown: energy_per_atom: 22.507097017756983, forces: 25.45571510509147, stress: 0.0008550262056398854, 
2026-09-21 13:13:08.909 DEBUG: loss breakdown: energy_per_atom: 2.6290238806588055, forces: 19.256300203415552, stress: 0.005178765096728738, 
2026-09-21 13:13:09.037 DEBUG: loss breakdown: energy_per_atom: 0.49237596963099817, forces: 23.011992494022387, stress: 0.0042391800165002365, 
2026-09-21 13:13:09.177 DEBUG: loss breakdown: energy_per_atom: 0.5972409751855879, forces: 33.43529261664037, stress: 0.001910884711913623, 
2026-09-21 13:13:09.312 DEBUG: loss breakdown: energy_per_atom: 1.0854367202087571, forces: 18.716947254942024, stress: 0.0011239653338307697, 
2026-09-21 13:13:09.445 DEBUG: loss breakdown: energy_per_atom: 5.510561873111854, forces: 26.218383001059355, stress: 0.0017592903790013834, 
2026-09-21 13:13:09.582 DEBUG: loss breakdown: energy_per_atom: 6.54220309340142, forces: 29.911333045236326, stress: 0.0006597517419239138, 
2026-09-21 13:13:09.732 DEBUG: loss breakdown: energy_per_atom: 1.4795476195860746, forces: 12.447539630586782, stress: 0.000820415492332797, 
2026-09-21 13:13:09.880 DEBUG: loss breakdown: energy_per_atom: 0.6481485456705196, forces: 22.31901090596213, stress: 0.001026551314247557, 
2026-09-21 13:13:10.027 DEBUG: loss breakdown: energy_per_atom: 0.33536422762687623, forces: 33.629509327740415, stress: 0.0016072075887796464, 
2026-09-21 13:13:10.172 DEBUG: loss breakdown: energy_per_atom: 0.7415232456298939, forces: 34.73423957852778, stress: 0.0035358644312278014, 
2026-09-21 13:13:10.317 DEBUG: loss breakdown: energy_per_atom: 8.82994279428887, forces: 102.95884392581496, stress: 0.0037942219349199214, 
2026-09-21 13:13:10.464 DEBUG: loss breakdown: energy_per_atom: 0.3396962606966964, forces: 20.062678901630463, stress: 0.0015971786349404963, 
2026-09-21 13:13:10.597 DEBUG: loss breakdown: energy_per_atom: 0.638563093757956, forces: 32.50260444754552, stress: 0.010292449258657627, 
2026-09-21 13:13:10.749 DEBUG: loss breakdown: energy_per_atom: 0.44965400994110233, forces: 22.6104294606898, stress: 0.0013324391215142404, 
2026-09-21 13:13:10.913 DEBUG: loss breakdown: energy_per_atom: 0.8095533684760369, forces: 33.79785919110485, stress: 0.0009946723515007298, 
2026-09-21 13:13:11.065 DEBUG: loss breakdown: energy_per_atom: 0.963442133667465, forces: 33.42195024340138, stress: 0.0010139118981440768, 
2026-09-21 13:13:11.450 DEBUG: loss breakdown: energy_per_atom: 1.9565890076332788, forces: 32.98060515296829, stress: 0.0016677790876253934, 
2026-09-21 13:13:11.833 DEBUG: loss breakdown: energy_per_atom: 35.69026832043981, forces: 22.23792230323832, stress: 0.0012486579065867644, 
2026-09-21 13:13:11.957 DEBUG: loss breakdown: energy_per_atom: 25.230461564145834, forces: 58.710659282318964, stress: 0.0019162024285632824, 
2026-09-21 13:13:12.090 DEBUG: loss breakdown: energy_per_atom: 0.838723823241035, forces: 54.36944022998177, stress: 0.0007850036770856825, 
2026-09-21 13:13:12.232 DEBUG: loss breakdown: energy_per_atom: 1.3112848455980461, forces: 17.99243567934726, stress: 0.0009154693002264532, 
2026-09-21 13:13:12.369 DEBUG: loss breakdown: energy_per_atom: 0.5896949903459929, forces: 21.847581425881803, stress: 0.000602137302259242, 
2026-09-21 13:13:12.498 DEBUG: loss breakdown: energy_per_atom: 1.4545607350390595, forces: 23.31444790162972, stress: 0.00768993407595246, 
2026-09-21 13:13:12.644 DEBUG: loss breakdown: energy_per_atom: 5.943883398815403, forces: 53.121205918103875, stress: 0.0005007831693064333, 
2026-09-21 13:13:12.787 DEBUG: loss breakdown: energy_per_atom: 13.33222695553605, forces: 902.8622972523019, stress: 0.0014281061204125234, 
2026-09-21 13:13:12.919 DEBUG: loss breakdown: energy_per_atom: 0.5831443272584673, forces: 29.51880019531561, stress: 0.001504563528756973, 
2026-09-21 13:13:13.058 DEBUG: loss breakdown: energy_per_atom: 7.37565018146824, forces: 41.27059181504416, stress: 0.001189405344789538, 
2026-09-21 13:13:13.193 DEBUG: loss breakdown: energy_per_atom: 7.432233853439411, forces: 36.814243212790785, stress: 0.0006134736793164878, 
2026-09-21 13:13:13.331 DEBUG: loss breakdown: energy_per_atom: 2.263654284049511, forces: 25.998371298062295, stress: 0.0008341481564597496, 
2026-09-21 13:13:13.474 DEBUG: loss breakdown: energy_per_atom: 4.595692046695004, forces: 23.3000334119118, stress: 0.00106847099162295, 
2026-09-21 13:13:13.606 DEBUG: loss breakdown: energy_per_atom: 0.5545065944000747, forces: 22.31447432970647, stress: 0.0007329997448263449, 
2026-09-21 13:13:13.749 DEBUG: loss breakdown: energy_per_atom: 5.330303042877559, forces: 28.785625255266357, stress: 0.0004239994572253138, 
2026-09-21 13:13:13.890 DEBUG: loss breakdown: energy_per_atom: 2.342271834496495, forces: 16.595473418482833, stress: 0.0006804501537799948, 
2026-09-21 13:13:14.024 DEBUG: loss breakdown: energy_per_atom: 0.9500807154304141, forces: 17.972307973057138, stress: 0.0010228263589183856, 
2026-09-21 13:13:14.190 DEBUG: loss breakdown: energy_per_atom: 82.24126974692243, forces: 15.498428689700622, stress: 0.0003640030827451457, 
2026-09-21 13:13:14.590 DEBUG: loss breakdown: energy_per_atom: 0.8713010373311874, forces: 12.776519887319736, stress: 0.0008484775545225668, 
2026-09-21 13:13:14.721 DEBUG: loss breakdown: energy_per_atom: 0.8250886585062839, forces: 34.69583288607957, stress: 0.0012465094220015145, 
2026-09-21 13:13:14.862 DEBUG: loss breakdown: energy_per_atom: 83.15668111248623, forces: 33.90143527704419, stress: 0.00029150804255901534, 
2026-09-21 13:13:14.999 DEBUG: loss breakdown: energy_per_atom: 1.4499927394484036, forces: 33.9424693529744, stress: 0.0017768976174324168, 
2026-09-21 13:13:15.122 DEBUG: loss breakdown: energy_per_atom: 4.161544816269422, forces: 21.985590339362794, stress: 0.0012389723265394188, 
2026-09-21 13:13:15.250 DEBUG: loss breakdown: energy_per_atom: 6.422769717997979, forces: 19.451201478810837, stress: 0.026374506968098604, 
2026-09-21 13:13:15.406 DEBUG: loss breakdown: energy_per_atom: 0.6368301554107929, forces: 25.85184063319852, stress: 0.0006218785341035053, 
2026-09-21 13:13:15.541 DEBUG: loss breakdown: energy_per_atom: 1.1933946447475474, forces: 388.52546022034295, stress: 0.00183151596468381, 
2026-09-21 13:13:15.675 DEBUG: loss breakdown: energy_per_atom: 4.105841665110566, forces: 16.04164582605751, stress: 0.0008628191353734148, 
2026-09-21 13:13:15.808 DEBUG: loss breakdown: energy_per_atom: 80.2511911826374, forces: 30.10072817538626, stress: 0.0028658037881231276, 
2026-09-21 13:13:15.951 DEBUG: loss breakdown: energy_per_atom: 1.8263513619007468, forces: 36.75430916968941, stress: 0.0007751678867288235, 
2026-09-21 13:13:16.097 DEBUG: loss breakdown: energy_per_atom: 0.7298690006505081, forces: 25.252913848028424, stress: 0.0007480880320358074, 
2026-09-21 13:13:16.249 DEBUG: loss breakdown: energy_per_atom: 0.5583934948834633, forces: 22.320874011908938, stress: 0.0013627609593100788, 
2026-09-21 13:13:16.399 DEBUG: loss breakdown: energy_per_atom: 2.3836665543786815, forces: 49.48329379540671, stress: 0.001129500580210691, 
2026-09-21 13:13:16.545 DEBUG: loss breakdown: energy_per_atom: 0.6328239007838194, forces: 74.00346551314804, stress: 0.001231274212110297, 
2026-09-21 13:13:16.689 DEBUG: loss breakdown: energy_per_atom: 1.3057396576546405, forces: 28.710590357042125, stress: 0.0012899550372534622, 
2026-09-21 13:13:16.845 DEBUG: loss breakdown: energy_per_atom: 2.038207177876422, forces: 32.001717621309986, stress: 0.006098057486225684, 
2026-09-21 13:13:16.974 DEBUG: loss breakdown: energy_per_atom: 1.3490147518276605, forces: 22.224759940224832, stress: 0.014508602264884988, 
2026-09-21 13:13:17.099 DEBUG: loss breakdown: energy_per_atom: 5.735742980388933, forces: 47.718791248085324, stress: 0.003787653234216989, 
2026-09-21 13:13:17.237 DEBUG: loss breakdown: energy_per_atom: 4.61241734642846, forces: 13.149671692953232, stress: 0.0014539914085302508, 
2026-09-21 13:13:17.384 DEBUG: loss breakdown: energy_per_atom: 1.4615766972070152, forces: 11.895544993970027, stress: 0.0007275588467086732, 
2026-09-21 13:13:17.515 DEBUG: loss breakdown: energy_per_atom: 0.38208358037782675, forces: 32.96291571838621, stress: 0.0013382485843921182, 
2026-09-21 13:13:17.651 DEBUG: loss breakdown: energy_per_atom: 0.9969246908874292, forces: 53.156758631291225, stress: 0.0015916076740934036, 
2026-09-21 13:13:17.797 DEBUG: loss breakdown: energy_per_atom: 1.4798486428511253, forces: 20.45276743570965, stress: 0.000986919577777427, 
2026-09-21 13:13:17.951 DEBUG: loss breakdown: energy_per_atom: 4.003131966021109, forces: 61.14723800707391, stress: 0.0011512131491031618, 
2026-09-21 13:13:18.086 DEBUG: loss breakdown: energy_per_atom: 0.6045861986581851, forces: 47.730321508434095, stress: 0.0013369761521201723, 
2026-09-21 13:13:18.211 DEBUG: loss breakdown: energy_per_atom: 0.5766639838698402, forces: 23.169822901010857, stress: 0.0023894324189002187, 
2026-09-21 13:13:18.348 DEBUG: loss breakdown: energy_per_atom: 1.0389510234844561, forces: 35.62422421922923, stress: 0.0004576924960362541, 
2026-09-21 13:13:18.491 DEBUG: loss breakdown: energy_per_atom: 0.37004268339260216, forces: 16.206234407893525, stress: 0.0008908483775871586, 
2026-09-21 13:13:18.644 DEBUG: loss breakdown: energy_per_atom: 9.973964142731688, forces: 36.409954334534, stress: 0.0010143065493056396, 
2026-09-21 13:13:18.775 DEBUG: loss breakdown: energy_per_atom: 1.4236420647138994, forces: 14.115972586523531, stress: 0.0005205618852387924, 
2026-09-21 13:13:18.920 DEBUG: loss breakdown: energy_per_atom: 0.8053801021914778, forces: 63.036640525331045, stress: 0.0010043676571667936, 
2026-09-21 13:13:19.069 DEBUG: loss breakdown: energy_per_atom: 0.4470211350914814, forces: 52.44684030027387, stress: 0.0013475421096568125, 
2026-09-21 13:13:19.210 DEBUG: loss breakdown: energy_per_atom: 1.6105123471967262, forces: 25.355330732562507, stress: 0.0011710066458488655, 
2026-09-21 13:13:19.384 DEBUG: loss breakdown: energy_per_atom: 2.910500157526678, forces: 49.1314684858221, stress: 0.0006358993142234417, 
2026-09-21 13:13:19.516 DEBUG: loss breakdown: energy_per_atom: 0.40838310760614377, forces: 26.272521166385797, stress: 0.0005297285059444258, 
2026-09-21 13:13:19.678 DEBUG: loss breakdown: energy_per_atom: 13.207349362513996, forces: 28.59798099466438, stress: 0.0008774767718902851, 
2026-09-21 13:13:19.803 DEBUG: loss breakdown: energy_per_atom: 2.888275842237352, forces: 39.59035452666178, stress: 0.0005362821004391121, 
2026-09-21 13:13:19.941 DEBUG: loss breakdown: energy_per_atom: 0.7733144008077717, forces: 34.20341394404177, stress: 0.0012536941188503086, 
2026-09-21 13:13:20.070 DEBUG: loss breakdown: energy_per_atom: 0.38107355454748737, forces: 14.979507856028047, stress: 0.0005285614235907394, 
2026-09-21 13:13:20.206 DEBUG: loss breakdown: energy_per_atom: 1.8543638288949194, forces: 26.388501720174606, stress: 0.0006390788261158475, 
2026-09-21 13:13:20.371 DEBUG: loss breakdown: energy_per_atom: 1.644853080204709, forces: 38.01577398601114, stress: 0.0004240513737106761, 
2026-09-21 13:13:20.515 DEBUG: loss breakdown: energy_per_atom: 2.5170469577433465, forces: 20.72511137389737, stress: 0.0008857208834630621, 
2026-09-21 13:13:20.647 DEBUG: loss breakdown: energy_per_atom: 15.902788957977123, forces: 27.663579792426784, stress: 0.0011125095999498377, 
2026-09-21 13:13:20.790 DEBUG: loss breakdown: energy_per_atom: 7.795515037084896, forces: 14.704589424761231, stress: 0.0006643969281554864, 
2026-09-21 13:13:20.923 DEBUG: loss breakdown: energy_per_atom: 0.8645045577915172, forces: 50.62949453332295, stress: 0.0005790030040143702, 
2026-09-21 13:13:21.061 DEBUG: loss breakdown: energy_per_atom: 1.5283268546058202, forces: 59.48796786603749, stress: 0.0010857604081924328, 
2026-09-21 13:13:21.195 DEBUG: loss breakdown: energy_per_atom: 0.8476895535579432, forces: 18.193687071136925, stress: 0.0007287944573445517, 
2026-09-21 13:13:21.352 DEBUG: loss breakdown: energy_per_atom: 6.844182175737849, forces: 30.489343380150856, stress: 0.001298209248250069, 
2026-09-21 13:13:21.504 DEBUG: loss breakdown: energy_per_atom: 0.4714113570362326, forces: 34.748008037260966, stress: 0.0004728027823403345, 
2026-09-21 13:13:21.656 DEBUG: loss breakdown: energy_per_atom: 0.8218591312769582, forces: 31.08705592550256, stress: 0.0004299153833249019, 
2026-09-21 13:13:21.808 DEBUG: loss breakdown: energy_per_atom: 1.6263118977920858, forces: 48.7446800418462, stress: 0.0007587988521218635, 
2026-09-21 13:13:21.945 DEBUG: loss breakdown: energy_per_atom: 1.557345824748055, forces: 44.96291841632542, stress: 0.00733305276793094, 
2026-09-21 13:13:22.082 DEBUG: loss breakdown: energy_per_atom: 0.3547301729205975, forces: 38.42728153093255, stress: 0.0008882203940225424, 
2026-09-21 13:13:22.241 DEBUG: loss breakdown: energy_per_atom: 1.1690067393270809, forces: 44.69993801000388, stress: 0.000829271800673641, 
2026-09-21 13:13:22.377 DEBUG: loss breakdown: energy_per_atom: 7.986942446931546, forces: 73.34076596305496, stress: 0.001093115611499299, 
2026-09-21 13:13:22.536 DEBUG: loss breakdown: energy_per_atom: 3.04031342843429, forces: 95.07410523776257, stress: 0.0027466646115710805, 
2026-09-21 13:13:22.682 DEBUG: loss breakdown: energy_per_atom: 1.0681300074448277, forces: 22.45008535320368, stress: 0.0005446140974863897, 
2026-09-21 13:13:22.815 DEBUG: loss breakdown: energy_per_atom: 21.472250275561855, forces: 20.331840232626377, stress: 0.00102527797788591, 
2026-09-21 13:13:22.938 DEBUG: loss breakdown: energy_per_atom: 1.9689552321073827, forces: 44.724173497329815, stress: 0.0010639058465309985, 
2026-09-21 13:13:23.069 DEBUG: loss breakdown: energy_per_atom: 2.8244673837550236, forces: 18.74464246005814, stress: 0.0012478905897699798, 
2026-09-21 13:13:23.182 DEBUG: loss breakdown: energy_per_atom: 0.5633761463103691, forces: 37.393737044982835, stress: 0.0008473979236577712, 
2026-09-21 13:13:23.307 DEBUG: loss breakdown: energy_per_atom: 24.89405023556093, forces: 19.063487196790412, stress: 0.0007043543227209299, 
2026-09-21 13:13:23.453 DEBUG: loss breakdown: energy_per_atom: 1.4236797167838402, forces: 18.410830847204906, stress: 0.0015565523852464024, 
2026-09-21 13:13:23.607 DEBUG: loss breakdown: energy_per_atom: 0.7493329265770318, forces: 18.420334072799687, stress: 0.0010135310933066532, 
2026-09-21 13:13:23.767 DEBUG: loss breakdown: energy_per_atom: 0.7439981041787536, forces: 73.207915625917, stress: 0.0009292011479006134, 
2026-09-21 13:13:24.106 DEBUG: loss breakdown: energy_per_atom: 5.707296507690902, forces: 53.86516770723778, stress: 0.0009925691643034485, 
2026-09-21 13:13:24.222 DEBUG: loss breakdown: energy_per_atom: 2.400527478338891, forces: 20.147329090164074, stress: 0.0008765340095511768, 
2026-09-21 13:13:26.063 DEBUG: loss breakdown: energy_per_atom: 0.40531818280821397, forces: 54.34731122412193, stress: 0.0006677056375090434, 
2026-09-21 13:13:26.216 DEBUG: loss breakdown: energy_per_atom: 1.0243296839353717, forces: 48.38564315397423, stress: 0.0016254401865597504, 
2026-09-21 13:13:26.354 DEBUG: loss breakdown: energy_per_atom: 9.390002112720673, forces: 38.748302932381826, stress: 0.0005630555335388451, 
2026-09-21 13:13:26.485 DEBUG: loss breakdown: energy_per_atom: 6.434313538404151, forces: 31.437191749402356, stress: 0.000841999076410862, 
2026-09-21 13:13:26.627 DEBUG: loss breakdown: energy_per_atom: 29.36640078366777, forces: 30.960985335209223, stress: 0.000596808789364043, 
2026-09-21 13:13:26.798 DEBUG: loss breakdown: energy_per_atom: 0.5818096119770251, forces: 36.16666702054724, stress: 0.0008114077237366558, 
2026-09-21 13:13:26.952 DEBUG: loss breakdown: energy_per_atom: 0.6935500120858777, forces: 43.69046044449795, stress: 0.0014279751338307084, 
2026-09-21 13:13:27.113 DEBUG: loss breakdown: energy_per_atom: 0.8554297985040896, forces: 16.08625687915509, stress: 0.0006835791437493623, 
2026-09-21 13:13:27.256 DEBUG: loss breakdown: energy_per_atom: 3.989425482864289, forces: 248.66707555275335, stress: 0.0022986240551964247, 
2026-09-21 13:13:27.386 DEBUG: loss breakdown: energy_per_atom: 0.5874636356740885, forces: 25.33036592772803, stress: 0.0007049427209207098, 
2026-09-21 13:13:27.525 DEBUG: loss breakdown: energy_per_atom: 1.4606455075339424, forces: 23.898695849924785, stress: 0.00643393341670803, 
2026-09-21 13:13:27.662 DEBUG: loss breakdown: energy_per_atom: 0.5352473098137194, forces: 17.688262344046287, stress: 0.000864971939861092, 
2026-09-21 13:13:27.788 DEBUG: loss breakdown: energy_per_atom: 3.368147584242202, forces: 59.28254598851572, stress: 0.0006119572573102205, 
2026-09-21 13:13:27.923 DEBUG: loss breakdown: energy_per_atom: 0.635217577656235, forces: 17.284103345371907, stress: 0.0006543122262830396, 
2026-09-21 13:13:28.067 DEBUG: loss breakdown: energy_per_atom: 15.474734728130162, forces: 126.02341226944773, stress: 0.0013286124785827826, 
2026-09-21 13:13:28.194 DEBUG: loss breakdown: energy_per_atom: 0.7906864848568843, forces: 22.89982240491954, stress: 0.0006734601780958247, 
2026-09-21 13:13:28.317 DEBUG: loss breakdown: energy_per_atom: 0.38676181014790867, forces: 32.847182117847105, stress: 0.000996221632067509, 
2026-09-21 13:13:28.461 DEBUG: loss breakdown: energy_per_atom: 0.5459888033613147, forces: 29.489093881037082, stress: 0.001034598000162238, 
2026-09-21 13:13:28.618 DEBUG: loss breakdown: energy_per_atom: 0.5888005963124416, forces: 19.407913067580925, stress: 0.0009911329145960547, 
2026-09-21 13:13:28.764 DEBUG: loss breakdown: energy_per_atom: 12.155080986893525, forces: 15.423060286527324, stress: 0.0012663112640378437, 
2026-09-21 13:13:28.933 DEBUG: loss breakdown: energy_per_atom: 0.4202829726722545, forces: 21.36773582224927, stress: 0.000659114335769683, 
2026-09-21 13:13:29.065 DEBUG: loss breakdown: energy_per_atom: 2.371147300077467, forces: 23.542796046735724, stress: 0.001364062987866369, 
2026-09-21 13:13:29.210 DEBUG: loss breakdown: energy_per_atom: 14.560758499724617, forces: 40.04625021980435, stress: 0.0004644954786747464, 
2026-09-21 13:13:29.374 DEBUG: loss breakdown: energy_per_atom: 0.4519995837618228, forces: 50.60090112673945, stress: 0.0006683550576819654, 
2026-09-21 13:13:29.540 DEBUG: loss breakdown: energy_per_atom: 2.071843765028431, forces: 27.787727926992446, stress: 0.0008938154283368387, 
2026-09-21 13:13:29.749 DEBUG: loss breakdown: energy_per_atom: 0.5310904540314958, forces: 48.51643963686342, stress: 0.003065359996331265, 
2026-09-21 13:13:29.905 DEBUG: loss breakdown: energy_per_atom: 0.6978037909533576, forces: 91.99936278495412, stress: 0.0012089481471235564, 
2026-09-21 13:13:30.036 DEBUG: loss breakdown: energy_per_atom: 1.4827305485035445, forces: 46.67276234880528, stress: 0.0007516975314256757, 
2026-09-21 13:13:30.166 DEBUG: loss breakdown: energy_per_atom: 0.4483807487559867, forces: 30.26823785354345, stress: 0.0006478535870547268, 
2026-09-21 13:13:30.316 DEBUG: loss breakdown: energy_per_atom: 0.8881449184794962, forces: 19.933719049629246, stress: 0.0011799735589988621, 
2026-09-21 13:13:30.456 DEBUG: loss breakdown: energy_per_atom: 0.6473278936085124, forces: 45.4672046319056, stress: 0.0006391725585737474, 
2026-09-21 13:13:30.572 DEBUG: loss breakdown: energy_per_atom: 0.6112647813569814, forces: 32.561751156210825, stress: 0.0018300183709218831, 
2026-09-21 13:13:30.710 DEBUG: loss breakdown: energy_per_atom: 1.8985204870690569, forces: 33.770423687188824, stress: 0.0004133934556817549, 
2026-09-21 13:13:33.745 DEBUG: loss breakdown: energy_per_atom: 7.359809890955342, forces: 18.44848313917716, stress: 0.0007399783427123503, 
2026-09-21 13:13:33.873 DEBUG: loss breakdown: energy_per_atom: 0.7521719726688222, forces: 47.87831953131308, stress: 0.002567784647203967, 
2026-09-21 13:13:34.006 DEBUG: loss breakdown: energy_per_atom: 0.5741787509767077, forces: 25.428661944961473, stress: 0.0012161354252783817, 
2026-09-21 13:13:34.177 DEBUG: loss breakdown: energy_per_atom: 2.2376351460121975, forces: 39.45693358853053, stress: 0.0010841834046019113, 
2026-09-21 13:13:34.339 DEBUG: loss breakdown: energy_per_atom: 27.319321001128444, forces: 17.055621690346296, stress: 0.0007351050486592137, 
2026-09-21 13:13:34.492 DEBUG: loss breakdown: energy_per_atom: 1.558784136143712, forces: 19.73319563125445, stress: 0.0004421075583166143, 
2026-09-21 13:13:34.625 DEBUG: loss breakdown: energy_per_atom: 0.7029645203949663, forces: 20.29756494221783, stress: 0.0013616768690531747, 
2026-09-21 13:13:34.766 DEBUG: loss breakdown: energy_per_atom: 0.5124101568216008, forces: 30.695180521661992, stress: 0.001327621715334358, 
2026-09-21 13:13:34.908 DEBUG: loss breakdown: energy_per_atom: 6.980036890746794, forces: 13.042585844495086, stress: 0.0007218701589731873, 
2026-09-21 13:13:35.059 DEBUG: loss breakdown: energy_per_atom: 1.5419721719810382, forces: 50.2435003722685, stress: 0.0006901414611300871, 
2026-09-21 13:13:35.207 DEBUG: loss breakdown: energy_per_atom: 1.910406069931338, forces: 20.36905855772854, stress: 0.0010014758382265929, 
2026-09-21 13:13:35.359 DEBUG: loss breakdown: energy_per_atom: 0.6501124013982571, forces: 17.839441838235114, stress: 0.0017533512248393234, 
2026-09-21 13:13:35.499 DEBUG: loss breakdown: energy_per_atom: 0.712687256829514, forces: 52.70892150432703, stress: 0.0014076643415898403, 
2026-09-21 13:13:35.640 DEBUG: loss breakdown: energy_per_atom: 0.7389462708998007, forces: 47.17215623881722, stress: 0.006964170110406493, 
2026-09-21 13:13:35.777 DEBUG: loss breakdown: energy_per_atom: 0.3779572983734607, forces: 49.67703126990713, stress: 0.0010015681159454624, 
2026-09-21 13:13:35.935 DEBUG: loss breakdown: energy_per_atom: 0.5983006198101312, forces: 130.79210292637512, stress: 0.002710612232815055, 
2026-09-21 13:13:36.073 DEBUG: loss breakdown: energy_per_atom: 1.2728514184385513, forces: 35.939655840850435, stress: 0.0006753124937296984, 
2026-09-21 13:13:36.227 DEBUG: loss breakdown: energy_per_atom: 0.5163410509970601, forces: 54.46413615013037, stress: 0.0006160421376103142, 
2026-09-21 13:13:36.363 DEBUG: loss breakdown: energy_per_atom: 0.34775653286231273, forces: 38.933671749770824, stress: 0.0006024199614970281, 
2026-09-21 13:13:36.509 DEBUG: loss breakdown: energy_per_atom: 3.9390186530933278, forces: 47.99306580991646, stress: 0.0012028674539921447, 
2026-09-21 13:13:36.642 DEBUG: loss breakdown: energy_per_atom: 8.380260983157525, forces: 23.63911998497, stress: 0.000657484960011459, 
2026-09-21 13:13:36.792 DEBUG: loss breakdown: energy_per_atom: 0.3577273843574599, forces: 55.75618409116879, stress: 0.0010256984552248162, 
2026-09-21 13:13:36.937 DEBUG: loss breakdown: energy_per_atom: 2.1008931710601764, forces: 66.63828529813614, stress: 0.0014214059394487219, 
2026-09-21 13:13:37.073 DEBUG: loss breakdown: energy_per_atom: 2.830780716961374, forces: 29.608149740714712, stress: 0.0032449360139236985, 
2026-09-21 13:13:37.210 DEBUG: loss breakdown: energy_per_atom: 1.3446818387301802, forces: 41.31610278039755, stress: 0.0010102387741683626, 
2026-09-21 13:13:37.344 DEBUG: loss breakdown: energy_per_atom: 0.3508875231526613, forces: 20.54132894364516, stress: 0.0004738059066235736, 
2026-09-21 13:13:37.491 DEBUG: loss breakdown: energy_per_atom: 1.0492387692361504, forces: 46.2973743702564, stress: 0.0007485561100059672, 
2026-09-21 13:13:37.640 DEBUG: loss breakdown: energy_per_atom: 2.8847766199020786, forces: 30.802548797950475, stress: 0.0005395420787476534, 
2026-09-21 13:13:37.802 DEBUG: loss breakdown: energy_per_atom: 1.0445969191311728, forces: 173.9349516614396, stress: 0.00042751748290153054, 
2026-09-21 13:13:37.953 DEBUG: loss breakdown: energy_per_atom: 0.43232195582817273, forces: 28.73484223506258, stress: 0.000804647822121308, 
2026-09-21 13:13:38.098 DEBUG: loss breakdown: energy_per_atom: 2.3409532028582962, forces: 47.03965790659074, stress: 0.0005332421313627931, 
2026-09-21 13:13:38.236 DEBUG: loss breakdown: energy_per_atom: 1.9012397635497282, forces: 48.446295006620346, stress: 0.0008421776926448628, 
2026-09-21 13:13:38.390 DEBUG: loss breakdown: energy_per_atom: 1.4825707115152005, forces: 45.21234425471696, stress: 0.0003504064086593815, 
2026-09-21 13:13:38.539 DEBUG: loss breakdown: energy_per_atom: 1.0824943951868493, forces: 27.2161140917615, stress: 0.0004330045165842312, 
2026-09-21 13:13:38.686 DEBUG: loss breakdown: energy_per_atom: 0.7121903049568673, forces: 28.727820804198874, stress: 0.0010300176252639, 
2026-09-21 13:13:38.826 DEBUG: loss breakdown: energy_per_atom: 8.060417340606639, forces: 43.56050331277711, stress: 0.0005103578231089698, 
2026-09-21 13:13:38.959 DEBUG: loss breakdown: energy_per_atom: 9.589426974667903, forces: 138.48021399857478, stress: 0.002693900102737348, 
2026-09-21 13:13:39.083 DEBUG: loss breakdown: energy_per_atom: 2.8882682123695425, forces: 20.467691819948396, stress: 0.0010630258280200093, 
2026-09-21 13:13:39.231 DEBUG: loss breakdown: energy_per_atom: 0.36206368775727427, forces: 20.391366099951835, stress: 0.0006929542713798917, 
2026-09-21 13:13:39.366 DEBUG: loss breakdown: energy_per_atom: 3.9884795964957234, forces: 20.37013074330003, stress: 0.000599781716372121, 
2026-09-21 13:13:39.499 DEBUG: loss breakdown: energy_per_atom: 2.0627248243029483, forces: 20.87722891860703, stress: 0.0006693198881230404, 
2026-09-21 13:13:39.638 DEBUG: loss breakdown: energy_per_atom: 1.0748573903856076, forces: 48.291440931776414, stress: 0.002195064231055999, 
2026-09-21 13:13:39.774 DEBUG: loss breakdown: energy_per_atom: 1.0356281024132947, forces: 26.09492613529375, stress: 0.0007471834548185954, 
2026-09-21 13:13:39.916 DEBUG: loss breakdown: energy_per_atom: 0.8260351629842189, forces: 87.12745499244737, stress: 0.006994244410133392, 
2026-09-21 13:13:40.073 DEBUG: loss breakdown: energy_per_atom: 3.051670238861093, forces: 50.88738987696889, stress: 0.0007846600143961899, 
2026-09-21 13:13:40.217 DEBUG: loss breakdown: energy_per_atom: 3.6120306219373917, forces: 26.070445876257907, stress: 0.0006195739135247129, 
2026-09-21 13:13:40.360 DEBUG: loss breakdown: energy_per_atom: 0.818235932870224, forces: 20.642179220105213, stress: 0.0009442387627158823, 
2026-09-21 13:13:40.515 DEBUG: loss breakdown: energy_per_atom: 1.3633229503831243, forces: 23.80749467156665, stress: 0.0015079252995958284, 
2026-09-21 13:13:40.664 DEBUG: loss breakdown: energy_per_atom: 6.543479566857797, forces: 103.15020044945882, stress: 0.001292863528062404, 
2026-09-21 13:13:40.823 DEBUG: loss breakdown: energy_per_atom: 0.587945371814164, forces: 121.48165763520322, stress: 0.0009732311022048733, 
2026-09-21 13:13:40.966 DEBUG: loss breakdown: energy_per_atom: 0.27998853181664624, forces: 15.131257668463286, stress: 0.001042456440336231, 
2026-09-21 13:13:41.104 DEBUG: loss breakdown: energy_per_atom: 1.033406594022259, forces: 102.22264753039647, stress: 0.0011291618024889634, 
2026-09-21 13:13:41.275 DEBUG: loss breakdown: energy_per_atom: 7.41188961351329, forces: 41.39733597691459, stress: 0.0004324322204698161, 
2026-09-21 13:13:41.435 DEBUG: loss breakdown: energy_per_atom: 5.597157742667326, forces: 189.41135119265297, stress: 0.0009694971028833459, 
2026-09-21 13:13:41.579 DEBUG: loss breakdown: energy_per_atom: 2.09117432395767, forces: 133.84470349985577, stress: 0.004285168317209051, 
2026-09-21 13:13:41.729 DEBUG: loss breakdown: energy_per_atom: 12.320733110141301, forces: 59.06889872592417, stress: 0.0006431254012036654, 
2026-09-21 13:13:41.886 DEBUG: loss breakdown: energy_per_atom: 0.7689505715853738, forces: 73.49224827481329, stress: 0.0010100125652577985, 
2026-09-21 13:13:42.040 DEBUG: loss breakdown: energy_per_atom: 4.875819899781258, forces: 32.73101327552632, stress: 0.0037223849419663396, 
2026-09-21 13:13:42.195 DEBUG: loss breakdown: energy_per_atom: 0.42798919650419354, forces: 22.755208761219205, stress: 0.0012267898196166513, 
2026-09-21 13:13:42.345 DEBUG: loss breakdown: energy_per_atom: 0.5725927590646346, forces: 43.94553703911601, stress: 0.00425229569921736, 
2026-09-21 13:13:42.493 DEBUG: loss breakdown: energy_per_atom: 0.831683985520246, forces: 25.731476074551523, stress: 0.0007926121279026776, 
2026-09-21 13:13:42.636 DEBUG: loss breakdown: energy_per_atom: 0.6651931949590597, forces: 39.06790927693927, stress: 0.0005867002372309539, 
2026-09-21 13:13:42.773 DEBUG: loss breakdown: energy_per_atom: 1.1861868733516072, forces: 45.60005140740259, stress: 0.0008867277406514481, 
2026-09-21 13:13:42.908 DEBUG: loss breakdown: energy_per_atom: 0.9561819848390267, forces: 36.17039958279459, stress: 0.0005374712080117483, 
2026-09-21 13:13:43.043 DEBUG: loss breakdown: energy_per_atom: 2.5171759988983364, forces: 12.233249458773688, stress: 0.0006519877717651315, 
2026-09-21 13:13:43.175 DEBUG: loss breakdown: energy_per_atom: 0.2930571458241207, forces: 13.28664853656258, stress: 0.000664564194533399, 
2026-09-21 13:13:43.326 DEBUG: loss breakdown: energy_per_atom: 0.4391379117503571, forces: 45.509663154560684, stress: 0.0008636766371615168, 
2026-09-21 13:13:43.461 DEBUG: loss breakdown: energy_per_atom: 0.9188900224927223, forces: 21.907024185511663, stress: 0.003989317946655895, 
2026-09-21 13:13:43.597 DEBUG: loss breakdown: energy_per_atom: 0.42911351729067637, forces: 20.010319098331824, stress: 0.0005024075186933519, 
2026-09-21 13:13:43.729 DEBUG: loss breakdown: energy_per_atom: 0.7466711745112218, forces: 82.99286648535603, stress: 0.0005179674102038421, 
2026-09-21 13:13:43.876 DEBUG: loss breakdown: energy_per_atom: 0.881660788252453, forces: 36.88068690268177, stress: 0.0018017127043016533, 
2026-09-21 13:13:44.010 DEBUG: loss breakdown: energy_per_atom: 2.6641935824757637, forces: 22.08414654768597, stress: 0.0013848438209134643, 
2026-09-21 13:13:44.140 DEBUG: loss breakdown: energy_per_atom: 1.2982984501945205, forces: 27.251715892075616, stress: 0.000731577410417287, 
2026-09-21 13:13:44.286 DEBUG: loss breakdown: energy_per_atom: 13.946653348281647, forces: 19.48009962748354, stress: 0.0009592532886617799, 
2026-09-21 13:13:44.444 DEBUG: loss breakdown: energy_per_atom: 1.4251785621354223, forces: 26.918166958204733, stress: 0.0004307787824800984, 
2026-09-21 13:13:44.594 DEBUG: loss breakdown: energy_per_atom: 1.1854704024250409, forces: 19.744449516399754, stress: 0.0006475152042204863, 
2026-09-21 13:13:44.737 DEBUG: loss breakdown: energy_per_atom: 0.4553552002669298, forces: 19.5621841497751, stress: 0.003942509483023234, 
2026-09-21 13:13:44.889 DEBUG: loss breakdown: energy_per_atom: 0.7267825096530914, forces: 36.796183989152645, stress: 0.0009713559472220205, 
2026-09-21 13:13:45.030 DEBUG: loss breakdown: energy_per_atom: 3.624806728433962, forces: 29.279005929166253, stress: 0.0014159464838664115, 
2026-09-21 13:13:45.166 DEBUG: loss breakdown: energy_per_atom: 0.5809835101147399, forces: 21.61379664386236, stress: 0.0013082740691159143, 
2026-09-21 13:13:45.307 DEBUG: loss breakdown: energy_per_atom: 0.6138867958347534, forces: 51.386198246262246, stress: 0.0005801050423965326, 
2026-09-21 13:13:45.449 DEBUG: loss breakdown: energy_per_atom: 0.8467127912665626, forces: 15.803038618267715, stress: 0.001014234620284266, 
2026-09-21 13:13:45.595 DEBUG: loss breakdown: energy_per_atom: 1.2582855458533628, forces: 34.23920160329034, stress: 0.000993457582135325, 
2026-09-21 13:13:45.755 DEBUG: loss breakdown: energy_per_atom: 20.381774465884256, forces: 30.98197677626265, stress: 0.0008230854162506107, 
2026-09-21 13:13:45.888 DEBUG: loss breakdown: energy_per_atom: 8.488336818616062, forces: 29.29500916650879, stress: 0.0011814576787579566, 
2026-09-21 13:13:46.033 DEBUG: loss breakdown: energy_per_atom: 0.7086231323951986, forces: 25.280773117538857, stress: 0.0013202830669141925, 
2026-09-21 13:13:46.187 DEBUG: loss breakdown: energy_per_atom: 0.6789629824904981, forces: 26.46384417128351, stress: 0.0005961393725050226, 
2026-09-21 13:13:46.333 DEBUG: loss breakdown: energy_per_atom: 4.54656755567047, forces: 76.23553380403773, stress: 0.0010452845930035788, 
2026-09-21 13:13:46.462 DEBUG: loss breakdown: energy_per_atom: 0.7864224714678121, forces: 33.087280679055155, stress: 0.001060334644311359, 
2026-09-21 13:13:46.593 DEBUG: loss breakdown: energy_per_atom: 0.6581797383357548, forces: 20.379278008770545, stress: 0.0008815546012786546, 
2026-09-21 13:13:46.733 DEBUG: loss breakdown: energy_per_atom: 0.8104753441144941, forces: 37.963475097256584, stress: 0.0006786949315872848, 
2026-09-21 13:13:46.870 DEBUG: loss breakdown: energy_per_atom: 28.655201295666206, forces: 23.974484022421066, stress: 0.0019558392411283434, 
2026-09-21 13:13:46.999 DEBUG: loss breakdown: energy_per_atom: 0.5754333933066516, forces: 22.899251594714023, stress: 0.00039137764368841555, 
2026-09-21 13:13:47.150 DEBUG: loss breakdown: energy_per_atom: 2.2927992288103956, forces: 18.686687632844453, stress: 0.0010981500167616563, 
2026-09-21 13:13:47.284 DEBUG: loss breakdown: energy_per_atom: 0.6738565810264732, forces: 111.64661141769112, stress: 0.001145125746959959, 
2026-09-21 13:13:47.417 DEBUG: loss breakdown: energy_per_atom: 0.3027717541304896, forces: 27.081260239164685, stress: 0.001283359432996516, 
2026-09-21 13:13:47.547 DEBUG: loss breakdown: energy_per_atom: 1.416488767393475, forces: 34.25907883613542, stress: 0.0006012208945647938, 
2026-09-21 13:13:47.689 DEBUG: loss breakdown: energy_per_atom: 0.5638886914596908, forces: 19.084040573878436, stress: 0.0002665977164599601, 
2026-09-21 13:13:47.847 DEBUG: loss breakdown: energy_per_atom: 0.8880338793071897, forces: 132.7692386485693, stress: 0.0005626366770547159, 
2026-09-21 13:13:47.996 DEBUG: loss breakdown: energy_per_atom: 5.568842868539952, forces: 49.55240176638752, stress: 0.0007649060875053792, 
2026-09-21 13:13:48.137 DEBUG: loss breakdown: energy_per_atom: 1.4748235696519216, forces: 25.581183717204976, stress: 0.0006859272462178089, 
2026-09-21 13:13:48.279 DEBUG: loss breakdown: energy_per_atom: 2.683195283114237, forces: 8.750550001783285, stress: 0.00048149716818428237, 
2026-09-21 13:13:48.423 DEBUG: loss breakdown: energy_per_atom: 0.8013354791977263, forces: 11.371283095688561, stress: 0.0014854681154020599, 
2026-09-21 13:13:48.570 DEBUG: loss breakdown: energy_per_atom: 3.9628999037456594, forces: 38.270349408404684, stress: 0.011370551749072637, 
2026-09-21 13:13:48.705 DEBUG: loss breakdown: energy_per_atom: 0.5402829515917305, forces: 26.957767191201178, stress: 0.001116391561221462, 
2026-09-21 13:13:48.839 DEBUG: loss breakdown: energy_per_atom: 0.862410696102914, forces: 20.50444728807417, stress: 0.0008739635926833215, 
2026-09-21 13:13:48.983 DEBUG: loss breakdown: energy_per_atom: 1.9519489724042027, forces: 27.764321581865502, stress: 0.007218401896452471, 
2026-09-21 13:13:49.123 DEBUG: loss breakdown: energy_per_atom: 0.7740314708246108, forces: 21.807222007140727, stress: 0.000598071454663365, 
2026-09-21 13:13:49.263 DEBUG: loss breakdown: energy_per_atom: 7.4156048552215035, forces: 19.89003061294137, stress: 0.0006123316751904964, 
2026-09-21 13:13:49.394 DEBUG: loss breakdown: energy_per_atom: 6.060547804763688, forces: 15.01509099448531, stress: 0.000925888447208124, 
2026-09-21 13:13:49.529 DEBUG: loss breakdown: energy_per_atom: 2.185312016257421, forces: 12.722886800903735, stress: 0.0006885034569027852, 
2026-09-21 13:13:49.662 DEBUG: loss breakdown: energy_per_atom: 6.494174554199684, forces: 19.552744967417503, stress: 0.0007094333632938265, 
2026-09-21 13:13:49.797 DEBUG: loss breakdown: energy_per_atom: 0.5315340603983917, forces: 21.356196199051684, stress: 0.0007650761633714572, 
2026-09-21 13:13:49.946 DEBUG: loss breakdown: energy_per_atom: 0.4278683437836129, forces: 23.437886721664107, stress: 0.0006944753873054275, 
2026-09-21 13:13:50.094 DEBUG: loss breakdown: energy_per_atom: 5.118271542222495, forces: 26.784193357615433, stress: 0.0005873625800186724, 
2026-09-21 13:13:50.254 DEBUG: loss breakdown: energy_per_atom: 0.5004587100506672, forces: 127.79417814119707, stress: 0.0008906321791283749, 
2026-09-21 13:13:50.392 DEBUG: loss breakdown: energy_per_atom: 0.4795275537707816, forces: 26.214974033022553, stress: 0.0028431561999056687, 
2026-09-21 13:13:50.522 DEBUG: loss breakdown: energy_per_atom: 0.36848816622794983, forces: 37.19586115572417, stress: 0.0007398355080977474, 
2026-09-21 13:13:50.654 DEBUG: loss breakdown: energy_per_atom: 0.3856333806318548, forces: 39.49412834146722, stress: 0.0006944068355012308, 
2026-09-21 13:13:50.786 DEBUG: loss breakdown: energy_per_atom: 8.577758439937323, forces: 25.397824837330596, stress: 0.0007539434106354604, 
2026-09-21 13:13:50.917 DEBUG: loss breakdown: energy_per_atom: 0.9223799367887067, forces: 22.26444059164186, stress: 0.0009393798007461131, 
2026-09-21 13:13:51.064 DEBUG: loss breakdown: energy_per_atom: 10.095251392435907, forces: 120.98166298773457, stress: 0.0023096822933280866, 
2026-09-21 13:13:51.200 DEBUG: loss breakdown: energy_per_atom: 0.9671423192533386, forces: 30.9621784383948, stress: 0.00048329003807719113, 
2026-09-21 13:13:51.340 DEBUG: loss breakdown: energy_per_atom: 1.1884477773720086, forces: 31.1386238247416, stress: 0.007462518501370722, 
2026-09-21 13:13:51.477 DEBUG: loss breakdown: energy_per_atom: 1.3107684150193302, forces: 16.861169348164612, stress: 0.0008228370809250715, 
2026-09-21 13:13:51.626 DEBUG: loss breakdown: energy_per_atom: 1.619707394243163, forces: 35.7220428260847, stress: 0.0005794617366599566, 
2026-09-21 13:13:51.778 DEBUG: loss breakdown: energy_per_atom: 83.14203925399313, forces: 27.325263806619958, stress: 0.0015718171988914318, 
2026-09-21 13:13:51.941 DEBUG: loss breakdown: energy_per_atom: 0.5291731938237292, forces: 24.786248503708677, stress: 0.0010026525314408969, 
2026-09-21 13:13:52.106 DEBUG: loss breakdown: energy_per_atom: 3.81281573129624, forces: 56.058049052781286, stress: 0.0005902857748815715, 
2026-09-21 13:13:52.251 DEBUG: loss breakdown: energy_per_atom: 1.0715765162413233, forces: 19.43702416035781, stress: 0.0015569287572773196, 
2026-09-21 13:13:52.382 DEBUG: loss breakdown: energy_per_atom: 2.7563657018106116, forces: 25.781538015596066, stress: 0.0005428962711140409, 
2026-09-21 13:13:52.526 DEBUG: loss breakdown: energy_per_atom: 1.59739460519124, forces: 25.70933308062538, stress: 0.011944045333852037, 
2026-09-21 13:13:52.661 DEBUG: loss breakdown: energy_per_atom: 2.898116227719651, forces: 35.17409459172269, stress: 0.0009202799552709772, 
2026-09-21 13:13:52.804 DEBUG: loss breakdown: energy_per_atom: 0.24091962306806158, forces: 22.12284317955408, stress: 0.0007977493837989007, 
2026-09-21 13:13:52.959 DEBUG: loss breakdown: energy_per_atom: 0.7688805559857564, forces: 32.65283403871466, stress: 0.0006265763531730743, 
2026-09-21 13:13:53.117 DEBUG: loss breakdown: energy_per_atom: 14.497181401243216, forces: 184.90379997885188, stress: 0.0009580392592189839, 
2026-09-21 13:13:53.248 DEBUG: loss breakdown: energy_per_atom: 0.9021013391094767, forces: 40.67991126005842, stress: 0.0007967732429016688, 
2026-09-21 13:13:53.384 DEBUG: loss breakdown: energy_per_atom: 16.28057208730325, forces: 13.285867718170097, stress: 0.0009128108226743424, 
2026-09-21 13:13:53.515 DEBUG: loss breakdown: energy_per_atom: 0.3312267760901812, forces: 64.76647631536699, stress: 0.0011760009963315138, 
2026-09-21 13:13:53.635 DEBUG: loss breakdown: energy_per_atom: 0.3460196915650976, forces: 22.266930319806765, stress: 0.0013407948363783624, 
2026-09-21 13:13:53.771 DEBUG: loss breakdown: energy_per_atom: 3.19142433438861, forces: 29.921887032103523, stress: 0.001070454699512764, 
2026-09-21 13:13:53.920 DEBUG: loss breakdown: energy_per_atom: 1.7509149994527018, forces: 37.504769096117435, stress: 0.0011299673865816976, 
2026-09-21 13:13:54.048 DEBUG: loss breakdown: energy_per_atom: 0.7396359916086188, forces: 38.508108413658114, stress: 0.00278322389235461, 
2026-09-21 13:13:54.180 DEBUG: loss breakdown: energy_per_atom: 1.9114633506234495, forces: 33.09516575464299, stress: 0.0047170822892917685, 
2026-09-21 13:13:54.335 DEBUG: loss breakdown: energy_per_atom: 0.4120490565450834, forces: 8.611564770528009, stress: 0.0010123445523271648, 
2026-09-21 13:13:54.473 DEBUG: loss breakdown: energy_per_atom: 0.7927245487238819, forces: 169.41210382866592, stress: 0.004091110728706435, 
2026-09-21 13:13:54.610 DEBUG: loss breakdown: energy_per_atom: 0.33028855151135184, forces: 28.06443101097188, stress: 0.0012221356182042001, 
2026-09-21 13:13:54.766 DEBUG: loss breakdown: energy_per_atom: 11.594989663945979, forces: 24.207726530778828, stress: 0.0014930228672099186, 
2026-09-21 13:13:54.915 DEBUG: loss breakdown: energy_per_atom: 1.011018902327711, forces: 22.753419860089224, stress: 0.0010356003283175954, 
2026-09-21 13:13:55.047 DEBUG: loss breakdown: energy_per_atom: 0.48756927367451275, forces: 29.285221888810387, stress: 0.0010313930082482847, 
2026-09-21 13:13:55.194 DEBUG: loss breakdown: energy_per_atom: 3.554015808650979, forces: 14.54483744640624, stress: 0.0012628391093907493, 
2026-09-21 13:13:55.329 DEBUG: loss breakdown: energy_per_atom: 1.2157386840702769, forces: 487.26707545147684, stress: 0.002926188964659948, 
2026-09-21 13:13:55.479 DEBUG: loss breakdown: energy_per_atom: 1.0858383785473578, forces: 31.58193680244141, stress: 0.0007282090969371209, 
2026-09-21 13:13:55.625 DEBUG: loss breakdown: energy_per_atom: 5.652789572055065, forces: 20.371295673817695, stress: 0.0013091242481458553, 
2026-09-21 13:13:55.757 DEBUG: loss breakdown: energy_per_atom: 0.7886416199607968, forces: 23.46586926856119, stress: 0.001525137666816249, 
2026-09-21 13:13:55.914 DEBUG: loss breakdown: energy_per_atom: 0.47535379892573354, forces: 14.489945807733855, stress: 0.0009029754831312425, 
2026-09-21 13:13:56.050 DEBUG: loss breakdown: energy_per_atom: 0.9158033290694121, forces: 23.741589444294213, stress: 0.0005935260882494258, 
2026-09-21 13:13:56.177 DEBUG: loss breakdown: energy_per_atom: 9.440198039439615, forces: 85.15925777877926, stress: 0.0023989057627936327, 
2026-09-21 13:13:56.308 DEBUG: loss breakdown: energy_per_atom: 1.4914338069973572, forces: 41.05978152484409, stress: 0.0005800481945383179, 
2026-09-21 13:13:56.455 DEBUG: loss breakdown: energy_per_atom: 0.4497076213673359, forces: 89.74007082858304, stress: 0.003626778568476386, 
2026-09-21 13:13:56.600 DEBUG: loss breakdown: energy_per_atom: 0.48828181419068595, forces: 29.17165077622289, stress: 0.0005402221347418116, 
2026-09-21 13:13:56.746 DEBUG: loss breakdown: energy_per_atom: 0.5123079293377181, forces: 30.296084514391282, stress: 0.00025738860077610497, 
2026-09-21 13:13:56.877 DEBUG: loss breakdown: energy_per_atom: 1.0839944749602355, forces: 51.25588554269637, stress: 0.01359265747920803, 
2026-09-21 13:13:57.010 DEBUG: loss breakdown: energy_per_atom: 3.7203191691863715, forces: 311.8293362177407, stress: 0.006221345030616595, 
2026-09-21 13:13:57.154 DEBUG: loss breakdown: energy_per_atom: 51.45170367207925, forces: 209.24948751213225, stress: 0.005173294988673739, 
2026-09-21 13:13:57.299 DEBUG: loss breakdown: energy_per_atom: 1.2188991473612871, forces: 18.65161316917045, stress: 0.0003699276847121695, 
2026-09-21 13:13:57.427 DEBUG: loss breakdown: energy_per_atom: 5.418717378656876, forces: 34.168823602174484, stress: 0.0003995872665604279, 
2026-09-21 13:13:57.553 DEBUG: loss breakdown: energy_per_atom: 14.749478490276264, forces: 52.873189705156165, stress: 0.0009671349059124561, 
2026-09-21 13:13:57.684 DEBUG: loss breakdown: energy_per_atom: 3.8791750539903354, forces: 36.81873205348015, stress: 0.0008332282948951699, 
2026-09-21 13:13:57.837 DEBUG: loss breakdown: energy_per_atom: 1.3652261300309394, forces: 257.68034014242954, stress: 0.03239244692660672, 
2026-09-21 13:13:57.969 DEBUG: loss breakdown: energy_per_atom: 6.960714321283026, forces: 34.356828852262424, stress: 0.0022179289998051324, 
2026-09-21 13:13:58.099 DEBUG: loss breakdown: energy_per_atom: 1.0629239347368582, forces: 49.56600421930297, stress: 0.0005796951697619573, 
2026-09-21 13:13:58.232 DEBUG: loss breakdown: energy_per_atom: 0.307512640565906, forces: 74.2502091245378, stress: 0.0012971821136364228, 
2026-09-21 13:13:58.349 DEBUG: loss breakdown: energy_per_atom: 1.6669186072768125, forces: 37.74305273826068, stress: 0.0004712972757935621, 
2026-09-21 13:13:58.467 DEBUG: loss breakdown: energy_per_atom: 0.8827366377556517, forces: 611.7287149205093, stress: 0.007603891015448854, 
2026-09-21 13:13:58.588 DEBUG: loss breakdown: energy_per_atom: 0.42220368512353296, forces: 31.91739725676767, stress: 0.0007944343566359531, 
2026-09-21 13:13:58.736 DEBUG: loss breakdown: energy_per_atom: 3.2734866369037485, forces: 13.93815461482559, stress: 0.00047451911824180737, 
2026-09-21 13:13:58.868 DEBUG: loss breakdown: energy_per_atom: 4.611594942809456, forces: 23.954829480077247, stress: 0.0007081323247484511, 
2026-09-21 13:13:58.995 DEBUG: loss breakdown: energy_per_atom: 1.2296306933293815, forces: 22.278697144808337, stress: 0.0006802666946299652, 
2026-09-21 13:13:59.426 DEBUG: loss breakdown: energy_per_atom: 1.1528877534171327, forces: 21.920004252108463, stress: 0.0007077499350077965, 
2026-09-21 13:13:59.569 DEBUG: loss breakdown: energy_per_atom: 0.3053984374077602, forces: 20.548648813093916, stress: 0.0007457197815177242, 
2026-09-21 13:14:01.983 DEBUG: loss breakdown: energy_per_atom: 0.20323844042185313, forces: 49.162268792635444, stress: 0.001255590170476545, 
2026-09-21 13:14:02.127 DEBUG: loss breakdown: energy_per_atom: 16.19749071381971, forces: 37.57810183202517, stress: 0.0009633154189540714, 
2026-09-21 13:14:02.241 DEBUG: loss breakdown: energy_per_atom: 0.4277679927288355, forces: 49.63261134765937, stress: 0.000966871614867647, 
2026-09-21 13:14:02.360 DEBUG: loss breakdown: energy_per_atom: 36.613726657701434, forces: 14.009823377531186, stress: 0.0006688140601988983, 
2026-09-21 13:14:02.496 DEBUG: loss breakdown: energy_per_atom: 12.297352302063956, forces: 24.528799636108296, stress: 0.0009525791414148425, 
2026-09-21 13:14:02.633 DEBUG: loss breakdown: energy_per_atom: 2.343122257318426, forces: 28.659073291711845, stress: 0.0010718197956354073, 
2026-09-21 13:14:02.760 DEBUG: loss breakdown: energy_per_atom: 0.488543306359028, forces: 38.512910139490195, stress: 0.0014625606084354482, 
2026-09-21 13:14:02.907 DEBUG: loss breakdown: energy_per_atom: 2.0074215157864845, forces: 34.99125522304756, stress: 0.006584341411677565, 
2026-09-21 13:14:03.064 DEBUG: loss breakdown: energy_per_atom: 0.5011894007630912, forces: 36.25225171861807, stress: 0.0013284008879439512, 
2026-09-21 13:14:03.215 DEBUG: loss breakdown: energy_per_atom: 5.4158910777414295, forces: 20.28826554393495, stress: 0.0008455966638571112, 
2026-09-21 13:14:03.567 DEBUG: loss breakdown: energy_per_atom: 1.1483073601592557, forces: 24.5017561728294, stress: 0.0011610842885308855, 
2026-09-21 13:14:03.720 DEBUG: loss breakdown: energy_per_atom: 5.854050907165297, forces: 43.235747417130675, stress: 0.010284783793983506, 
2026-09-21 13:14:03.864 DEBUG: loss breakdown: energy_per_atom: 12.677576431890092, forces: 54.61185984568901, stress: 0.0006831554250770246, 
2026-09-21 13:14:04.002 DEBUG: loss breakdown: energy_per_atom: 0.5421883093097097, forces: 82.77615117729779, stress: 0.0013402006721311948, 
2026-09-21 13:14:04.141 DEBUG: loss breakdown: energy_per_atom: 0.46423479836329407, forces: 128.2477427944185, stress: 0.0028004359183628202, 
2026-09-21 13:14:04.283 DEBUG: loss breakdown: energy_per_atom: 3.0751319263449077, forces: 15.069651848835283, stress: 0.0005554937720473412, 
2026-09-21 13:14:04.423 DEBUG: loss breakdown: energy_per_atom: 0.3570920275840222, forces: 42.7675122455853, stress: 0.0004493251631563591, 
2026-09-21 13:14:04.567 DEBUG: loss breakdown: energy_per_atom: 4.7638367214704616, forces: 27.30923512131833, stress: 0.004325845251943211, 
2026-09-21 13:14:04.707 DEBUG: loss breakdown: energy_per_atom: 24.1145962868473, forces: 23.73829082945914, stress: 0.0009025744516796463, 
2026-09-21 13:14:04.849 DEBUG: loss breakdown: energy_per_atom: 0.4007522022144686, forces: 51.27724397603023, stress: 0.0011460338389441443, 
2026-09-21 13:14:04.990 DEBUG: loss breakdown: energy_per_atom: 1.4629272574808856, forces: 22.13441875227141, stress: 0.001025046459262514, 
2026-09-21 13:14:05.139 DEBUG: loss breakdown: energy_per_atom: 0.3266315014528379, forces: 13.372664552713337, stress: 0.000969019765776209, 
2026-09-21 13:14:05.298 DEBUG: loss breakdown: energy_per_atom: 0.976735090843497, forces: 30.808512798189387, stress: 0.0008524024418387304, 
2026-09-21 13:14:05.431 DEBUG: loss breakdown: energy_per_atom: 0.9730270602634508, forces: 48.94503990862557, stress: 0.0005804564742140122, 
2026-09-21 13:14:05.583 DEBUG: loss breakdown: energy_per_atom: 1.8826987928180012, forces: 17.40442212588477, stress: 0.000646080301187025, 
2026-09-21 13:14:05.738 DEBUG: loss breakdown: energy_per_atom: 29.16738383363881, forces: 108.55625258195278, stress: 0.0008601398121033817, 
2026-09-21 13:14:05.890 DEBUG: loss breakdown: energy_per_atom: 2.3020365742648377, forces: 14.611805069015157, stress: 0.0011410905995291728, 
2026-09-21 13:14:06.032 DEBUG: loss breakdown: energy_per_atom: 24.695415878272083, forces: 26.754424240862782, stress: 0.0006416797596021936, 
2026-09-21 13:14:06.173 DEBUG: loss breakdown: energy_per_atom: 6.057904774930968, forces: 30.72969168742893, stress: 0.0014572001084549187, 
2026-09-21 13:14:06.307 DEBUG: loss breakdown: energy_per_atom: 0.4081265466794557, forces: 22.45077390075597, stress: 0.000651526179686448, 
2026-09-21 13:14:06.445 DEBUG: loss breakdown: energy_per_atom: 7.036703365776663, forces: 16.83357324235703, stress: 0.0006357804508321054, 
2026-09-21 13:14:06.579 DEBUG: loss breakdown: energy_per_atom: 0.8446931809132867, forces: 94.41847344164832, stress: 0.0016842064376492304, 
2026-09-21 13:14:06.715 DEBUG: loss breakdown: energy_per_atom: 0.7237887035682533, forces: 56.87442573250252, stress: 0.009832597058478634, 
2026-09-21 13:14:06.857 DEBUG: loss breakdown: energy_per_atom: 0.38810408365230564, forces: 17.74014415860396, stress: 0.0007728484030533137, 
2026-09-21 13:14:06.999 DEBUG: loss breakdown: energy_per_atom: 0.45909894659282807, forces: 54.2627638196532, stress: 0.0003886090141044707, 
2026-09-21 13:14:07.160 DEBUG: loss breakdown: energy_per_atom: 1.127254529098312, forces: 47.80375093551817, stress: 0.0010976219015438175, 
2026-09-21 13:14:07.310 DEBUG: loss breakdown: energy_per_atom: 0.29569787152276583, forces: 15.552397971611546, stress: 0.0007352392526768025, 
2026-09-21 13:14:07.444 DEBUG: loss breakdown: energy_per_atom: 1.0605050648485534, forces: 59.52329303130958, stress: 0.001352092352282265, 
2026-09-21 13:14:07.571 DEBUG: loss breakdown: energy_per_atom: 0.47972038201133993, forces: 22.7613876085984, stress: 0.003688124076616341, 
2026-09-21 13:14:07.711 DEBUG: loss breakdown: energy_per_atom: 8.840111111833462, forces: 22.20360667688869, stress: 0.0007896346561924621, 
2026-09-21 13:14:07.850 DEBUG: loss breakdown: energy_per_atom: 6.398206639761099, forces: 22.169664852610047, stress: 0.0022741633004595193, 
2026-09-21 13:14:07.998 DEBUG: loss breakdown: energy_per_atom: 2.15087259734136, forces: 22.460000797275946, stress: 0.0007635821595350404, 
2026-09-21 13:14:08.145 DEBUG: loss breakdown: energy_per_atom: 0.9167852283858728, forces: 21.602435318497047, stress: 0.0008090377610639109, 
2026-09-21 13:14:08.294 DEBUG: loss breakdown: energy_per_atom: 0.8010077820788655, forces: 36.617572431635836, stress: 0.0012857511402567464, 
2026-09-21 13:14:08.444 DEBUG: loss breakdown: energy_per_atom: 0.6627932569194799, forces: 23.88336453770704, stress: 0.0005927121146610323, 
2026-09-21 13:14:08.586 DEBUG: loss breakdown: energy_per_atom: 0.24229647679167154, forces: 48.71058775799161, stress: 0.0012197699209744093, 
2026-09-21 13:14:08.742 DEBUG: loss breakdown: energy_per_atom: 3.3651388654443113, forces: 38.390283815021824, stress: 0.002505083929648646, 
2026-09-21 13:14:08.905 DEBUG: loss breakdown: energy_per_atom: 0.910065827783153, forces: 31.75983500440811, stress: 0.0007174454547968551, 
2026-09-21 13:14:09.033 DEBUG: loss breakdown: energy_per_atom: 0.6198397141345622, forces: 60.42606194976433, stress: 0.001444664444457687, 
2026-09-21 13:14:09.186 DEBUG: loss breakdown: energy_per_atom: 0.3657558022077242, forces: 29.962152988678525, stress: 0.000707069228321637, 
2026-09-21 13:14:09.344 DEBUG: loss breakdown: energy_per_atom: 5.9020094925546225, forces: 20.314596195521816, stress: 0.001650815420687813, 
2026-09-21 13:14:09.499 DEBUG: loss breakdown: energy_per_atom: 0.9125076962985033, forces: 14.229965193087507, stress: 0.0005947884108480134, 
2026-09-21 13:14:09.645 DEBUG: loss breakdown: energy_per_atom: 93.22580325984639, forces: 46.15559656539004, stress: 0.0008991425467877325, 
2026-09-21 13:14:09.773 DEBUG: loss breakdown: energy_per_atom: 1.2649592678842814, forces: 64.32423130050461, stress: 0.0005288494873498353, 
2026-09-21 13:14:09.907 DEBUG: loss breakdown: energy_per_atom: 0.30562160675381544, forces: 25.912778490363547, stress: 0.0009995941316822837, 
2026-09-21 13:14:10.044 DEBUG: loss breakdown: energy_per_atom: 0.4365576082916488, forces: 19.408228379682555, stress: 0.0006742782898852528, 
2026-09-21 13:14:10.194 DEBUG: loss breakdown: energy_per_atom: 0.6345225063009616, forces: 17.062916537896143, stress: 0.0005833613870315313, 
2026-09-21 13:14:10.342 DEBUG: loss breakdown: energy_per_atom: 3.8289870001432513, forces: 93.46077017234134, stress: 0.0014961937928182928, 
2026-09-21 13:14:10.471 DEBUG: loss breakdown: energy_per_atom: 1.9301195367150619, forces: 19.75735782550675, stress: 0.0006484092406367109, 
2026-09-21 13:14:10.601 DEBUG: loss breakdown: energy_per_atom: 0.43071703043445914, forces: 16.181358299246053, stress: 0.0007410031557470279, 
2026-09-21 13:14:10.731 DEBUG: loss breakdown: energy_per_atom: 1.1256601258937142, forces: 23.49105510671049, stress: 0.0017924534596689265, 
2026-09-21 13:14:10.859 DEBUG: loss breakdown: energy_per_atom: 0.7908446641953705, forces: 16.3162822322649, stress: 0.001623698043792153, 
2026-09-21 13:14:10.996 DEBUG: loss breakdown: energy_per_atom: 0.6662768081754363, forces: 29.240392031493954, stress: 0.001191228349027997, 
2026-09-21 13:14:11.130 DEBUG: loss breakdown: energy_per_atom: 0.7092960229796856, forces: 17.216843902788938, stress: 0.0007495113598498019, 
2026-09-21 13:14:11.291 DEBUG: loss breakdown: energy_per_atom: 3.1974948528711065, forces: 15.338943422611564, stress: 0.002701642108525647, 
2026-09-21 13:14:11.443 DEBUG: loss breakdown: energy_per_atom: 0.4296495061856067, forces: 23.929738221772705, stress: 0.0014869540201355327, 
2026-09-21 13:14:11.576 DEBUG: loss breakdown: energy_per_atom: 0.9339406970138017, forces: 37.862573212330915, stress: 0.000663868821243299, 
2026-09-21 13:14:11.711 DEBUG: loss breakdown: energy_per_atom: 0.3860057950829919, forces: 29.18361875420611, stress: 0.0013382968231006747, 
2026-09-21 13:14:11.851 DEBUG: loss breakdown: energy_per_atom: 1.8077864890138935, forces: 32.0861004529523, stress: 0.00395544137990125, 
2026-09-21 13:14:11.998 DEBUG: loss breakdown: energy_per_atom: 0.34279289104288707, forces: 16.609827398844246, stress: 0.00451719620541699, 
2026-09-21 13:14:12.138 DEBUG: loss breakdown: energy_per_atom: 0.44315991992786713, forces: 27.644398837638278, stress: 0.001193980401852063, 
2026-09-21 13:14:12.285 DEBUG: loss breakdown: energy_per_atom: 2.1303539558857403, forces: 37.93121437722353, stress: 0.0005144343351268084, 
2026-09-21 13:14:12.501 DEBUG: loss breakdown: energy_per_atom: 0.44571188918583016, forces: 19.737835673041534, stress: 0.0006457774239652173, 
2026-09-21 13:14:12.629 DEBUG: loss breakdown: energy_per_atom: 1.3775596486647668, forces: 13.480628050575591, stress: 0.000884145071376139, 
2026-09-21 13:14:12.773 DEBUG: loss breakdown: energy_per_atom: 0.6621501134065386, forces: 11.783334776514337, stress: 0.001606643778300767, 
2026-09-21 13:14:12.896 DEBUG: loss breakdown: energy_per_atom: 0.35965317895175053, forces: 21.253187585379127, stress: 0.002389050815644061, 
2026-09-21 13:14:13.026 DEBUG: loss breakdown: energy_per_atom: 1.0007338661824834, forces: 16.714485668962524, stress: 0.0005515012494195487, 
2026-09-21 13:14:13.158 DEBUG: loss breakdown: energy_per_atom: 1.1356080882158555, forces: 26.658934425175808, stress: 0.0009687974587589244, 
2026-09-21 13:14:13.313 DEBUG: loss breakdown: energy_per_atom: 1.1502753942618993, forces: 26.896758405367677, stress: 0.0007481751796715157, 
2026-09-21 13:14:13.451 DEBUG: loss breakdown: energy_per_atom: 0.6296500397338953, forces: 24.530267624911673, stress: 0.003725083531951612, 
2026-09-21 13:14:13.583 DEBUG: loss breakdown: energy_per_atom: 0.3047808692993583, forces: 59.74515514304208, stress: 0.003643305814083923, 
2026-09-21 13:14:13.713 DEBUG: loss breakdown: energy_per_atom: 0.514341550618246, forces: 19.33617006551331, stress: 0.0011797500538937144, 
2026-09-21 13:14:13.848 DEBUG: loss breakdown: energy_per_atom: 0.626736164295966, forces: 29.787844758074083, stress: 0.0007009483739042003, 
2026-09-21 13:14:13.982 DEBUG: loss breakdown: energy_per_atom: 1.1298768428960695, forces: 38.14492281107126, stress: 0.0032335171182384004, 
2026-09-21 13:14:14.127 DEBUG: loss breakdown: energy_per_atom: 2.324081122623465, forces: 31.56358636594487, stress: 0.0004572542406005153, 
2026-09-21 13:14:14.278 DEBUG: loss breakdown: energy_per_atom: 0.6555366379368082, forces: 17.664680353456667, stress: 0.0009673825317153459, 
2026-09-21 13:14:14.423 DEBUG: loss breakdown: energy_per_atom: 2.467623350763389, forces: 23.287261038755123, stress: 0.0009265760531263339, 
2026-09-21 13:14:14.570 DEBUG: loss breakdown: energy_per_atom: 1.3116112225907857, forces: 31.01947378807626, stress: 0.0017396768542468483, 
2026-09-21 13:14:14.698 DEBUG: loss breakdown: energy_per_atom: 0.5905046574202292, forces: 22.614137298932253, stress: 0.004777005353034509, 
2026-09-21 13:14:14.827 DEBUG: loss breakdown: energy_per_atom: 2.682234941519564, forces: 38.77427526279288, stress: 0.0015448936584348321, 
2026-09-21 13:14:14.965 DEBUG: loss breakdown: energy_per_atom: 0.4307052213109098, forces: 22.64561766287258, stress: 0.0016186296205296464, 
2026-09-21 13:14:15.103 DEBUG: loss breakdown: energy_per_atom: 0.8006966214087008, forces: 29.610313112755872, stress: 0.001962599630235836, 
2026-09-21 13:14:15.235 DEBUG: loss breakdown: energy_per_atom: 2.0788298108617425, forces: 23.50257767206475, stress: 0.0020603277870848763, 
2026-09-21 13:14:15.400 DEBUG: loss breakdown: energy_per_atom: 2.1296281160373405, forces: 38.94419677976991, stress: 0.005477537965285636, 
2026-09-21 13:14:15.545 DEBUG: loss breakdown: energy_per_atom: 1.0337076610563836, forces: 222.97803210214036, stress: 0.0014664560222365608, 
2026-09-21 13:14:15.686 DEBUG: loss breakdown: energy_per_atom: 0.4990866357762987, forces: 25.215797262438944, stress: 0.0006959977960224041, 
2026-09-21 13:14:15.848 DEBUG: loss breakdown: energy_per_atom: 1.4697238816528364, forces: 28.291927555985975, stress: 0.000962351268268964, 
2026-09-21 13:14:15.986 DEBUG: loss breakdown: energy_per_atom: 5.838874112980058, forces: 29.590686035772933, stress: 0.0006469269284008451, 
2026-09-21 13:14:16.119 DEBUG: loss breakdown: energy_per_atom: 1.6386114779100613, forces: 44.045644953502226, stress: 0.0009354651077538459, 
2026-09-21 13:14:16.245 DEBUG: loss breakdown: energy_per_atom: 1.0020100522155135, forces: 25.658511023024786, stress: 0.0008008965601326502, 
2026-09-21 13:14:16.387 DEBUG: loss breakdown: energy_per_atom: 0.7311853409693841, forces: 28.88796522477301, stress: 0.001115894632054219, 
2026-09-21 13:14:16.518 DEBUG: loss breakdown: energy_per_atom: 5.399779547861322, forces: 20.097015717429088, stress: 0.0040261775955383805, 
2026-09-21 13:14:16.656 DEBUG: loss breakdown: energy_per_atom: 18.140425571817723, forces: 33.5300333556061, stress: 0.0005236377807352884, 
2026-09-21 13:14:16.788 DEBUG: loss breakdown: energy_per_atom: 1.7663275949341772, forces: 34.85812552845772, stress: 0.0014534642469323906, 
2026-09-21 13:14:16.935 DEBUG: loss breakdown: energy_per_atom: 0.23973591298447633, forces: 43.53787025486127, stress: 0.0012985409937963, 
2026-09-21 13:14:17.096 DEBUG: loss breakdown: energy_per_atom: 0.2108248869683933, forces: 43.12833680823667, stress: 0.0013542273864695943, 
2026-09-21 13:14:17.242 DEBUG: loss breakdown: energy_per_atom: 0.24644376745856894, forces: 14.594340273360926, stress: 0.0007660164174733259, 
2026-09-21 13:14:17.369 DEBUG: loss breakdown: energy_per_atom: 3.164275780457311, forces: 27.31862598286709, stress: 0.0010182430314150878, 
2026-09-21 13:14:17.495 DEBUG: loss breakdown: energy_per_atom: 4.934287773340422, forces: 23.83964455921588, stress: 0.0008173867199096827, 
2026-09-21 13:14:17.625 DEBUG: loss breakdown: energy_per_atom: 3.8053315667380962, forces: 14.32491340191327, stress: 0.0007057156985571752, 
2026-09-21 13:14:17.759 DEBUG: loss breakdown: energy_per_atom: 0.36225742910131375, forces: 14.563972385293585, stress: 0.003212159117891122, 
2026-09-21 13:14:17.907 DEBUG: loss breakdown: energy_per_atom: 3.4839471273907057, forces: 26.338889778190733, stress: 0.0007359485644026156, 
2026-09-21 13:14:18.059 DEBUG: loss breakdown: energy_per_atom: 1.5310940919738127, forces: 17.04624326539913, stress: 0.0005815509956130782, 
2026-09-21 13:14:18.210 DEBUG: loss breakdown: energy_per_atom: 20.330187554330912, forces: 30.842849204547885, stress: 0.00041962080402283713, 
2026-09-21 13:14:18.346 DEBUG: loss breakdown: energy_per_atom: 0.6301157914922086, forces: 14.348917605835098, stress: 0.0007295399217312565, 
2026-09-21 13:14:18.493 DEBUG: loss breakdown: energy_per_atom: 83.69758035632721, forces: 16.94069626446928, stress: 0.0010787910089501923, 
2026-09-21 13:14:18.634 DEBUG: loss breakdown: energy_per_atom: 9.697680597213843, forces: 33.97438183584469, stress: 0.0008224085084287034, 
2026-09-21 13:14:18.768 DEBUG: loss breakdown: energy_per_atom: 1.9135813138763942, forces: 47.42181394129003, stress: 0.0010830359168008542, 
2026-09-21 13:14:18.901 DEBUG: loss breakdown: energy_per_atom: 0.838043672077877, forces: 17.65974079154994, stress: 0.0008995806126165525, 
2026-09-21 13:14:19.035 DEBUG: loss breakdown: energy_per_atom: 0.6664143346942004, forces: 20.222716366689085, stress: 0.003101525038381897, 
2026-09-21 13:14:19.203 DEBUG: loss breakdown: energy_per_atom: 0.363062383791385, forces: 49.73884618359895, stress: 0.0011850506392718672, 
2026-09-21 13:14:19.361 DEBUG: loss breakdown: energy_per_atom: 0.5845366231964654, forces: 13.994787814667454, stress: 0.0009519907345508019, 
2026-09-21 13:14:19.510 DEBUG: loss breakdown: energy_per_atom: 0.44345945719497026, forces: 31.418251423652567, stress: 0.0016582867329893735, 
2026-09-21 13:14:19.655 DEBUG: loss breakdown: energy_per_atom: 0.8135699914007235, forces: 18.787592037105377, stress: 0.0012156278209959823, 
2026-09-21 13:14:19.796 DEBUG: loss breakdown: energy_per_atom: 0.9406678174126251, forces: 35.45969902413367, stress: 0.0007798006891627451, 
2026-09-21 13:14:19.934 DEBUG: loss breakdown: energy_per_atom: 1.2249379859752119, forces: 23.74657901567564, stress: 0.0008370344908694848, 
2026-09-21 13:14:20.090 DEBUG: loss breakdown: energy_per_atom: 0.428046049587297, forces: 18.057997151677718, stress: 0.0011082434700019192, 
2026-09-21 13:14:20.249 DEBUG: loss breakdown: energy_per_atom: 2.2964809567287516, forces: 100.11838915422955, stress: 0.010932857085920712, 
2026-09-21 13:14:20.386 DEBUG: loss breakdown: energy_per_atom: 4.851917678238667, forces: 46.09702645295919, stress: 0.002769906104722693, 
2026-09-21 13:14:20.520 DEBUG: loss breakdown: energy_per_atom: 0.4912096428682539, forces: 13.61547998575397, stress: 0.0007606417995519801, 
2026-09-21 13:14:20.647 DEBUG: loss breakdown: energy_per_atom: 8.182648671846264, forces: 32.26439224291157, stress: 0.0013856375311864372, 
2026-09-21 13:14:20.788 DEBUG: loss breakdown: energy_per_atom: 1.1727771062617613, forces: 60.287691663402356, stress: 0.0011485585473657702, 
2026-09-21 13:14:20.927 DEBUG: loss breakdown: energy_per_atom: 0.5927282577891698, forces: 28.292762897393057, stress: 0.0020735207482145837, 
2026-09-21 13:14:21.072 DEBUG: loss breakdown: energy_per_atom: 1.1497858447602896, forces: 11.695759113628894, stress: 0.0016490784129917393, 
2026-09-21 13:14:21.206 DEBUG: loss breakdown: energy_per_atom: 0.5568070606081336, forces: 22.219840377572865, stress: 0.0006562933196920459, 
2026-09-21 13:14:21.367 DEBUG: loss breakdown: energy_per_atom: 0.4197378852278194, forces: 33.68941701736919, stress: 0.0006314591330861458, 
2026-09-21 13:14:21.513 DEBUG: loss breakdown: energy_per_atom: 1.8141636538276324, forces: 20.01683673792979, stress: 0.0005517193357620064, 
2026-09-21 13:14:21.667 DEBUG: loss breakdown: energy_per_atom: 0.7258659496158693, forces: 21.31473892079223, stress: 0.001106047472762287, 
2026-09-21 13:14:21.820 DEBUG: loss breakdown: energy_per_atom: 0.6824905026446952, forces: 578.9005626187596, stress: 0.008868383993842018, 
2026-09-21 13:14:21.962 DEBUG: loss breakdown: energy_per_atom: 0.5933485921915214, forces: 18.23210641468998, stress: 0.0007059183108301107, 
2026-09-21 13:14:22.108 DEBUG: loss breakdown: energy_per_atom: 31.015173493980086, forces: 16.28288615060853, stress: 0.0009763729026114081, 
2026-09-21 13:14:22.252 DEBUG: loss breakdown: energy_per_atom: 3.340772880979931, forces: 12.065201340534019, stress: 0.0005050905771259633, 
2026-09-21 13:14:22.395 DEBUG: loss breakdown: energy_per_atom: 1.0855789077582096, forces: 51.477954667242166, stress: 0.0008901548548582119, 
2026-09-21 13:14:22.540 DEBUG: loss breakdown: energy_per_atom: 0.295530648342025, forces: 34.83888840082352, stress: 0.008513095840354966, 
2026-09-21 13:14:22.681 DEBUG: loss breakdown: energy_per_atom: 1.005451239074274, forces: 34.65684460040778, stress: 0.0008167972567438063, 
2026-09-21 13:14:22.813 DEBUG: loss breakdown: energy_per_atom: 0.39567572452012245, forces: 21.08023164603575, stress: 0.0005652438252241926, 
2026-09-21 13:14:22.977 DEBUG: loss breakdown: energy_per_atom: 13.058383963880479, forces: 30.07310159572969, stress: 0.00866972585055271, 
2026-09-21 13:14:23.123 DEBUG: loss breakdown: energy_per_atom: 7.952518913722463, forces: 99.45508678195912, stress: 0.0008501382997293428, 
2026-09-21 13:14:23.260 DEBUG: loss breakdown: energy_per_atom: 21.322135205493563, forces: 30.655050576484307, stress: 0.0011878484596273028, 
2026-09-21 13:14:23.395 DEBUG: loss breakdown: energy_per_atom: 2.0267706210999843, forces: 30.47974566837538, stress: 0.002327338755159318, 
2026-09-21 13:14:23.535 DEBUG: loss breakdown: energy_per_atom: 0.5387794574095293, forces: 103.39967782458498, stress: 0.001656684983534795, 
2026-09-21 13:14:23.681 DEBUG: loss breakdown: energy_per_atom: 0.3387636972289193, forces: 19.604321802014184, stress: 0.0014777898358829715, 
2026-09-21 13:14:23.834 DEBUG: loss breakdown: energy_per_atom: 0.43871843888313133, forces: 18.41877069967043, stress: 0.001280527513623046, 
2026-09-21 13:14:23.990 DEBUG: loss breakdown: energy_per_atom: 1.2987226757479808, forces: 11.995374922931427, stress: 0.001972331161629582, 
2026-09-21 13:14:24.143 DEBUG: loss breakdown: energy_per_atom: 11.19832254978295, forces: 44.45382194345174, stress: 0.0013388177545355122, 
2026-09-21 13:14:24.278 DEBUG: loss breakdown: energy_per_atom: 0.34886193523879205, forces: 18.801883045239997, stress: 0.0013723209100012887, 
2026-09-21 13:14:24.409 DEBUG: loss breakdown: energy_per_atom: 10.005938698707938, forces: 16.92369103753915, stress: 0.002513092549944393, 
2026-09-21 13:14:24.561 DEBUG: loss breakdown: energy_per_atom: 0.66990761571279, forces: 30.769455941603002, stress: 0.0010596036273181778, 
2026-09-21 13:14:24.716 DEBUG: loss breakdown: energy_per_atom: 0.44360972141388944, forces: 19.444913288471145, stress: 0.0012529137222122174, 
2026-09-21 13:14:24.860 DEBUG: loss breakdown: energy_per_atom: 0.6953772971239338, forces: 31.60492147414164, stress: 0.0010336955441689313, 
2026-09-21 13:14:24.992 DEBUG: loss breakdown: energy_per_atom: 0.38098920293566674, forces: 21.08147265399807, stress: 0.0007230859940832164, 
2026-09-21 13:14:25.130 DEBUG: loss breakdown: energy_per_atom: 0.7256036505347812, forces: 35.554895442773216, stress: 0.0011928992414504708, 
2026-09-21 13:14:25.274 DEBUG: loss breakdown: energy_per_atom: 0.8157929481675437, forces: 56.755599622159814, stress: 0.0007445082602082456, 
2026-09-21 13:14:25.409 DEBUG: loss breakdown: energy_per_atom: 0.8384814295792415, forces: 15.644733749252923, stress: 0.0006326778794447424, 
2026-09-21 13:14:25.558 DEBUG: loss breakdown: energy_per_atom: 0.3283129355388891, forces: 23.836707115287073, stress: 0.0007175033913687269, 
2026-09-21 13:14:25.699 DEBUG: loss breakdown: energy_per_atom: 0.747639138800877, forces: 26.638302030707262, stress: 0.0037931241875312077, 
2026-09-21 13:14:25.828 DEBUG: loss breakdown: energy_per_atom: 1.2539326532674289, forces: 21.582421246124134, stress: 0.00073696299738642, 
2026-09-21 13:14:25.981 DEBUG: loss breakdown: energy_per_atom: 0.7504335092881312, forces: 87.8544536482329, stress: 0.0008053805443696574, 
2026-09-21 13:14:26.129 DEBUG: loss breakdown: energy_per_atom: 0.5217288401773659, forces: 43.80172353963244, stress: 0.001147697659486962, 
2026-09-21 13:14:26.283 DEBUG: loss breakdown: energy_per_atom: 2.6254651149211417, forces: 32.9538912586777, stress: 0.0017517606414320474, 
2026-09-21 13:14:26.430 DEBUG: loss breakdown: energy_per_atom: 0.18848467481841114, forces: 23.698911152016365, stress: 0.0006712439930008591, 
2026-09-21 13:14:26.604 DEBUG: loss breakdown: energy_per_atom: 1.0268688550498306, forces: 19.453781192885682, stress: 0.0005157975727633714, 
2026-09-21 13:14:26.754 DEBUG: loss breakdown: energy_per_atom: 0.6088329006846145, forces: 16.831025079750837, stress: 0.0013709531313625544, 
2026-09-21 13:14:26.913 DEBUG: loss breakdown: energy_per_atom: 0.6460410734272648, forces: 28.164603447644765, stress: 0.0006899140452856247, 
2026-09-21 13:14:27.052 DEBUG: loss breakdown: energy_per_atom: 27.809301190407332, forces: 43.36192043365603, stress: 0.001226005899211506, 
2026-09-21 13:14:27.205 DEBUG: loss breakdown: energy_per_atom: 0.4934274529084402, forces: 73.00668558189875, stress: 0.0003843650925694881, 
2026-09-21 13:14:27.365 DEBUG: loss breakdown: energy_per_atom: 0.5610637708864085, forces: 26.898369065278548, stress: 0.000720607412109585, 
2026-09-21 13:14:27.498 DEBUG: loss breakdown: energy_per_atom: 0.2764629476159356, forces: 28.706970939721145, stress: 0.0005968262357344616, 
2026-09-21 13:14:27.651 DEBUG: loss breakdown: energy_per_atom: 0.2942728057834624, forces: 23.558738159223473, stress: 0.0007096043826408648, 
2026-09-21 13:14:27.805 DEBUG: loss breakdown: energy_per_atom: 0.6453080052012695, forces: 24.511844118335237, stress: 0.00096617456179192, 
2026-09-21 13:14:27.941 DEBUG: loss breakdown: energy_per_atom: 22.149834646030936, forces: 14.844965294922257, stress: 0.0005198788766927449, 
2026-09-21 13:14:28.081 DEBUG: loss breakdown: energy_per_atom: 0.7428738251791824, forces: 318.822182296231, stress: 0.0028504002639408977, 
2026-09-21 13:14:28.217 DEBUG: loss breakdown: energy_per_atom: 1.8551491410827001, forces: 52.87649292858367, stress: 0.027974954564250403, 
2026-09-21 13:14:28.353 DEBUG: loss breakdown: energy_per_atom: 0.2581216754856603, forces: 25.334430523880926, stress: 0.0009774218613596375, 
2026-09-21 13:14:28.482 DEBUG: loss breakdown: energy_per_atom: 9.543542581883905, forces: 34.61550323704339, stress: 0.0007444261516118516, 
2026-09-21 13:14:28.612 DEBUG: loss breakdown: energy_per_atom: 0.8004264755592567, forces: 22.801554217422698, stress: 0.0006659370107381117, 
2026-09-21 13:14:28.765 DEBUG: loss breakdown: energy_per_atom: 1.1449697354294657, forces: 401.39995538403355, stress: 0.015904182275224426, 
2026-09-21 13:14:28.922 DEBUG: loss breakdown: energy_per_atom: 4.371504912880574, forces: 43.06603860271737, stress: 0.0010716052980315894, 
2026-09-21 13:14:29.077 DEBUG: loss breakdown: energy_per_atom: 0.9440740384069074, forces: 23.507593600735806, stress: 0.0009816173180646566, 
2026-09-21 13:14:29.223 DEBUG: loss breakdown: energy_per_atom: 3.722728430371988, forces: 28.938475754856007, stress: 0.0009254337179700307, 
2026-09-21 13:14:29.367 DEBUG: loss breakdown: energy_per_atom: 0.7392486342581186, forces: 47.91296530524449, stress: 0.0009933186092078998, 
2026-09-21 13:14:29.522 DEBUG: loss breakdown: energy_per_atom: 0.6725703801696346, forces: 18.28194216899064, stress: 0.0008115829492483332, 
2026-09-21 13:14:29.656 DEBUG: loss breakdown: energy_per_atom: 0.539505584855179, forces: 45.553048814973444, stress: 0.0009551188002756338, 
2026-09-21 13:14:29.791 DEBUG: loss breakdown: energy_per_atom: 0.9755625956423765, forces: 34.25016736781921, stress: 0.0007651492152688136, 
2026-09-21 13:14:29.932 DEBUG: loss breakdown: energy_per_atom: 17.82046062816218, forces: 16.97875717206844, stress: 0.00106587935858322, 
2026-09-21 13:14:30.071 DEBUG: loss breakdown: energy_per_atom: 11.751031659491154, forces: 57.91220069424949, stress: 0.0009906604545384544, 
2026-09-21 13:14:30.230 DEBUG: loss breakdown: energy_per_atom: 0.3041571821125554, forces: 25.947328207296344, stress: 0.0009105935187962708, 
2026-09-21 13:14:30.386 DEBUG: loss breakdown: energy_per_atom: 0.8428921712122392, forces: 27.927900136876126, stress: 0.0007714429625036054, 
2026-09-21 13:14:30.522 DEBUG: loss breakdown: energy_per_atom: 0.3806712197866906, forces: 16.03831991818046, stress: 0.0014645338239112993, 
2026-09-21 13:14:30.650 DEBUG: loss breakdown: energy_per_atom: 0.4689157466473165, forces: 42.43379065484282, stress: 0.0006442838402534519, 
2026-09-21 13:14:30.783 DEBUG: loss breakdown: energy_per_atom: 0.6448281951928115, forces: 67.69935813077039, stress: 0.01785595413005141, 
2026-09-21 13:14:30.918 DEBUG: loss breakdown: energy_per_atom: 0.656769016235756, forces: 17.28702237732428, stress: 0.0008416537762488496, 
2026-09-21 13:14:31.083 DEBUG: loss breakdown: energy_per_atom: 0.7982883234170367, forces: 36.99585371791312, stress: 0.0012024460119743608, 
2026-09-21 13:14:31.241 DEBUG: loss breakdown: energy_per_atom: 0.42878491718533174, forces: 27.353203970662477, stress: 0.0006434142994291001, 
2026-09-21 13:14:31.383 DEBUG: loss breakdown: energy_per_atom: 9.331383289547878, forces: 29.58148791781838, stress: 0.0012303585549166525, 
2026-09-21 13:14:31.513 DEBUG: loss breakdown: energy_per_atom: 0.34879279486845605, forces: 53.46376187888278, stress: 0.0005306100858206832, 
2026-09-21 13:14:31.643 DEBUG: loss breakdown: energy_per_atom: 0.2441560000747083, forces: 21.448251022507893, stress: 0.00635809188139656, 
2026-09-21 13:14:31.784 DEBUG: loss breakdown: energy_per_atom: 3.48713726023216, forces: 15.890212977881967, stress: 0.0010885762718683516, 
2026-09-21 13:14:31.942 DEBUG: loss breakdown: energy_per_atom: 0.8034596885333051, forces: 20.293562914481754, stress: 0.014887099641248411, 
2026-09-21 13:14:32.092 DEBUG: loss breakdown: energy_per_atom: 0.6486567497633057, forces: 33.014410008218235, stress: 0.0008982890303365671, 
2026-09-21 13:14:32.236 DEBUG: loss breakdown: energy_per_atom: 0.6512636253808679, forces: 22.226483516790875, stress: 0.0011353036335581964, 
2026-09-21 13:14:32.363 DEBUG: loss breakdown: energy_per_atom: 0.8859494741090695, forces: 26.311219399834044, stress: 0.033145757876529625, 
2026-09-21 13:14:32.518 DEBUG: loss breakdown: energy_per_atom: 0.26714890923382284, forces: 47.93260790860751, stress: 0.0008412400030279941, 
2026-09-21 13:14:32.652 DEBUG: loss breakdown: energy_per_atom: 1.240126444460996, forces: 33.09374061910436, stress: 0.000852857453180156, 
2026-09-21 13:14:32.792 DEBUG: loss breakdown: energy_per_atom: 0.4757019212199632, forces: 56.183712630701606, stress: 0.012848048374442507, 
2026-09-21 13:14:32.930 DEBUG: loss breakdown: energy_per_atom: 3.837578661216246, forces: 30.490942495781827, stress: 0.001347179104355242, 
2026-09-21 13:14:33.064 DEBUG: loss breakdown: energy_per_atom: 0.49815595496036824, forces: 18.39105622678478, stress: 0.0008040224598510268, 
2026-09-21 13:14:33.213 DEBUG: loss breakdown: energy_per_atom: 53.09885706150947, forces: 16.213722290924782, stress: 0.0012671582476716057, 
2026-09-21 13:14:33.349 DEBUG: loss breakdown: energy_per_atom: 0.6598400923928681, forces: 17.97744022747842, stress: 0.0011293273179763348, 
2026-09-21 13:14:33.479 DEBUG: loss breakdown: energy_per_atom: 0.2862725784489153, forces: 35.064232246753036, stress: 0.0028279098676232076, 
2026-09-21 13:14:33.606 DEBUG: loss breakdown: energy_per_atom: 0.5893598804810509, forces: 38.76577511017731, stress: 0.0007248796535435728, 
2026-09-21 13:14:33.759 DEBUG: loss breakdown: energy_per_atom: 3.1026302109910735, forces: 32.68380871868035, stress: 0.004017535901100102, 
2026-09-21 13:14:33.902 DEBUG: loss breakdown: energy_per_atom: 1.2291023297145542, forces: 21.586698247412432, stress: 0.0010753311887828501, 
2026-09-21 13:14:34.030 DEBUG: loss breakdown: energy_per_atom: 19.441715361551147, forces: 26.554359243560754, stress: 0.0045898998681797405, 
2026-09-21 13:14:34.167 DEBUG: loss breakdown: energy_per_atom: 5.955636263938674, forces: 25.004881652850862, stress: 0.000915735830641551, 
2026-09-21 13:14:34.322 DEBUG: loss breakdown: energy_per_atom: 7.656897407656648, forces: 17.800220442731796, stress: 0.001230950754022015, 
2026-09-21 13:14:34.472 DEBUG: loss breakdown: energy_per_atom: 8.816101017621545, forces: 18.759104792764962, stress: 0.0005260217846505968, 
2026-09-21 13:14:34.629 DEBUG: loss breakdown: energy_per_atom: 9.651236976300073, forces: 24.98846726368293, stress: 0.0005103617993492893, 
2026-09-21 13:14:34.765 DEBUG: loss breakdown: energy_per_atom: 0.3622123924850691, forces: 17.53340481948646, stress: 0.0006340959802916239, 
2026-09-21 13:14:34.895 DEBUG: loss breakdown: energy_per_atom: 0.29733639314748217, forces: 35.13633954517867, stress: 0.0010103349907389743, 
2026-09-21 13:14:35.030 DEBUG: loss breakdown: energy_per_atom: 0.8578852022028114, forces: 53.034312872551816, stress: 0.0008293622562992144, 
2026-09-21 13:14:35.181 DEBUG: loss breakdown: energy_per_atom: 0.3849214681433657, forces: 18.40686430204879, stress: 0.00039877391031144276, 
2026-09-21 13:14:35.334 DEBUG: loss breakdown: energy_per_atom: 0.4493163004239573, forces: 32.8097745190347, stress: 0.0009618820857655312, 
2026-09-21 13:14:35.478 DEBUG: loss breakdown: energy_per_atom: 0.8117931146390224, forces: 19.95873569215462, stress: 0.0007072760007760236, 
2026-09-21 13:14:35.634 DEBUG: loss breakdown: energy_per_atom: 1.6682644303793777, forces: 28.994655974670387, stress: 0.0005239262383882229, 
2026-09-21 13:14:35.781 DEBUG: loss breakdown: energy_per_atom: 0.841223908776469, forces: 9.447257999923014, stress: 0.001150457067823951, 
2026-09-21 13:14:35.910 DEBUG: loss breakdown: energy_per_atom: 0.5518137699838332, forces: 14.232861406009183, stress: 0.0009256022260770101, 
2026-09-21 13:14:36.048 DEBUG: loss breakdown: energy_per_atom: 0.920336818731287, forces: 54.18943857535684, stress: 0.000826786334255132, 
2026-09-21 13:14:36.195 DEBUG: loss breakdown: energy_per_atom: 1.0696008502868903, forces: 22.173175806379234, stress: 0.0007751044278262748, 
2026-09-21 13:14:36.328 DEBUG: loss breakdown: energy_per_atom: 1.1015623485792738, forces: 13.0337852785487, stress: 0.0014593245904169889, 
2026-09-21 13:14:36.462 DEBUG: loss breakdown: energy_per_atom: 0.6635975542261983, forces: 17.610277531666238, stress: 0.000903798076054073, 
2026-09-21 13:14:36.600 DEBUG: loss breakdown: energy_per_atom: 0.3677202882506413, forces: 29.782840378530828, stress: 0.0012725843203961673, 
2026-09-21 13:14:36.728 DEBUG: loss breakdown: energy_per_atom: 0.6137403683993163, forces: 90.97596792801177, stress: 0.0012528563819905751, 
2026-09-21 13:14:36.885 DEBUG: loss breakdown: energy_per_atom: 0.5880493244630574, forces: 43.84580162983894, stress: 0.018376998146905337, 
2026-09-21 13:14:37.008 DEBUG: loss breakdown: energy_per_atom: 0.34417865139278697, forces: 13.009480408113527, stress: 0.004375677189290115, 
2026-09-21 13:14:37.129 DEBUG: loss breakdown: energy_per_atom: 1.8908999298013711, forces: 36.543448093586115, stress: 0.002776138805710115, 
2026-09-21 13:14:37.278 DEBUG: loss breakdown: energy_per_atom: 6.229332256732226, forces: 19.098548240638852, stress: 0.0011179714412393302, 
2026-09-21 13:14:37.419 DEBUG: loss breakdown: energy_per_atom: 18.543977869910584, forces: 30.620696040994684, stress: 0.0007217990249289703, 
2026-09-21 13:14:37.556 DEBUG: loss breakdown: energy_per_atom: 8.391889455059623, forces: 54.941641813368456, stress: 0.012544660043234337, 
2026-09-21 13:14:37.689 DEBUG: loss breakdown: energy_per_atom: 7.834471225674214, forces: 19.48524816557224, stress: 0.0007890089775329369, 
2026-09-21 13:14:37.826 DEBUG: loss breakdown: energy_per_atom: 5.738947661552711, forces: 18.806861488324927, stress: 0.0008117689755851873, 
2026-09-21 13:14:37.961 DEBUG: loss breakdown: energy_per_atom: 1.49412655652838, forces: 98.39568894500016, stress: 0.003310741947708421, 
2026-09-21 13:14:38.127 DEBUG: loss breakdown: energy_per_atom: 0.4127388410295516, forces: 31.823240415488698, stress: 0.0007065436280155324, 
2026-09-21 13:14:38.267 DEBUG: loss breakdown: energy_per_atom: 0.8390135566833334, forces: 34.850838313539526, stress: 0.0006432851759440887, 
2026-09-21 13:14:38.407 DEBUG: loss breakdown: energy_per_atom: 0.30468214912388214, forces: 47.21253552457392, stress: 0.0005476613439640574, 
2026-09-21 13:14:38.557 DEBUG: loss breakdown: energy_per_atom: 0.2880626374070358, forces: 22.282355890475696, stress: 0.0012940159049952518, 
2026-09-21 13:14:38.694 DEBUG: loss breakdown: energy_per_atom: 4.858695410075989, forces: 27.540857195555752, stress: 0.0006374270085172789, 
2026-09-21 13:14:38.823 DEBUG: loss breakdown: energy_per_atom: 0.6731084838272896, forces: 34.096713303482026, stress: 0.0007937424531063893, 
2026-09-21 13:14:38.959 DEBUG: loss breakdown: energy_per_atom: 0.6387388839519482, forces: 30.78712303896151, stress: 0.0007863203072361368, 
2026-09-21 13:14:39.092 DEBUG: loss breakdown: energy_per_atom: 0.4490668172424332, forces: 15.767947530217993, stress: 0.0009003208153083286, 
2026-09-21 13:14:39.231 DEBUG: loss breakdown: energy_per_atom: 4.952268968688497, forces: 24.180173137609962, stress: 0.0018931185570760763, 
2026-09-21 13:14:39.375 DEBUG: loss breakdown: energy_per_atom: 0.806154912114534, forces: 30.92616433254891, stress: 0.0015378679043609668, 
2026-09-21 13:14:39.527 DEBUG: loss breakdown: energy_per_atom: 1.0758608410005823, forces: 19.387977595132963, stress: 0.0006420356230118166, 
2026-09-21 13:14:39.659 DEBUG: loss breakdown: energy_per_atom: 1.2667052374656322, forces: 17.88154328519791, stress: 0.0013414662034594656, 
2026-09-21 13:14:39.792 DEBUG: loss breakdown: energy_per_atom: 0.45686629042864507, forces: 14.503683805220827, stress: 0.0017871648289788065, 
2026-09-21 13:14:39.924 DEBUG: loss breakdown: energy_per_atom: 24.50572939741089, forces: 10.842424242825723, stress: 0.001241932396310925, 
2026-09-21 13:14:40.064 DEBUG: loss breakdown: energy_per_atom: 16.499235644219894, forces: 16.769356711456386, stress: 0.0007702705492201358, 
2026-09-21 13:14:40.203 DEBUG: loss breakdown: energy_per_atom: 0.8145166772738079, forces: 847.9492868721953, stress: 0.0019657219211180067, 
2026-09-21 13:14:40.337 DEBUG: loss breakdown: energy_per_atom: 1.2115551949825951, forces: 41.33958785025806, stress: 0.0006747611773969185, 
2026-09-21 13:14:40.467 DEBUG: loss breakdown: energy_per_atom: 14.285260867380089, forces: 47.8215350821689, stress: 0.0010736457909620166, 
2026-09-21 13:14:40.605 DEBUG: loss breakdown: energy_per_atom: 0.2558213495429913, forces: 24.26579546884736, stress: 0.0012688698987847412, 
2026-09-21 13:14:40.755 DEBUG: loss breakdown: energy_per_atom: 0.6327434441250417, forces: 234.4572022446774, stress: 0.0035475012260210593, 
2026-09-21 13:14:40.898 DEBUG: loss breakdown: energy_per_atom: 0.48503333788037717, forces: 48.253916154454316, stress: 0.001039020524758588, 
2026-09-21 13:14:41.044 DEBUG: loss breakdown: energy_per_atom: 0.5317117889001689, forces: 1069.1285528705494, stress: 0.005221604047367417, 
2026-09-21 13:14:41.197 DEBUG: loss breakdown: energy_per_atom: 9.082757065483111, forces: 28.45183132002068, stress: 0.0015474484606469237, 
2026-09-21 13:14:41.335 DEBUG: loss breakdown: energy_per_atom: 0.3724618446351498, forces: 19.852788721768245, stress: 0.0009798101455350979, 
2026-09-21 13:14:41.474 DEBUG: loss breakdown: energy_per_atom: 0.8022628534194611, forces: 29.726937244974145, stress: 0.0011476024072561467, 
2026-09-21 13:14:41.603 DEBUG: loss breakdown: energy_per_atom: 0.46934983890935755, forces: 22.907019794862546, stress: 0.0037598109043790145, 
2026-09-21 13:14:41.743 DEBUG: loss breakdown: energy_per_atom: 0.2753327669876807, forces: 22.930493779555793, stress: 0.0008429642605463374, 
2026-09-21 13:14:41.897 DEBUG: loss breakdown: energy_per_atom: 0.5673996450412351, forces: 21.655124104805314, stress: 0.0011532362377034916, 
2026-09-21 13:14:42.051 DEBUG: loss breakdown: energy_per_atom: 1.8450137185096087, forces: 15.027315245324324, stress: 0.0009321730768340587, 
2026-09-21 13:14:42.216 DEBUG: loss breakdown: energy_per_atom: 0.7924014123411671, forces: 17.0577999339973, stress: 0.0005803502308481689, 
2026-09-21 13:14:42.367 DEBUG: loss breakdown: energy_per_atom: 0.38875089857734785, forces: 45.68234323603055, stress: 0.001103088922201365, 
2026-09-21 13:14:42.497 DEBUG: loss breakdown: energy_per_atom: 0.9470053876194808, forces: 25.197454257017803, stress: 0.0003582499494038824, 
2026-09-21 13:14:42.649 DEBUG: loss breakdown: energy_per_atom: 9.723273821405748, forces: 26.34319707432031, stress: 0.00034206489486924137, 
2026-09-21 13:14:42.803 DEBUG: loss breakdown: energy_per_atom: 4.280730976083438, forces: 27.63308705526705, stress: 0.0012164816559686739, 
2026-09-21 13:14:42.952 DEBUG: loss breakdown: energy_per_atom: 8.073048242757926, forces: 28.903465036470088, stress: 0.0007062568029557927, 
2026-09-21 13:14:43.087 DEBUG: loss breakdown: energy_per_atom: 0.7549702230673598, forces: 51.60263695296986, stress: 0.0007352603639476287, 
2026-09-21 13:14:43.236 DEBUG: loss breakdown: energy_per_atom: 1.2822471667301427, forces: 29.06075984820057, stress: 0.005398776560867237, 
2026-09-21 13:14:43.375 DEBUG: loss breakdown: energy_per_atom: 0.448670223668507, forces: 31.955903169364603, stress: 0.000885026067034656, 
2026-09-21 13:14:43.510 DEBUG: loss breakdown: energy_per_atom: 3.922467844434935, forces: 21.56371770532114, stress: 0.0009539902380262424, 
2026-09-21 13:14:43.663 DEBUG: loss breakdown: energy_per_atom: 1.1544056964976255, forces: 64.30324804909311, stress: 0.004986036345325799, 
2026-09-21 13:14:43.801 DEBUG: loss breakdown: energy_per_atom: 0.41361733798268296, forces: 29.490576298437848, stress: 0.0016684092802665357, 
2026-09-21 13:14:43.954 DEBUG: loss breakdown: energy_per_atom: 2.2102336847042716, forces: 27.054341676945594, stress: 0.0012732643587960628, 
2026-09-21 13:14:44.083 DEBUG: loss breakdown: energy_per_atom: 4.454155456977281, forces: 157.1571984171549, stress: 0.0008031608880997292, 
2026-09-21 13:14:44.216 DEBUG: loss breakdown: energy_per_atom: 1.5810661983687069, forces: 13.896310422737349, stress: 0.0010062110075348026, 
2026-09-21 13:14:44.364 DEBUG: loss breakdown: energy_per_atom: 2.02850820429793, forces: 47.564263754157494, stress: 0.0010593040117973056, 
2026-09-21 13:14:44.519 DEBUG: loss breakdown: energy_per_atom: 8.524992519662902, forces: 28.411825036631562, stress: 0.0012891519474679378, 
2026-09-21 13:14:44.675 DEBUG: loss breakdown: energy_per_atom: 0.8595735429554607, forces: 22.20039733250126, stress: 0.0066743961603328164, 
2026-09-21 13:14:44.826 DEBUG: loss breakdown: energy_per_atom: 0.5058775517631461, forces: 21.512030572398928, stress: 0.0011304803355360615, 
2026-09-21 13:14:44.974 DEBUG: loss breakdown: energy_per_atom: 0.4520975861564285, forces: 15.682232227316236, stress: 0.0017505381130823875, 
2026-09-21 13:14:45.112 DEBUG: loss breakdown: energy_per_atom: 0.38627224381772995, forces: 9.755286469911677, stress: 0.001534314694573996, 
2026-09-21 13:14:45.249 DEBUG: loss breakdown: energy_per_atom: 1.179796010668977, forces: 48.58553261001677, stress: 0.024946012205331037, 
2026-09-21 13:14:45.385 DEBUG: loss breakdown: energy_per_atom: 0.479048062654859, forces: 11.22981694513043, stress: 0.0014329679217959575, 
2026-09-21 13:14:45.539 DEBUG: loss breakdown: energy_per_atom: 0.48081287343790796, forces: 32.02161913665136, stress: 0.0009058328447222597, 
2026-09-21 13:14:45.694 DEBUG: loss breakdown: energy_per_atom: 0.37947887502382505, forces: 28.491789880516, stress: 0.0019119894483864666, 
2026-09-21 13:14:45.847 DEBUG: loss breakdown: energy_per_atom: 0.7755198232766376, forces: 42.96529757644839, stress: 0.00788309132729208, 
2026-09-21 13:14:45.995 DEBUG: loss breakdown: energy_per_atom: 0.2862396619729266, forces: 30.93019010399287, stress: 0.0007622236994872857, 
2026-09-21 13:14:46.139 DEBUG: loss breakdown: energy_per_atom: 5.229537736899753, forces: 34.06744021167574, stress: 0.001137481720740464, 
2026-09-21 13:14:46.267 DEBUG: loss breakdown: energy_per_atom: 0.49631450033004265, forces: 22.038058145068185, stress: 0.0011437960122917528, 
2026-09-21 13:14:46.404 DEBUG: loss breakdown: energy_per_atom: 17.530661857937663, forces: 17.962351061345245, stress: 0.0009471603879261609, 
2026-09-21 13:14:46.558 DEBUG: loss breakdown: energy_per_atom: 1.2656610552191605, forces: 29.48108859665905, stress: 0.0007262125063863447, 
2026-09-21 13:14:46.702 DEBUG: loss breakdown: energy_per_atom: 0.8837644380625047, forces: 14.382611013289246, stress: 0.0007914254522969347, 
2026-09-21 13:14:46.849 DEBUG: loss breakdown: energy_per_atom: 0.8726005244633528, forces: 35.51553722748733, stress: 0.000704251330591033, 
2026-09-21 13:14:46.981 DEBUG: loss breakdown: energy_per_atom: 7.420917940356271, forces: 17.08010714540538, stress: 0.0005373096543358473, 
2026-09-21 13:14:47.126 DEBUG: loss breakdown: energy_per_atom: 1.7895022939065812, forces: 94.51905819327672, stress: 0.0010507280390478014, 
2026-09-21 13:14:47.261 DEBUG: loss breakdown: energy_per_atom: 0.3233227713442221, forces: 68.16183939286857, stress: 0.0007111472659344869, 
2026-09-21 13:14:47.391 DEBUG: loss breakdown: energy_per_atom: 2.1973912014306447, forces: 23.547036984505002, stress: 0.02194846138873709, 
2026-09-21 13:14:47.528 DEBUG: loss breakdown: energy_per_atom: 1.2755261080420288, forces: 59.26971658513084, stress: 0.013702369911558947, 
2026-09-21 13:14:47.677 DEBUG: loss breakdown: energy_per_atom: 1.5425039323597858, forces: 13.360223944172203, stress: 0.001024428017839006, 
2026-09-21 13:14:47.834 DEBUG: loss breakdown: energy_per_atom: 0.528838673698462, forces: 18.85290224439243, stress: 0.0015875219092020914, 
2026-09-21 13:14:47.988 DEBUG: loss breakdown: energy_per_atom: 0.6821153355344224, forces: 29.285362131881186, stress: 0.0011644059390509619, 
2026-09-21 13:14:48.141 DEBUG: loss breakdown: energy_per_atom: 5.884660409603283, forces: 17.223327059185944, stress: 0.011857281123249023, 
2026-09-21 13:14:48.275 DEBUG: loss breakdown: energy_per_atom: 0.9432931302062099, forces: 30.17768333771176, stress: 0.0015428708741162765, 
2026-09-21 13:14:48.424 DEBUG: loss breakdown: energy_per_atom: 0.5459281143887571, forces: 22.989948267943465, stress: 0.0017409671745214985, 
2026-09-21 13:14:48.583 DEBUG: loss breakdown: energy_per_atom: 3.6700983090176997, forces: 14.025347936881166, stress: 0.001157091482768301, 
2026-09-21 13:14:48.732 DEBUG: loss breakdown: energy_per_atom: 1.9935409009924587, forces: 69.43450881175679, stress: 0.001506442937104056, 
2026-09-21 13:14:48.865 DEBUG: loss breakdown: energy_per_atom: 3.1900906086273397, forces: 17.251709347199377, stress: 0.0012734136595157, 
2026-09-21 13:14:49.003 DEBUG: loss breakdown: energy_per_atom: 0.8100671899338301, forces: 62.39488240227713, stress: 0.0022847365350335915, 
2026-09-21 13:14:49.135 DEBUG: loss breakdown: energy_per_atom: 2.691267041429821, forces: 19.559516995788393, stress: 0.0006937182788620057, 
2026-09-21 13:14:49.274 DEBUG: loss breakdown: energy_per_atom: 0.8811447722605545, forces: 22.207252846226734, stress: 0.001037940972476667, 
2026-09-21 13:14:49.408 DEBUG: loss breakdown: energy_per_atom: 0.4048784609791042, forces: 23.207282588372806, stress: 0.0006934524662472532, 
2026-09-21 13:14:49.540 DEBUG: loss breakdown: energy_per_atom: 0.5402809894013539, forces: 30.154953666083532, stress: 0.0007349946900870001, 
2026-09-21 13:14:49.672 DEBUG: loss breakdown: energy_per_atom: 1.8187671709015503, forces: 22.113245201575634, stress: 0.0008142478508175077, 
2026-09-21 13:14:49.812 DEBUG: loss breakdown: energy_per_atom: 0.9290162219026016, forces: 26.494076908720398, stress: 0.006040880305751323, 
2026-09-21 13:14:49.957 DEBUG: loss breakdown: energy_per_atom: 0.6710428002043656, forces: 34.879069580742794, stress: 0.00043778032345781557, 
2026-09-21 13:14:50.110 DEBUG: loss breakdown: energy_per_atom: 0.9941745438953664, forces: 34.84390973591292, stress: 0.011203754468435745, 
2026-09-21 13:14:50.257 DEBUG: loss breakdown: energy_per_atom: 0.43171400071665555, forces: 14.182058236270503, stress: 0.0009601458743352516, 
2026-09-21 13:14:50.409 DEBUG: loss breakdown: energy_per_atom: 8.791198676807182, forces: 30.221218691647024, stress: 0.0008578463144718307, 
2026-09-21 13:14:50.565 DEBUG: loss breakdown: energy_per_atom: 1.0250735315717594, forces: 19.234276841286857, stress: 0.001087406990789672, 
2026-09-21 13:14:50.710 DEBUG: loss breakdown: energy_per_atom: 0.45633932229124907, forces: 45.72897874978355, stress: 0.0019285503538893796, 
2026-09-21 13:14:50.837 DEBUG: loss breakdown: energy_per_atom: 84.17954815257441, forces: 22.06535315260823, stress: 0.0009813616035309306, 
2026-09-21 13:14:50.975 DEBUG: loss breakdown: energy_per_atom: 0.29977397891041685, forces: 39.44470537549319, stress: 0.0006492632175707931, 
2026-09-21 13:14:51.097 DEBUG: loss breakdown: energy_per_atom: 0.3799675619476423, forces: 17.973196060237544, stress: 0.0007710520268259456, 
2026-09-21 13:14:51.227 DEBUG: loss breakdown: energy_per_atom: 3.634853817900077, forces: 22.590184499696857, stress: 0.000583917989419123, 
2026-09-21 13:14:51.371 DEBUG: loss breakdown: energy_per_atom: 0.7487149975859366, forces: 77.42118452877192, stress: 0.0008489029011097501, 
2026-09-21 13:14:51.513 DEBUG: loss breakdown: energy_per_atom: 0.5787692703648103, forces: 16.10599088429727, stress: 0.0008285554083447131, 
2026-09-21 13:14:51.661 DEBUG: loss breakdown: energy_per_atom: 3.738420878885316, forces: 10.798551517648683, stress: 0.00046270556139503516, 
2026-09-21 13:14:51.795 DEBUG: loss breakdown: energy_per_atom: 0.8384046565051124, forces: 39.8304616257177, stress: 0.001421060038116445, 
2026-09-21 13:14:51.927 DEBUG: loss breakdown: energy_per_atom: 0.9883561377559403, forces: 10.956473446599311, stress: 0.0009305230888688716, 
2026-09-21 13:14:52.052 DEBUG: loss breakdown: energy_per_atom: 0.8539928809251375, forces: 20.885424456390428, stress: 0.003326185386678504, 
2026-09-21 13:14:52.177 DEBUG: loss breakdown: energy_per_atom: 0.3799748777804719, forces: 19.134463985075143, stress: 0.001072226142926577, 
2026-09-21 13:14:52.313 DEBUG: loss breakdown: energy_per_atom: 33.19825719489099, forces: 34.37523761193507, stress: 0.0013820134635613688, 
2026-09-21 13:14:52.473 DEBUG: loss breakdown: energy_per_atom: 0.34677433449749306, forces: 42.74273914704389, stress: 0.002067808107289617, 
2026-09-21 13:14:52.622 DEBUG: loss breakdown: energy_per_atom: 10.645186385944367, forces: 25.117303869644342, stress: 0.0008481076879228893, 
2026-09-21 13:14:52.785 DEBUG: loss breakdown: energy_per_atom: 0.9072285612237944, forces: 43.01792282424148, stress: 0.0020757928748568657, 
2026-09-21 13:14:52.928 DEBUG: loss breakdown: energy_per_atom: 7.982230801908813, forces: 36.5843931378804, stress: 0.005870343641106652, 
2026-09-21 13:14:53.067 DEBUG: loss breakdown: energy_per_atom: 2.0229342820390124, forces: 37.38134057284041, stress: 0.0021051807347842962, 
2026-09-21 13:14:53.199 DEBUG: loss breakdown: energy_per_atom: 0.4728191759009444, forces: 21.891894122602714, stress: 0.001037715630162612, 
2026-09-21 13:14:53.349 DEBUG: loss breakdown: energy_per_atom: 0.3198974096176245, forces: 14.8905793252674, stress: 0.0011779681749985683, 
2026-09-21 13:14:53.499 DEBUG: loss breakdown: energy_per_atom: 0.41843501063494193, forces: 26.08324620994854, stress: 0.012056128815660348, 
2026-09-21 13:14:53.666 DEBUG: loss breakdown: energy_per_atom: 0.615765618529272, forces: 15.477312464062035, stress: 0.0009309754995992021, 
2026-09-21 13:14:53.818 DEBUG: loss breakdown: energy_per_atom: 0.6391278023947002, forces: 24.619016287734986, stress: 0.0006941911632879636, 
2026-09-21 13:14:53.966 DEBUG: loss breakdown: energy_per_atom: 0.6849001854551166, forces: 14.293271256951034, stress: 0.000993514436845022, 
2026-09-21 13:14:54.113 DEBUG: loss breakdown: energy_per_atom: 8.050216741814165, forces: 26.873980399132396, stress: 0.0007475751604796668, 
2026-09-21 13:14:54.257 DEBUG: loss breakdown: energy_per_atom: 0.40749299178223164, forces: 22.806710881333032, stress: 0.002004479985946486, 
2026-09-21 13:14:54.403 DEBUG: loss breakdown: energy_per_atom: 6.431538061632567, forces: 35.43159148018968, stress: 0.0010934195180726377, 
2026-09-21 13:14:54.556 DEBUG: loss breakdown: energy_per_atom: 0.913151126592152, forces: 33.10632553505011, stress: 0.0008310878577308913, 
2026-09-21 13:14:54.696 DEBUG: loss breakdown: energy_per_atom: 18.362501119816642, forces: 16.701117286234137, stress: 0.0010105610497019501, 
2026-09-21 13:14:54.854 DEBUG: loss breakdown: energy_per_atom: 0.7496103412433999, forces: 21.39479515348307, stress: 0.001233785054616187, 
2026-09-21 13:14:55.008 DEBUG: loss breakdown: energy_per_atom: 0.2984271077716127, forces: 24.725953895044945, stress: 0.0010901281641439112, 
2026-09-21 13:14:55.163 DEBUG: loss breakdown: energy_per_atom: 30.444503037617014, forces: 19.701244609452356, stress: 0.013850067190106825, 
2026-09-21 13:14:55.318 DEBUG: loss breakdown: energy_per_atom: 0.6607659568673365, forces: 19.24022555003036, stress: 0.0006097469358895021, 
2026-09-21 13:14:55.465 DEBUG: loss breakdown: energy_per_atom: 1.1625957866589465, forces: 21.987892720907702, stress: 0.0030651446043644965, 
2026-09-21 13:14:55.602 DEBUG: loss breakdown: energy_per_atom: 0.7575464763179088, forces: 40.6584762323993, stress: 0.0024186163823228957, 
2026-09-21 13:14:55.720 DEBUG: loss breakdown: energy_per_atom: 0.4917250374028833, forces: 51.424428629888865, stress: 0.0003899638522957033, 
2026-09-21 13:14:55.827 DEBUG: loss breakdown: energy_per_atom: 0.9459514893270567, forces: 30.091072334827118, stress: 0.003663114922439569, 
2026-09-21 13:14:55.934 DEBUG: loss breakdown: energy_per_atom: 22.02322033017759, forces: 525.0811994163097, stress: 0.0011851980937609805, 
2026-09-21 13:14:56.040 DEBUG: loss breakdown: energy_per_atom: 1.4131032815685693, forces: 20.196242964650427, stress: 0.001283509914620325, 
2026-09-21 13:14:56.147 DEBUG: loss breakdown: energy_per_atom: 1.2030037796289614, forces: 22.407441047829256, stress: 0.0012673242360639711, 
2026-09-21 13:14:56.254 DEBUG: loss breakdown: energy_per_atom: 1.121660778663797, forces: 46.56579049294679, stress: 0.0012614304681263084, 
2026-09-21 13:14:56.360 DEBUG: loss breakdown: energy_per_atom: 0.6389737510660733, forces: 25.198835817555953, stress: 0.0038678374155726686, 
2026-09-21 13:14:56.473 DEBUG: loss breakdown: energy_per_atom: 11.264357634561296, forces: 20.118284119466374, stress: 0.004699026974388852, 
2026-09-21 13:14:56.587 DEBUG: loss breakdown: energy_per_atom: 2.141550807040465, forces: 66.94446012781732, stress: 0.0009976496870556827, 
2026-09-21 13:14:56.696 DEBUG: loss breakdown: energy_per_atom: 8.083901571332182, forces: 42.377325429480294, stress: 0.0006544746110855457, 
2026-09-21 13:14:56.823 DEBUG: loss breakdown: energy_per_atom: 0.48106490434975846, forces: 31.111031560715258, stress: 0.0012043245623801684, 
2026-09-21 13:14:56.935 DEBUG: loss breakdown: energy_per_atom: 0.4281133533350727, forces: 30.43839717166251, stress: 0.0006908363521888038, 
2026-09-21 13:14:57.041 DEBUG: loss breakdown: energy_per_atom: 3.356250476328191, forces: 35.70992306994136, stress: 0.0009974227543458238, 
2026-09-21 13:14:57.678 DEBUG: Creating converter from 3 to 5
2026-09-21 13:14:57.679 DEBUG: Creating converter from 3 to 5
2026-09-21 13:14:57.679 DEBUG: Creating converter from 3 to 5
2026-09-21 13:14:57.679 DEBUG: Creating converter from 3 to 5
2026-09-21 13:14:57.680 DEBUG: Creating converter from 3 to 5
2026-09-21 13:14:57.681 DEBUG: Creating converter from 3 to 5
2026-09-21 13:14:57.683 DEBUG: Creating converter from 3 to 5
2026-09-21 13:14:57.685 DEBUG: Creating converter from 3 to 5
2026-09-21 13:14:57.808 DEBUG: Creating converter from 3 to 5
2026-09-21 13:14:57.808 DEBUG: Creating converter from 3 to 5
2026-09-21 13:14:57.809 DEBUG: Creating converter from 3 to 5
2026-09-21 13:14:57.809 DEBUG: Creating converter from 3 to 5
2026-09-21 13:14:57.810 DEBUG: Creating converter from 3 to 5
2026-09-21 13:14:57.810 DEBUG: Creating converter from 3 to 5
2026-09-21 13:14:57.811 DEBUG: Creating converter from 3 to 5
2026-09-21 13:14:57.812 DEBUG: Creating converter from 3 to 5
2026-09-21 13:14:57.815 DEBUG: Creating converter from 3 to 5
2026-09-21 13:14:57.815 DEBUG: Creating converter from 3 to 5
2026-09-21 13:14:57.815 DEBUG: Creating converter from 3 to 5
2026-09-21 13:14:57.816 DEBUG: Creating converter from 3 to 5
2026-09-21 13:14:57.816 DEBUG: Creating converter from 3 to 5
2026-09-21 13:14:57.816 DEBUG: Creating converter from 3 to 5
2026-09-21 13:14:57.816 DEBUG: Creating converter from 3 to 5
2026-09-21 13:14:57.817 DEBUG: Creating converter from 3 to 5
2026-09-21 13:14:57.817 DEBUG: Creating converter from 3 to 5
2026-09-21 13:14:57.817 DEBUG: Creating converter from 3 to 5
2026-09-21 13:14:57.818 DEBUG: Creating converter from 3 to 5
2026-09-21 13:14:57.819 DEBUG: Creating converter from 3 to 5
2026-09-21 13:14:57.819 DEBUG: Creating converter from 3 to 5
2026-09-21 13:14:57.820 DEBUG: Creating converter from 3 to 5
2026-09-21 13:14:57.820 DEBUG: Creating converter from 3 to 5
2026-09-21 13:14:57.821 DEBUG: Creating converter from 3 to 5
2026-09-21 13:14:57.821 DEBUG: Creating converter from 3 to 5
2026-09-21 13:14:57.821 DEBUG: Creating converter from 3 to 5
2026-09-21 13:14:57.823 DEBUG: Creating converter from 3 to 5
2026-09-21 13:14:57.823 DEBUG: Creating converter from 3 to 5
2026-09-21 13:14:57.824 DEBUG: Creating converter from 3 to 5
2026-09-21 13:14:57.824 DEBUG: Creating converter from 3 to 5
2026-09-21 13:14:57.824 DEBUG: Creating converter from 3 to 5
2026-09-21 13:14:57.824 DEBUG: Creating converter from 3 to 5
2026-09-21 13:14:57.825 DEBUG: Creating converter from 3 to 5
2026-09-21 13:14:57.826 DEBUG: Creating converter from 3 to 5
2026-09-21 13:14:57.826 DEBUG: Creating converter from 3 to 5
2026-09-21 13:14:57.827 DEBUG: Creating converter from 3 to 5
2026-09-21 13:14:57.827 DEBUG: Creating converter from 3 to 5
2026-09-21 13:14:57.827 DEBUG: Creating converter from 3 to 5
2026-09-21 13:14:57.828 DEBUG: Creating converter from 3 to 5
2026-09-21 13:14:57.829 DEBUG: Creating converter from 3 to 5
2026-09-21 13:14:57.829 DEBUG: Creating converter from 3 to 5
2026-09-21 13:14:57.829 DEBUG: Creating converter from 3 to 5
2026-09-21 13:14:57.829 DEBUG: Creating converter from 3 to 5
2026-09-21 13:14:57.830 DEBUG: Creating converter from 3 to 5
2026-09-21 13:14:57.831 DEBUG: Creating converter from 3 to 5
2026-09-21 13:14:57.831 DEBUG: Creating converter from 3 to 5
2026-09-21 13:14:57.832 DEBUG: Creating converter from 3 to 5
2026-09-21 13:14:57.833 DEBUG: Creating converter from 3 to 5
2026-09-21 13:14:57.833 DEBUG: Creating converter from 3 to 5
2026-09-21 13:14:57.834 DEBUG: Creating converter from 3 to 5
2026-09-21 13:14:57.834 DEBUG: Creating converter from 3 to 5
2026-09-21 13:14:57.834 DEBUG: Creating converter from 3 to 5
2026-09-21 13:14:57.835 DEBUG: Creating converter from 3 to 5
2026-09-21 13:14:57.836 DEBUG: Creating converter from 3 to 5
2026-09-21 13:14:57.838 DEBUG: Creating converter from 3 to 5
2026-09-21 13:14:57.840 DEBUG: Creating converter from 3 to 5
2026-09-21 13:15:07.905 DEBUG: loss breakdown: energy_per_atom: 1.648926846285879, forces: 45.01374658892672, stress: 0.002800790657726567, 
2026-09-21 13:15:11.119 DEBUG: loss breakdown: energy_per_atom: 0.5323262400536884, forces: 29.448739052750938, stress: 0.0005629683917950244, 
2026-09-21 13:15:12.722 DEBUG: loss breakdown: energy_per_atom: 2.6826694084154035, forces: 25.59881530094945, stress: 0.0009985687355126914, 
2026-09-21 13:15:12.774 DEBUG: loss breakdown: energy_per_atom: 1.2147894016634333, forces: 52.17429276983802, stress: 0.0008302043811037005, 
2026-09-21 13:15:12.853 DEBUG: loss breakdown: energy_per_atom: 2.1625044033643883, forces: 336.7400910823492, stress: 0.001177577518890275, 
2026-09-21 13:15:12.917 DEBUG: loss breakdown: energy_per_atom: 2.681631383385665, forces: 18.509408504417348, stress: 0.0006342204070277634, 
2026-09-21 13:15:12.983 DEBUG: loss breakdown: energy_per_atom: 0.5903828711390233, forces: 56.334152865088235, stress: 0.004167222860221249, 
2026-09-21 13:15:13.057 DEBUG: loss breakdown: energy_per_atom: 1.9458870004338074, forces: 67.5348501625929, stress: 0.0007395581906043428, 
2026-09-21 13:15:13.132 DEBUG: loss breakdown: energy_per_atom: 0.9837444690937952, forces: 13.766181594878496, stress: 0.0008275396150520709, 
2026-09-21 13:15:13.194 DEBUG: loss breakdown: energy_per_atom: 0.4056596056903308, forces: 209.87682108039473, stress: 0.003951603037546335, 
2026-09-21 13:15:13.273 DEBUG: loss breakdown: energy_per_atom: 0.6683409658184276, forces: 67.33312280391718, stress: 0.006225115962595612, 
2026-09-21 13:15:13.334 DEBUG: loss breakdown: energy_per_atom: 0.7190860848460747, forces: 32.15001437773741, stress: 0.000820889833275534, 
2026-09-21 13:15:13.401 DEBUG: loss breakdown: energy_per_atom: 0.45233305091357134, forces: 63.91116183844755, stress: 0.0045806298694849555, 
2026-09-21 13:15:13.479 DEBUG: loss breakdown: energy_per_atom: 2.45601672763661, forces: 75.31893337926554, stress: 0.006422335897625081, 
2026-09-21 13:15:13.530 DEBUG: loss breakdown: energy_per_atom: 2.2499546036609535, forces: 40.77570924350184, stress: 0.004586346894948146, 
2026-09-21 13:15:13.594 DEBUG: loss breakdown: energy_per_atom: 2.8584717924477223, forces: 29.542110487549227, stress: 0.0011156304505032292, 
2026-09-21 13:15:13.656 DEBUG: loss breakdown: energy_per_atom: 1.380632750075097, forces: 51.48386372501439, stress: 0.0006790836192919419, 
2026-09-21 13:15:13.732 DEBUG: loss breakdown: energy_per_atom: 3.030177182360262, forces: 23.415100373652827, stress: 0.0008594347076882739, 
2026-09-21 13:15:13.803 DEBUG: loss breakdown: energy_per_atom: 0.466620025583768, forces: 24.92898247703346, stress: 0.0005178508758143991, 
2026-09-21 13:15:14.116 DEBUG: loss breakdown: energy_per_atom: 0.5363621930248207, forces: 88.02401112596382, stress: 0.008417606081751468, 
2026-09-21 13:15:14.197 DEBUG: loss breakdown: energy_per_atom: 0.5640419166835913, forces: 18.333259498397744, stress: 0.0011011025631638268, 
2026-09-21 13:15:14.262 DEBUG: loss breakdown: energy_per_atom: 1.917701701559562, forces: 27.286409813783813, stress: 0.0005392069729315338, 
2026-09-21 13:15:14.526 INFO: Epoch 0: loss=54.3633, RMSE_E_per_atom=1268.8 meV, RMSE_F=728.4 meV / A, RMSE_stress_per_atom=7.6 meV / A^3
2026-09-21 13:15:14.529 DEBUG: Saving checkpoint: /global/u1/t/twarford/dev/mace-scf/fit_matpes_vanilla/checkpoints/matpes_vanilla_run-1_stage1_epoch-0.pt
2026-09-21 13:15:15.520 DEBUG: Creating converter from 3 to 5
2026-09-21 13:15:15.520 DEBUG: Creating converter from 3 to 5
2026-09-21 13:15:15.521 DEBUG: Creating converter from 3 to 5
2026-09-21 13:15:15.522 DEBUG: Creating converter from 3 to 5
2026-09-21 13:15:15.522 DEBUG: Creating converter from 3 to 5
2026-09-21 13:15:15.522 DEBUG: Creating converter from 3 to 5
2026-09-21 13:15:15.523 DEBUG: Creating converter from 3 to 5
2026-09-21 13:15:15.527 DEBUG: Creating converter from 3 to 5
2026-09-21 13:15:15.587 DEBUG: Creating converter from 3 to 5
2026-09-21 13:15:15.588 DEBUG: Creating converter from 3 to 5
2026-09-21 13:15:15.588 DEBUG: Creating converter from 3 to 5
2026-09-21 13:15:15.590 DEBUG: Creating converter from 3 to 5
2026-09-21 13:15:15.590 DEBUG: Creating converter from 3 to 5
2026-09-21 13:15:15.590 DEBUG: Creating converter from 3 to 5
2026-09-21 13:15:15.591 DEBUG: Creating converter from 3 to 5
2026-09-21 13:15:15.591 DEBUG: Creating converter from 3 to 5
2026-09-21 13:15:15.591 DEBUG: Creating converter from 3 to 5
2026-09-21 13:15:15.591 DEBUG: Creating converter from 3 to 5
2026-09-21 13:15:15.592 DEBUG: Creating converter from 3 to 5
2026-09-21 13:15:15.592 DEBUG: Creating converter from 3 to 5
2026-09-21 13:15:15.593 DEBUG: Creating converter from 3 to 5
2026-09-21 13:15:15.594 DEBUG: Creating converter from 3 to 5
2026-09-21 13:15:15.594 DEBUG: Creating converter from 3 to 5
2026-09-21 13:15:15.596 DEBUG: Creating converter from 3 to 5
2026-09-21 13:15:15.596 DEBUG: Creating converter from 3 to 5
2026-09-21 13:15:15.596 DEBUG: Creating converter from 3 to 5
2026-09-21 13:15:15.597 DEBUG: Creating converter from 3 to 5
2026-09-21 13:15:15.597 DEBUG: Creating converter from 3 to 5
2026-09-21 13:15:15.597 DEBUG: Creating converter from 3 to 5
2026-09-21 13:15:15.597 DEBUG: Creating converter from 3 to 5
2026-09-21 13:15:15.598 DEBUG: Creating converter from 3 to 5
2026-09-21 13:15:15.598 DEBUG: Creating converter from 3 to 5
2026-09-21 13:15:15.598 DEBUG: Creating converter from 3 to 5
2026-09-21 13:15:15.599 DEBUG: Creating converter from 3 to 5
2026-09-21 13:15:15.599 DEBUG: Creating converter from 3 to 5
2026-09-21 13:15:15.599 DEBUG: Creating converter from 3 to 5
2026-09-21 13:15:15.599 DEBUG: Creating converter from 3 to 5
2026-09-21 13:15:15.600 DEBUG: Creating converter from 3 to 5
2026-09-21 13:15:15.600 DEBUG: Creating converter from 3 to 5
2026-09-21 13:15:15.601 DEBUG: Creating converter from 3 to 5
2026-09-21 13:15:15.601 DEBUG: Creating converter from 3 to 5
2026-09-21 13:15:15.602 DEBUG: Creating converter from 3 to 5
2026-09-21 13:15:15.602 DEBUG: Creating converter from 3 to 5
2026-09-21 13:15:15.602 DEBUG: Creating converter from 3 to 5
2026-09-21 13:15:15.603 DEBUG: Creating converter from 3 to 5
2026-09-21 13:15:15.604 DEBUG: Creating converter from 3 to 5
2026-09-21 13:15:15.605 DEBUG: Creating converter from 3 to 5
2026-09-21 13:15:15.606 DEBUG: Creating converter from 3 to 5
2026-09-21 13:15:15.606 DEBUG: Creating converter from 3 to 5
2026-09-21 13:15:15.607 DEBUG: Creating converter from 3 to 5
2026-09-21 13:15:15.608 DEBUG: Creating converter from 3 to 5
2026-09-21 13:15:15.608 DEBUG: Creating converter from 3 to 5
2026-09-21 13:15:15.608 DEBUG: Creating converter from 3 to 5
2026-09-21 13:15:15.608 DEBUG: Creating converter from 3 to 5
2026-09-21 13:15:15.609 DEBUG: Creating converter from 3 to 5
2026-09-21 13:15:15.609 DEBUG: Creating converter from 3 to 5
2026-09-21 13:15:15.613 DEBUG: Creating converter from 3 to 5
2026-09-21 13:15:15.613 DEBUG: Creating converter from 3 to 5
2026-09-21 13:15:15.614 DEBUG: Creating converter from 3 to 5
2026-09-21 13:15:15.615 DEBUG: Creating converter from 3 to 5
2026-09-21 13:15:15.616 DEBUG: Creating converter from 3 to 5
2026-09-21 13:15:15.616 DEBUG: Creating converter from 3 to 5
2026-09-21 13:15:15.617 DEBUG: Creating converter from 3 to 5
2026-09-21 13:15:15.618 DEBUG: Creating converter from 3 to 5
2026-09-21 13:15:16.701 DEBUG: loss breakdown: energy_per_atom: 0.27033642456124923, forces: 48.52228538507144, stress: 0.0009783031265974435, 
2026-09-21 13:15:16.871 DEBUG: loss breakdown: energy_per_atom: 0.26581752702885264, forces: 22.005408782257444, stress: 0.0006974775240198352, 
2026-09-21 13:15:17.042 DEBUG: loss breakdown: energy_per_atom: 0.8157598921160922, forces: 22.18632197734397, stress: 0.0015310737276876072, 
2026-09-21 13:15:17.194 DEBUG: loss breakdown: energy_per_atom: 5.419344629176181, forces: 41.189161092493705, stress: 0.0011414365590993523, 
2026-09-21 13:15:17.333 DEBUG: loss breakdown: energy_per_atom: 1.670017972383807, forces: 34.827616027901875, stress: 0.06985683461377601, 
2026-09-21 13:15:17.467 DEBUG: loss breakdown: energy_per_atom: 0.6765958413004776, forces: 24.59980367692204, stress: 0.0011119377876559655, 
2026-09-21 13:15:17.600 DEBUG: loss breakdown: energy_per_atom: 0.358968949412652, forces: 13.292526199835415, stress: 0.0004855375001138375, 
2026-09-21 13:15:17.750 DEBUG: loss breakdown: energy_per_atom: 0.4578706624888339, forces: 32.26086810902237, stress: 0.0005104911742971982, 
2026-09-21 13:15:17.912 DEBUG: loss breakdown: energy_per_atom: 3.758832820955014, forces: 20.650298694401165, stress: 0.0013164797268548827, 
2026-09-21 13:15:18.080 DEBUG: loss breakdown: energy_per_atom: 1.0498894816974036, forces: 30.792206474939256, stress: 0.0008073961437451124, 
2026-09-21 13:15:18.226 DEBUG: loss breakdown: energy_per_atom: 0.7649744866738014, forces: 7.533165896615408, stress: 0.0006120324223143994, 
2026-09-21 13:15:18.385 DEBUG: loss breakdown: energy_per_atom: 0.6512486483920638, forces: 13.205077470398763, stress: 0.0007850500519219562, 
2026-09-21 13:15:18.518 DEBUG: loss breakdown: energy_per_atom: 16.761054753915197, forces: 125.15017989278556, stress: 0.0006495759350966311, 
2026-09-21 13:15:18.648 DEBUG: loss breakdown: energy_per_atom: 0.8660155386185958, forces: 20.27708681294656, stress: 0.0010649348209357556, 
2026-09-21 13:15:18.780 DEBUG: loss breakdown: energy_per_atom: 4.932661195547845, forces: 30.50458151390733, stress: 0.0011121524948221211, 
2026-09-21 13:15:18.907 DEBUG: loss breakdown: energy_per_atom: 1.4569975215562359, forces: 48.55094766160334, stress: 0.00045392096608906526, 
2026-09-21 13:15:19.039 DEBUG: loss breakdown: energy_per_atom: 1.225221906921084, forces: 27.09286090118469, stress: 0.0005345152526489719, 
2026-09-21 13:15:19.170 DEBUG: loss breakdown: energy_per_atom: 0.974376754255111, forces: 49.71823319916398, stress: 0.000996069485789342, 
2026-09-21 13:15:19.305 DEBUG: loss breakdown: energy_per_atom: 1.1065439487818944, forces: 36.587436373748275, stress: 0.035367033154954514, 
2026-09-21 13:15:19.443 DEBUG: loss breakdown: energy_per_atom: 0.40196145506217207, forces: 24.562479498414955, stress: 0.0014327242480034938, 
2026-09-21 13:15:19.591 DEBUG: loss breakdown: energy_per_atom: 1.6898765734440881, forces: 18.071114138325694, stress: 0.0007517815823206462, 
2026-09-21 13:15:19.723 DEBUG: loss breakdown: energy_per_atom: 1.9689564068318217, forces: 16.139219017458654, stress: 0.0007007960686572357, 
2026-09-21 13:15:19.901 DEBUG: loss breakdown: energy_per_atom: 6.5423590556991025, forces: 25.796659400746442, stress: 0.022166249027286474, 
2026-09-21 13:15:20.064 DEBUG: loss breakdown: energy_per_atom: 83.15932522491907, forces: 27.39038904832571, stress: 0.0015631448702466495, 
2026-09-21 13:15:20.203 DEBUG: loss breakdown: energy_per_atom: 0.8565095286580949, forces: 99.1754103887326, stress: 0.0009603361790770926, 
2026-09-21 13:15:20.332 DEBUG: loss breakdown: energy_per_atom: 0.6147072646033939, forces: 28.808894238012105, stress: 0.001729164555312016, 
2026-09-21 13:15:20.478 DEBUG: loss breakdown: energy_per_atom: 0.5523716020006844, forces: 27.658929981900815, stress: 0.007109567591776008, 
2026-09-21 13:15:20.608 DEBUG: loss breakdown: energy_per_atom: 0.5881989923925401, forces: 18.835264402584993, stress: 0.0014656424977265202, 
2026-09-21 13:15:20.763 DEBUG: loss breakdown: energy_per_atom: 0.8602050686572905, forces: 20.56960545704472, stress: 0.0009442338798191016, 
2026-09-21 13:15:20.908 DEBUG: loss breakdown: energy_per_atom: 0.3539191973507442, forces: 29.628923289930942, stress: 0.0007343024876278943, 
2026-09-21 13:15:21.040 DEBUG: loss breakdown: energy_per_atom: 0.9687732695764695, forces: 29.055252631248507, stress: 0.0006365005426770828, 
2026-09-21 13:15:21.178 DEBUG: loss breakdown: energy_per_atom: 7.776631962695565, forces: 28.03302835221073, stress: 0.0014922271005457259, 
2026-09-21 13:15:21.318 DEBUG: loss breakdown: energy_per_atom: 0.6798671759401996, forces: 28.62902047122114, stress: 0.0011762397270795291, 
2026-09-21 13:15:21.459 DEBUG: loss breakdown: energy_per_atom: 0.4175056367542107, forces: 29.154009336701293, stress: 0.00227221946401399, 
2026-09-21 13:15:21.597 DEBUG: loss breakdown: energy_per_atom: 15.21030033451873, forces: 15.248592599516028, stress: 0.0009584951294127332, 
2026-09-21 13:15:21.731 DEBUG: loss breakdown: energy_per_atom: 0.44868699949117796, forces: 38.236521728856005, stress: 0.0007591689565643396, 
2026-09-21 13:15:21.865 DEBUG: loss breakdown: energy_per_atom: 3.940402801988309, forces: 440.71412028431524, stress: 0.0012983531539302417, 
2026-09-21 13:15:22.017 DEBUG: loss breakdown: energy_per_atom: 35.775862734424706, forces: 24.98683238241398, stress: 0.0008680766322513982, 
2026-09-21 13:15:22.158 DEBUG: loss breakdown: energy_per_atom: 0.2818500076232965, forces: 16.079197018249104, stress: 0.0039229501983718985, 
2026-09-21 13:15:22.308 DEBUG: loss breakdown: energy_per_atom: 1.1428548376802574, forces: 26.074515598145354, stress: 0.0006136217275390986, 
2026-09-21 13:15:22.451 DEBUG: loss breakdown: energy_per_atom: 23.028555017865543, forces: 23.05145105843805, stress: 0.00042639748710073645, 
2026-09-21 13:15:22.594 DEBUG: loss breakdown: energy_per_atom: 4.825517485062213, forces: 23.00597193956308, stress: 0.0006561220971021326, 
2026-09-21 13:15:22.741 DEBUG: loss breakdown: energy_per_atom: 1.2100773549455721, forces: 38.099467122787445, stress: 0.0013044499960718123, 
2026-09-21 13:15:22.888 DEBUG: loss breakdown: energy_per_atom: 0.9841111854028968, forces: 38.66031953900555, stress: 0.0008859229626582047, 
2026-09-21 13:15:23.031 DEBUG: loss breakdown: energy_per_atom: 0.5487326416891842, forces: 23.72040352646415, stress: 0.0013976827391547046, 
2026-09-21 13:15:23.157 DEBUG: loss breakdown: energy_per_atom: 16.006333039336454, forces: 35.68891493992654, stress: 0.0013771476238776436, 
2026-09-21 13:15:23.301 DEBUG: loss breakdown: energy_per_atom: 0.3902519872401715, forces: 17.563144539891518, stress: 0.0019405696187368715, 
2026-09-21 13:15:23.436 DEBUG: loss breakdown: energy_per_atom: 0.4340801504783473, forces: 44.29194492854401, stress: 0.0008525446419685612, 
2026-09-21 13:15:23.568 DEBUG: loss breakdown: energy_per_atom: 17.896658233253927, forces: 36.45974112972835, stress: 0.0015808368330766298, 
2026-09-21 13:15:23.727 DEBUG: loss breakdown: energy_per_atom: 0.650216361259385, forces: 32.980234284637234, stress: 0.008353282569356473, 
2026-09-21 13:15:23.877 DEBUG: loss breakdown: energy_per_atom: 2.2707261593360126, forces: 31.87303303043863, stress: 0.0008777530672466782, 
2026-09-21 13:15:24.033 DEBUG: loss breakdown: energy_per_atom: 0.4585802573730772, forces: 18.118949412468137, stress: 0.0016962684108039396, 
2026-09-21 13:15:24.184 DEBUG: loss breakdown: energy_per_atom: 0.8430836597611451, forces: 25.6427235121212, stress: 0.0013049614073533322, 
2026-09-21 13:15:24.312 DEBUG: loss breakdown: energy_per_atom: 0.2772411537114411, forces: 33.88374659545676, stress: 0.000633341432610677, 
2026-09-21 13:15:24.442 DEBUG: loss breakdown: energy_per_atom: 1.5933251050540274, forces: 22.706934577230413, stress: 0.0007202643814964582, 
2026-09-21 13:15:24.574 DEBUG: loss breakdown: energy_per_atom: 1.545973424905119, forces: 37.15185224923172, stress: 0.00045888011305572765, 
2026-09-21 13:15:24.722 DEBUG: loss breakdown: energy_per_atom: 1.6101848944679467, forces: 22.340679978250826, stress: 0.000882842416900787, 
2026-09-21 13:15:24.879 DEBUG: loss breakdown: energy_per_atom: 0.8422878441901293, forces: 19.261881446841116, stress: 0.0010797187951183257, 
2026-09-21 13:15:25.028 DEBUG: loss breakdown: energy_per_atom: 42.41842506944745, forces: 44.62483225601229, stress: 0.00082056998388635, 
2026-09-21 13:15:25.179 DEBUG: loss breakdown: energy_per_atom: 2.6944049392091274, forces: 28.847480938524722, stress: 0.0012756891233559513, 
2026-09-21 13:15:25.316 DEBUG: loss breakdown: energy_per_atom: 0.7016925331862407, forces: 32.454333190999705, stress: 0.0009751176425773564, 
2026-09-21 13:15:25.474 DEBUG: loss breakdown: energy_per_atom: 1.0598979707487661, forces: 15.868973566677308, stress: 0.0006342560136079867, 
2026-09-21 13:15:25.610 DEBUG: loss breakdown: energy_per_atom: 0.4070611401446934, forces: 53.1192184078425, stress: 0.001144759815668499, 
2026-09-21 13:15:25.751 DEBUG: loss breakdown: energy_per_atom: 1.9705150027575433, forces: 38.56348870650373, stress: 0.000991204742438731, 
2026-09-21 13:15:25.889 DEBUG: loss breakdown: energy_per_atom: 0.6800291389432167, forces: 29.8787075322978, stress: 0.00206053845530846, 
2026-09-21 13:15:26.032 DEBUG: loss breakdown: energy_per_atom: 0.34234092119056175, forces: 24.827421720820503, stress: 0.0008417389858880742, 
2026-09-21 13:15:26.176 DEBUG: loss breakdown: energy_per_atom: 2.282098892680837, forces: 423.63627310967934, stress: 0.0015238741448042204, 
2026-09-21 13:15:26.309 DEBUG: loss breakdown: energy_per_atom: 77.59830818359899, forces: 15.379227949740331, stress: 0.004997663652330075, 
2026-09-21 13:15:26.466 DEBUG: loss breakdown: energy_per_atom: 0.39693264523230537, forces: 33.43600430208246, stress: 0.0011026060545962124, 
2026-09-21 13:15:26.605 DEBUG: loss breakdown: energy_per_atom: 1.347117290913404, forces: 326.8309628476969, stress: 0.0011992868997178904, 
2026-09-21 13:15:26.754 DEBUG: loss breakdown: energy_per_atom: 1.0695883597326383, forces: 18.605380022450827, stress: 0.0011545807759447942, 
2026-09-21 13:15:26.899 DEBUG: loss breakdown: energy_per_atom: 0.5711915762776999, forces: 102.33989019650171, stress: 0.0011619304072640637, 
2026-09-21 13:15:27.032 DEBUG: loss breakdown: energy_per_atom: 0.4875388614132737, forces: 14.41738406446316, stress: 0.0021429018148844256, 
2026-09-21 13:15:27.168 DEBUG: loss breakdown: energy_per_atom: 0.27386202655532854, forces: 39.71513453891585, stress: 0.0009748525801200766, 
2026-09-21 13:15:27.297 DEBUG: loss breakdown: energy_per_atom: 0.8788031536345935, forces: 44.358819499221916, stress: 0.001527814057052864, 
2026-09-21 13:15:27.436 DEBUG: loss breakdown: energy_per_atom: 3.410275150077074, forces: 378.8247940533518, stress: 0.002082271959603447, 
2026-09-21 13:15:27.588 DEBUG: loss breakdown: energy_per_atom: 1.067052591917102, forces: 14.703498651428598, stress: 0.000969551918735776, 
2026-09-21 13:15:27.732 DEBUG: loss breakdown: energy_per_atom: 0.5590295899320318, forces: 24.037759393552573, stress: 0.0008244701518517259, 
2026-09-21 13:15:27.919 DEBUG: loss breakdown: energy_per_atom: 0.4328639708698489, forces: 40.77789431018124, stress: 0.0006792752159003364, 
2026-09-21 13:15:28.052 DEBUG: loss breakdown: energy_per_atom: 0.8497111700747301, forces: 78.15795676881582, stress: 0.003038329586653408, 
2026-09-21 13:15:28.198 DEBUG: loss breakdown: energy_per_atom: 5.838486942515325, forces: 26.26019881915345, stress: 0.0007905474917323335, 
2026-09-21 13:15:28.347 DEBUG: loss breakdown: energy_per_atom: 1.3757008034381415, forces: 21.0972417350255, stress: 0.0005533560367857011, 
2026-09-21 13:15:28.477 DEBUG: loss breakdown: energy_per_atom: 0.8437962634502618, forces: 17.10150234041372, stress: 0.0005743812192883075, 
2026-09-21 13:15:28.624 DEBUG: loss breakdown: energy_per_atom: 2.0821829066131063, forces: 41.70318058906731, stress: 0.001026880726646707, 
2026-09-21 13:15:28.765 DEBUG: loss breakdown: energy_per_atom: 1.4121716655583827, forces: 27.46636834002575, stress: 0.0010540691412834738, 
2026-09-21 13:15:28.901 DEBUG: loss breakdown: energy_per_atom: 4.178996261861102, forces: 21.34935513533683, stress: 0.0008845092204988385, 
2026-09-21 13:15:29.037 DEBUG: loss breakdown: energy_per_atom: 50.926160158464775, forces: 41.54453758206071, stress: 0.0005225523961128424, 
2026-09-21 13:15:29.182 DEBUG: loss breakdown: energy_per_atom: 2.765056485195992, forces: 42.56228638124538, stress: 0.000788811649590363, 
2026-09-21 13:15:29.334 DEBUG: loss breakdown: energy_per_atom: 0.26206887014266755, forces: 123.18758746762278, stress: 0.001314851091352789, 
2026-09-21 13:15:29.475 DEBUG: loss breakdown: energy_per_atom: 4.944126748589009, forces: 13.666173226414108, stress: 0.022523542341217156, 
2026-09-21 13:15:29.627 DEBUG: loss breakdown: energy_per_atom: 0.9068395219448144, forces: 46.406801583887905, stress: 0.0015822425578648222, 
2026-09-21 13:15:29.780 DEBUG: loss breakdown: energy_per_atom: 0.7067648822467643, forces: 18.319309559444967, stress: 0.0013401840884077131, 
2026-09-21 13:15:29.935 DEBUG: loss breakdown: energy_per_atom: 0.8980746251294609, forces: 76.48601332230024, stress: 0.0006845570331443937, 
2026-09-21 13:15:30.067 DEBUG: loss breakdown: energy_per_atom: 2.484720887171261, forces: 18.81208725869473, stress: 0.046869070793595285, 
2026-09-21 13:15:30.200 DEBUG: loss breakdown: energy_per_atom: 2.513782889236974, forces: 30.006370667153032, stress: 0.0009730226573577567, 
2026-09-21 13:15:30.339 DEBUG: loss breakdown: energy_per_atom: 0.36737671485322826, forces: 51.702423212613, stress: 0.0007327783978038173, 
2026-09-21 13:15:30.488 DEBUG: loss breakdown: energy_per_atom: 3.8856801882064698, forces: 35.93443547214657, stress: 0.0007228858260844436, 
2026-09-21 13:15:30.631 DEBUG: loss breakdown: energy_per_atom: 1.9125285757606085, forces: 77.83529179868907, stress: 0.0016406845524658269, 
2026-09-21 13:15:30.783 DEBUG: loss breakdown: energy_per_atom: 0.9488681462010222, forces: 12.408929841156775, stress: 0.0006390314714882782, 
2026-09-21 13:15:30.913 DEBUG: loss breakdown: energy_per_atom: 0.8357920001857877, forces: 42.81701857046712, stress: 0.00042757224746618316, 
2026-09-21 13:15:31.052 DEBUG: loss breakdown: energy_per_atom: 0.5329510275049244, forces: 25.417341527250553, stress: 0.0005995253076960315, 
2026-09-21 13:15:31.212 DEBUG: loss breakdown: energy_per_atom: 0.5503067820713166, forces: 18.997613153233043, stress: 0.008996339914359707, 
2026-09-21 13:15:31.352 DEBUG: loss breakdown: energy_per_atom: 2.839379712901425, forces: 17.482927538468843, stress: 0.0006761297361126456, 
2026-09-21 13:15:31.484 DEBUG: loss breakdown: energy_per_atom: 53.98384162189539, forces: 8.565472359558791, stress: 0.0005012605492245236, 
2026-09-21 13:15:31.627 DEBUG: loss breakdown: energy_per_atom: 0.8368395375402338, forces: 43.33283109372827, stress: 0.0008163179868610291, 
2026-09-21 13:15:31.784 DEBUG: loss breakdown: energy_per_atom: 1.2258482264210615, forces: 22.5060153954885, stress: 0.0018138527861594439, 
2026-09-21 13:15:31.930 DEBUG: loss breakdown: energy_per_atom: 0.7783227028650773, forces: 862.6903734363653, stress: 0.0014237114752874984, 
2026-09-21 13:15:32.066 DEBUG: loss breakdown: energy_per_atom: 0.9473034170635295, forces: 563.3561909176781, stress: 0.0017599563913391972, 
2026-09-21 13:15:32.218 DEBUG: loss breakdown: energy_per_atom: 0.5364146626619699, forces: 32.30906440187745, stress: 0.0026803893194251205, 
2026-09-21 13:15:32.362 DEBUG: loss breakdown: energy_per_atom: 0.4658869033571672, forces: 19.673259942197184, stress: 0.0008625139579252896, 
2026-09-21 13:15:32.505 DEBUG: loss breakdown: energy_per_atom: 5.271516598362778, forces: 17.738364348130993, stress: 0.00476983233723039, 
2026-09-21 13:15:32.638 DEBUG: loss breakdown: energy_per_atom: 13.594255889463874, forces: 26.415812155328993, stress: 0.0016030261819119176, 
2026-09-21 13:15:32.776 DEBUG: loss breakdown: energy_per_atom: 1.3950923912998412, forces: 31.348782534690038, stress: 0.0009896013410252082, 
2026-09-21 13:15:32.912 DEBUG: loss breakdown: energy_per_atom: 2.8470829190158353, forces: 14.098906416701057, stress: 0.0016386601329109432, 
2026-09-21 13:15:33.052 DEBUG: loss breakdown: energy_per_atom: 1.2390498573910143, forces: 27.78867384708798, stress: 0.0010760315227702213, 
2026-09-21 13:15:33.194 DEBUG: loss breakdown: energy_per_atom: 6.539120183323335, forces: 15.097464951829478, stress: 0.0006750133862881722, 
2026-09-21 13:15:33.355 DEBUG: loss breakdown: energy_per_atom: 6.360212439777627, forces: 31.93677879577846, stress: 0.0009487839222868044, 
2026-09-21 13:15:33.492 DEBUG: loss breakdown: energy_per_atom: 0.9709669024377975, forces: 23.663548688944257, stress: 0.0007607689809763309, 
2026-09-21 13:15:33.639 DEBUG: loss breakdown: energy_per_atom: 4.00413056174575, forces: 25.267678659676097, stress: 0.0006277338126828044, 
2026-09-21 13:15:33.770 DEBUG: loss breakdown: energy_per_atom: 0.48951798212856656, forces: 13.005119510019403, stress: 0.0006324815539248454, 
2026-09-21 13:15:33.923 DEBUG: loss breakdown: energy_per_atom: 0.5890030206551349, forces: 31.455653291562363, stress: 0.0008734463820832377, 
2026-09-21 13:15:34.073 DEBUG: loss breakdown: energy_per_atom: 0.2691900368910166, forces: 16.498338271421066, stress: 0.0007647731148964779, 
2026-09-21 13:15:34.211 DEBUG: loss breakdown: energy_per_atom: 0.6941148983876786, forces: 10.700097719302255, stress: 0.0010728317411275408, 
2026-09-21 13:15:34.345 DEBUG: loss breakdown: energy_per_atom: 12.308666230244357, forces: 19.603878526140036, stress: 0.00059408137416578, 
2026-09-21 13:15:34.476 DEBUG: loss breakdown: energy_per_atom: 0.4539115801422846, forces: 13.676103668460692, stress: 0.0011284786076366645, 
2026-09-21 13:15:34.607 DEBUG: loss breakdown: energy_per_atom: 0.4440296760097454, forces: 23.441468452607946, stress: 0.025066348583911977, 
2026-09-21 13:15:34.741 DEBUG: loss breakdown: energy_per_atom: 0.3852212600092849, forces: 19.05445332340489, stress: 0.0008841191101088119, 
2026-09-21 13:15:34.888 DEBUG: loss breakdown: energy_per_atom: 0.38657076732900253, forces: 17.464095515281766, stress: 0.0008687156759653596, 
2026-09-21 13:15:35.048 DEBUG: loss breakdown: energy_per_atom: 1.1993949051438577, forces: 14.514963286500851, stress: 0.01878674204411958, 
2026-09-21 13:15:35.189 DEBUG: loss breakdown: energy_per_atom: 8.471638969786648, forces: 18.022329656772804, stress: 0.0029637639972670705, 
2026-09-21 13:15:35.343 DEBUG: loss breakdown: energy_per_atom: 0.6101612242237513, forces: 28.91241974942027, stress: 0.011416559056803974, 
2026-09-21 13:15:35.493 DEBUG: loss breakdown: energy_per_atom: 0.5082920849380123, forces: 33.41119444326804, stress: 0.000525571723688906, 
2026-09-21 13:15:35.632 DEBUG: loss breakdown: energy_per_atom: 1.6006971898885936, forces: 25.039484008003782, stress: 0.014849798400274597, 
2026-09-21 13:15:35.783 DEBUG: loss breakdown: energy_per_atom: 0.2318046993961232, forces: 18.417726436409897, stress: 0.0017426524148792888, 
2026-09-21 13:15:35.931 DEBUG: loss breakdown: energy_per_atom: 9.243111804116591, forces: 17.836969500085655, stress: 0.0009316897898125997, 
2026-09-21 13:15:36.070 DEBUG: loss breakdown: energy_per_atom: 0.8989142825558798, forces: 16.69432548847287, stress: 0.0007222707276410214, 
2026-09-21 13:15:36.214 DEBUG: loss breakdown: energy_per_atom: 0.8705327291352094, forces: 36.31768476629681, stress: 0.0013254159463970058, 
2026-09-21 13:15:36.364 DEBUG: loss breakdown: energy_per_atom: 0.35832094875905995, forces: 11.072315619229142, stress: 0.0007044413897371859, 
2026-09-21 13:15:36.515 DEBUG: loss breakdown: energy_per_atom: 0.3145939472262863, forces: 80.778563309853, stress: 0.0033426326868281598, 
2026-09-21 13:15:36.650 DEBUG: loss breakdown: energy_per_atom: 0.4798452126416834, forces: 72.81332216573725, stress: 0.0010751496865666482, 
2026-09-21 13:15:36.785 DEBUG: loss breakdown: energy_per_atom: 5.291305777544544, forces: 32.616845531663266, stress: 0.0010344917682383054, 
2026-09-21 13:15:36.930 DEBUG: loss breakdown: energy_per_atom: 0.9791011660267004, forces: 25.714276932512654, stress: 0.0006501291712525745, 
2026-09-21 13:15:37.072 DEBUG: loss breakdown: energy_per_atom: 3.9994008669486854, forces: 11.78145894272532, stress: 0.0007495166880478296, 
2026-09-21 13:15:37.231 DEBUG: loss breakdown: energy_per_atom: 0.6049265091498013, forces: 18.706303244917635, stress: 0.0006137739413787763, 
2026-09-21 13:15:37.367 DEBUG: loss breakdown: energy_per_atom: 102.51448226497257, forces: 26.619277621225653, stress: 0.0005554143408268931, 
2026-09-21 13:15:37.504 DEBUG: loss breakdown: energy_per_atom: 0.9525952202168875, forces: 47.090304356306376, stress: 0.005500268682089093, 
2026-09-21 13:15:37.649 DEBUG: loss breakdown: energy_per_atom: 0.29547593035877384, forces: 20.65453605306139, stress: 0.001025992124554691, 
2026-09-21 13:15:37.786 DEBUG: loss breakdown: energy_per_atom: 0.3118740385622908, forces: 12.514403864190445, stress: 0.0010347217225336238, 
2026-09-21 13:15:37.912 DEBUG: loss breakdown: energy_per_atom: 0.485812703682367, forces: 8.436655692270815, stress: 0.0010134536407236051, 
2026-09-21 13:15:38.039 DEBUG: loss breakdown: energy_per_atom: 1.1802052807887504, forces: 33.87051143852158, stress: 0.0007474264515637327, 
2026-09-21 13:15:38.174 DEBUG: loss breakdown: energy_per_atom: 0.5618511901340365, forces: 36.26899172779038, stress: 0.0010290821963782712, 
2026-09-21 13:15:38.326 DEBUG: loss breakdown: energy_per_atom: 0.7219690165441525, forces: 15.071319065927687, stress: 0.0005195181466898242, 
2026-09-21 13:15:38.460 DEBUG: loss breakdown: energy_per_atom: 0.7999223551779605, forces: 55.68754086582138, stress: 0.000667661933954947, 
2026-09-21 13:15:38.622 DEBUG: loss breakdown: energy_per_atom: 0.6750799409957345, forces: 10.455907789530722, stress: 0.0006402111571740472, 
2026-09-21 13:15:38.774 DEBUG: loss breakdown: energy_per_atom: 3.53967841227431, forces: 207.40051153332251, stress: 0.005184972532173284, 
2026-09-21 13:15:38.908 DEBUG: loss breakdown: energy_per_atom: 9.759687003299305, forces: 52.62236433809553, stress: 0.0005438228346966189, 
2026-09-21 13:15:39.047 DEBUG: loss breakdown: energy_per_atom: 0.450252378270696, forces: 64.41362203864665, stress: 0.011220205422859618, 
2026-09-21 13:15:39.202 DEBUG: loss breakdown: energy_per_atom: 0.5948723206559571, forces: 15.869857061347847, stress: 0.0005189013286845258, 
2026-09-21 13:15:39.346 DEBUG: loss breakdown: energy_per_atom: 32.024737597801725, forces: 12.292364194158294, stress: 0.000977995378797076, 
2026-09-21 13:15:39.500 DEBUG: loss breakdown: energy_per_atom: 0.34815589704633065, forces: 18.216358536299175, stress: 0.0004092002865039729, 
2026-09-21 13:15:39.635 DEBUG: loss breakdown: energy_per_atom: 0.5005170787382136, forces: 34.020446511933045, stress: 0.0191634574004063, 
2026-09-21 13:15:39.771 DEBUG: loss breakdown: energy_per_atom: 0.2813240879884066, forces: 48.6799226623728, stress: 0.000908759520973307, 
2026-09-21 13:15:39.901 DEBUG: loss breakdown: energy_per_atom: 1.2071065241671408, forces: 28.331245011547807, stress: 0.0014820277737937317, 
2026-09-21 13:15:40.039 DEBUG: loss breakdown: energy_per_atom: 1.3267347040829074, forces: 15.656255218982148, stress: 0.0014981563797241957, 
2026-09-21 13:15:40.170 DEBUG: loss breakdown: energy_per_atom: 0.3464340300794667, forces: 37.16279362066539, stress: 0.0012248341642218023, 
2026-09-21 13:15:40.309 DEBUG: loss breakdown: energy_per_atom: 1.302209957836003, forces: 26.773757909229502, stress: 0.0017221475170539208, 
2026-09-21 13:15:40.453 DEBUG: loss breakdown: energy_per_atom: 1.509937392636953, forces: 19.465178177490724, stress: 0.0012342447504900154, 
2026-09-21 13:15:40.609 DEBUG: loss breakdown: energy_per_atom: 0.6180346076518635, forces: 56.282678850557275, stress: 0.0005193216291307007, 
2026-09-21 13:15:40.750 DEBUG: loss breakdown: energy_per_atom: 0.9559201146357874, forces: 15.649423871013795, stress: 0.0011477054780423394, 
2026-09-21 13:15:40.882 DEBUG: loss breakdown: energy_per_atom: 0.5323989324958405, forces: 16.610313087905407, stress: 0.0017370352509672145, 
2026-09-21 13:15:41.011 DEBUG: loss breakdown: energy_per_atom: 3.92370739390172, forces: 14.65601947032264, stress: 0.001976656172786365, 
2026-09-21 13:15:41.141 DEBUG: loss breakdown: energy_per_atom: 7.487506707335542, forces: 26.34321792471901, stress: 0.012498882909103257, 
2026-09-21 13:15:41.284 DEBUG: loss breakdown: energy_per_atom: 0.49548459472215306, forces: 15.457464548773952, stress: 0.0019752593718078268, 
2026-09-21 13:15:41.410 DEBUG: loss breakdown: energy_per_atom: 0.44133521398744646, forces: 29.010906272497227, stress: 0.00828608555339511, 
2026-09-21 13:15:41.545 DEBUG: loss breakdown: energy_per_atom: 1.5612186047733878, forces: 29.54250940747421, stress: 0.0006531742940545041, 
2026-09-21 13:15:41.681 DEBUG: loss breakdown: energy_per_atom: 0.6901596874863842, forces: 20.412606619612912, stress: 0.0007248620399270516, 
2026-09-21 13:15:41.817 DEBUG: loss breakdown: energy_per_atom: 0.42090800692420105, forces: 19.743035221125265, stress: 0.0016873008518704532, 
2026-09-21 13:15:41.968 DEBUG: loss breakdown: energy_per_atom: 0.3174227854302295, forces: 37.12456899881727, stress: 0.0009586114932050902, 
2026-09-21 13:15:42.112 DEBUG: loss breakdown: energy_per_atom: 3.0714638288626688, forces: 21.640437655439488, stress: 0.0011887695631498986, 
2026-09-21 13:15:42.260 DEBUG: loss breakdown: energy_per_atom: 0.6874762091072699, forces: 17.30130554559917, stress: 0.0010141669362021537, 
2026-09-21 13:15:42.392 DEBUG: loss breakdown: energy_per_atom: 0.5073411956305736, forces: 11.731483254982901, stress: 0.0007431152689457165, 
2026-09-21 13:15:42.524 DEBUG: loss breakdown: energy_per_atom: 1.2677286289905836, forces: 15.471251278050453, stress: 0.0009935950960072706, 
2026-09-21 13:15:42.662 DEBUG: loss breakdown: energy_per_atom: 0.3850347889658174, forces: 17.220327342713627, stress: 0.0010935706849639734, 
2026-09-21 13:15:42.824 DEBUG: loss breakdown: energy_per_atom: 0.5409912511442097, forces: 25.589149180218516, stress: 0.0011199296730335967, 
2026-09-21 13:15:42.969 DEBUG: loss breakdown: energy_per_atom: 6.528076318134119, forces: 28.51866836570766, stress: 0.001617464983781521, 
2026-09-21 13:15:43.107 DEBUG: loss breakdown: energy_per_atom: 1.956884951502705, forces: 42.883837771837854, stress: 0.0012291896468864878, 
2026-09-21 13:15:43.256 DEBUG: loss breakdown: energy_per_atom: 0.31574381667713003, forces: 8.921552007507964, stress: 0.0009672343841330528, 
2026-09-21 13:15:43.402 DEBUG: loss breakdown: energy_per_atom: 0.723177736556418, forces: 27.539990301857546, stress: 0.010540897633113276, 
2026-09-21 13:15:43.546 DEBUG: loss breakdown: energy_per_atom: 2.2922609141788803, forces: 96.93743372656832, stress: 0.02345273684180896, 
2026-09-21 13:15:43.695 DEBUG: loss breakdown: energy_per_atom: 0.4737602055687604, forces: 25.232000632419428, stress: 0.0006601393589235682, 
2026-09-21 13:15:43.834 DEBUG: loss breakdown: energy_per_atom: 0.27831986225223193, forces: 21.286739305669435, stress: 0.001463564146586039, 
2026-09-21 13:15:43.977 DEBUG: loss breakdown: energy_per_atom: 0.6088455811084358, forces: 20.29896488192162, stress: 0.0006689366632636659, 
2026-09-21 13:15:44.105 DEBUG: loss breakdown: energy_per_atom: 0.593180462812058, forces: 31.81476822641971, stress: 0.0008691004069022749, 
2026-09-21 13:15:44.246 DEBUG: loss breakdown: energy_per_atom: 0.5541093726553377, forces: 14.776617513136383, stress: 0.0012770667779574338, 
2026-09-21 13:15:44.395 DEBUG: loss breakdown: energy_per_atom: 0.9839024708344226, forces: 33.30565673309145, stress: 0.0015909376510575843, 
2026-09-21 13:15:44.547 DEBUG: loss breakdown: energy_per_atom: 7.601037784410586, forces: 9.334072691571574, stress: 0.0009674414013912092, 
2026-09-21 13:15:44.689 DEBUG: loss breakdown: energy_per_atom: 4.9307315288305364, forces: 18.63101183171176, stress: 0.0006509183243167665, 
2026-09-21 13:15:44.835 DEBUG: loss breakdown: energy_per_atom: 28.184491299591183, forces: 15.29518504903851, stress: 0.02102461918001595, 
2026-09-21 13:15:44.972 DEBUG: loss breakdown: energy_per_atom: 1.1813074055778383, forces: 36.85509048660844, stress: 0.001715326475598007, 
2026-09-21 13:15:45.103 DEBUG: loss breakdown: energy_per_atom: 1.1483841432476083, forces: 74.75124436294426, stress: 0.01652314205703219, 
2026-09-21 13:15:45.523 DEBUG: loss breakdown: energy_per_atom: 1.8662409608242623, forces: 22.742827477305788, stress: 0.0007214128410979243, 
2026-09-21 13:15:45.646 DEBUG: loss breakdown: energy_per_atom: 0.7214508057287023, forces: 24.7007348873329, stress: 0.0012697200194596709, 
2026-09-21 13:15:45.764 DEBUG: loss breakdown: energy_per_atom: 4.6408145953139055, forces: 41.53866962986666, stress: 0.0017039290497893329, 
2026-09-21 13:15:45.888 DEBUG: loss breakdown: energy_per_atom: 0.7118681396219262, forces: 9.437595317148926, stress: 0.0019280492105086093, 
2026-09-21 13:15:46.019 DEBUG: loss breakdown: energy_per_atom: 0.20028285909279236, forces: 36.286211484503305, stress: 0.0008604952160927194, 
2026-09-21 13:15:46.163 DEBUG: loss breakdown: energy_per_atom: 1.2126054523909873, forces: 10.952022372595707, stress: 0.0010523382517395798, 
2026-09-21 13:15:46.305 DEBUG: loss breakdown: energy_per_atom: 1.126055873585794, forces: 22.939706541323133, stress: 0.0014806413051227966, 
2026-09-21 13:15:46.444 DEBUG: loss breakdown: energy_per_atom: 0.5955048063619238, forces: 27.90345568727508, stress: 0.0007963757935317687, 
2026-09-21 13:15:46.596 DEBUG: loss breakdown: energy_per_atom: 1.735444101613739, forces: 30.924932231990134, stress: 0.02288005965584428, 
2026-09-21 13:15:46.752 DEBUG: loss breakdown: energy_per_atom: 1.3657769057808848, forces: 14.399769803915236, stress: 0.0006683132146799973, 
2026-09-21 13:15:46.899 DEBUG: loss breakdown: energy_per_atom: 0.7914714838609977, forces: 13.037026470963307, stress: 0.0002859542938469095, 
2026-09-21 13:15:47.038 DEBUG: loss breakdown: energy_per_atom: 1.1425738797939857, forces: 54.15564886848049, stress: 0.041408212540737656, 
2026-09-21 13:15:47.182 DEBUG: loss breakdown: energy_per_atom: 1.814040117751746, forces: 29.036401986532933, stress: 0.00046254604864947826, 
2026-09-21 13:15:47.316 DEBUG: loss breakdown: energy_per_atom: 0.787458530224877, forces: 39.66873742097234, stress: 0.0006045789029231726, 
2026-09-21 13:15:47.441 DEBUG: loss breakdown: energy_per_atom: 0.537861254748046, forces: 48.35476702629303, stress: 0.0006510804885526768, 
2026-09-21 13:15:47.589 DEBUG: loss breakdown: energy_per_atom: 2.0677137958625122, forces: 272.7834814425872, stress: 0.0016263279736512773, 
2026-09-21 13:15:47.733 DEBUG: loss breakdown: energy_per_atom: 0.8362574130875402, forces: 24.241450653623723, stress: 0.0011368298190098155, 
2026-09-21 13:15:47.865 DEBUG: loss breakdown: energy_per_atom: 0.5727020689560909, forces: 80.16099070246506, stress: 0.0016043502021542944, 
2026-09-21 13:15:48.009 DEBUG: loss breakdown: energy_per_atom: 0.7209554453604867, forces: 11.799919478521618, stress: 0.0006524519012960606, 
2026-09-21 13:15:48.138 DEBUG: loss breakdown: energy_per_atom: 25.378263633222648, forces: 19.764453963690563, stress: 0.0009458896231452525, 
2026-09-21 13:15:48.277 DEBUG: loss breakdown: energy_per_atom: 10.200298956408353, forces: 39.950032253018875, stress: 0.0005759353369546631, 
2026-09-21 13:15:48.404 DEBUG: loss breakdown: energy_per_atom: 0.24715306331765072, forces: 18.956968293983167, stress: 0.00045151914424620493, 
2026-09-21 13:15:48.562 DEBUG: loss breakdown: energy_per_atom: 87.52725584370963, forces: 20.624164037195307, stress: 0.0008950505862619008, 
2026-09-21 13:15:48.718 DEBUG: loss breakdown: energy_per_atom: 0.37215051920173675, forces: 51.91340864058907, stress: 0.0007372223520295365, 
2026-09-21 13:15:48.874 DEBUG: loss breakdown: energy_per_atom: 0.5547712234037367, forces: 41.62207112859308, stress: 0.001367210525326178, 
2026-09-21 13:15:49.013 DEBUG: loss breakdown: energy_per_atom: 0.42346119785129704, forces: 60.136227770993585, stress: 0.000908398759199734, 
2026-09-21 13:15:49.169 DEBUG: loss breakdown: energy_per_atom: 0.7685756433154378, forces: 23.542167087526007, stress: 0.02064125694816706, 
2026-09-21 13:15:49.317 DEBUG: loss breakdown: energy_per_atom: 0.6323004508187418, forces: 13.00684882508577, stress: 0.0008215332538447471, 
2026-09-21 13:15:49.465 DEBUG: loss breakdown: energy_per_atom: 0.6971748624561838, forces: 18.50700178986803, stress: 0.014514873742036931, 
2026-09-21 13:15:49.601 DEBUG: loss breakdown: energy_per_atom: 1.5402623474675046, forces: 25.519024912078848, stress: 0.0009219385331507769, 
2026-09-21 13:15:49.743 DEBUG: loss breakdown: energy_per_atom: 0.6540312014956748, forces: 89.8173948288002, stress: 0.013929048213646787, 
2026-09-21 13:15:49.876 DEBUG: loss breakdown: energy_per_atom: 0.4964657198871854, forces: 31.678222719545936, stress: 0.0012675099832632477, 
2026-09-21 13:15:50.020 DEBUG: loss breakdown: energy_per_atom: 0.34776606841170693, forces: 16.665321262652398, stress: 0.0007342384143589192, 
2026-09-21 13:15:50.172 DEBUG: loss breakdown: energy_per_atom: 0.25654066412913856, forces: 39.66262435507638, stress: 0.00020786209976249293, 
2026-09-21 13:15:50.321 DEBUG: loss breakdown: energy_per_atom: 0.24277741202999237, forces: 26.083394255099417, stress: 0.0007822073014156013, 
2026-09-21 13:15:50.451 DEBUG: loss breakdown: energy_per_atom: 0.5049845634233752, forces: 12.892080148080472, stress: 0.0007515187658662088, 
2026-09-21 13:15:50.588 DEBUG: loss breakdown: energy_per_atom: 0.9462460618295832, forces: 30.631972274149412, stress: 0.001294347215397532, 
2026-09-21 13:15:50.726 DEBUG: loss breakdown: energy_per_atom: 0.6192147984240712, forces: 18.24463041649816, stress: 0.001190255460432934, 
2026-09-21 13:15:50.854 DEBUG: loss breakdown: energy_per_atom: 0.47779640249337446, forces: 65.1262376865265, stress: 0.0011898614915874539, 
2026-09-21 13:15:50.982 DEBUG: loss breakdown: energy_per_atom: 4.055605032239969, forces: 68.11370972637752, stress: 0.0015121019144718724, 
2026-09-21 13:15:51.121 DEBUG: loss breakdown: energy_per_atom: 6.6721154795450826, forces: 68.37421084341823, stress: 0.0016355260740348692, 
2026-09-21 13:15:51.262 DEBUG: loss breakdown: energy_per_atom: 3.4718837553844524, forces: 46.058955001108366, stress: 0.002761517594238556, 
2026-09-21 13:15:51.403 DEBUG: loss breakdown: energy_per_atom: 1.1342509018324023, forces: 31.533425296344053, stress: 0.03046104323277563, 
2026-09-21 13:15:51.546 DEBUG: loss breakdown: energy_per_atom: 3.363058788449788, forces: 34.75033664801084, stress: 0.010521413818619279, 
2026-09-21 13:15:51.670 DEBUG: loss breakdown: energy_per_atom: 0.3362822036100228, forces: 11.595264749454854, stress: 0.0013999187232314459, 
2026-09-21 13:15:51.798 DEBUG: loss breakdown: energy_per_atom: 0.33486447045840906, forces: 37.454512395359934, stress: 0.001216921184031812, 
2026-09-21 13:15:51.936 DEBUG: loss breakdown: energy_per_atom: 0.46515031496279624, forces: 11.297740002942232, stress: 0.0011849925847519382, 
2026-09-21 13:15:52.075 DEBUG: loss breakdown: energy_per_atom: 1.0143445718114785, forces: 33.536237342795324, stress: 0.0011932222003722846, 
2026-09-21 13:15:52.222 DEBUG: loss breakdown: energy_per_atom: 36.506043713871, forces: 39.931927248658695, stress: 0.001152418829776286, 
2026-09-21 13:15:52.369 DEBUG: loss breakdown: energy_per_atom: 0.2783358280118604, forces: 19.568806921585537, stress: 0.0006055680832683365, 
2026-09-21 13:15:52.505 DEBUG: loss breakdown: energy_per_atom: 0.9568539208038123, forces: 32.01323655788493, stress: 0.0006609536855536698, 
2026-09-21 13:15:52.651 DEBUG: loss breakdown: energy_per_atom: 1.2587968095557664, forces: 18.790035369690596, stress: 0.0005744240832740713, 
2026-09-21 13:15:52.793 DEBUG: loss breakdown: energy_per_atom: 19.091417813445336, forces: 12.679108917106902, stress: 0.00033677260444295857, 
2026-09-21 13:15:52.932 DEBUG: loss breakdown: energy_per_atom: 0.5645001016468854, forces: 22.6311666704581, stress: 0.0004744236035335465, 
2026-09-21 13:15:53.083 DEBUG: loss breakdown: energy_per_atom: 0.2867632362392534, forces: 18.799261812723024, stress: 0.0005994271856603416, 
2026-09-21 13:15:53.231 DEBUG: loss breakdown: energy_per_atom: 1.9739431769905238, forces: 39.48956197944332, stress: 0.016410401646390137, 
2026-09-21 13:15:53.367 DEBUG: loss breakdown: energy_per_atom: 0.46005471070628867, forces: 26.546155530824304, stress: 0.0003784886642123853, 
2026-09-21 13:15:53.501 DEBUG: loss breakdown: energy_per_atom: 0.8409940928982013, forces: 16.68924871553596, stress: 0.0007534920922492302, 
2026-09-21 13:15:53.655 DEBUG: loss breakdown: energy_per_atom: 3.884048685414825, forces: 22.295808625985416, stress: 0.007696771620913494, 
2026-09-21 13:15:53.800 DEBUG: loss breakdown: energy_per_atom: 13.467639777218386, forces: 18.297433190967624, stress: 0.0006355474346479468, 
2026-09-21 13:15:53.950 DEBUG: loss breakdown: energy_per_atom: 0.7127866761871012, forces: 64.95367904623154, stress: 0.0007099897980490277, 
2026-09-21 13:15:54.079 DEBUG: loss breakdown: energy_per_atom: 0.8619032032781565, forces: 16.111840873783052, stress: 0.0012014116970488497, 
2026-09-21 13:15:54.222 DEBUG: loss breakdown: energy_per_atom: 0.27109546264272955, forces: 10.97960969748149, stress: 0.0013307530892378676, 
2026-09-21 13:15:54.390 DEBUG: loss breakdown: energy_per_atom: 0.461930466007126, forces: 22.40109092188046, stress: 0.0004514346821261658, 
2026-09-21 13:15:54.550 DEBUG: loss breakdown: energy_per_atom: 2.870171069311524, forces: 25.709441632465058, stress: 0.0025432299084227773, 
2026-09-21 13:15:54.707 DEBUG: loss breakdown: energy_per_atom: 0.3781745328375773, forces: 14.898225920085592, stress: 0.0008555870910152629, 
2026-09-21 13:15:54.858 DEBUG: loss breakdown: energy_per_atom: 0.38670601994843035, forces: 28.375352252967822, stress: 0.0008068857601054572, 
2026-09-21 13:15:55.003 DEBUG: loss breakdown: energy_per_atom: 2.7334825195791774, forces: 16.7746625882495, stress: 0.001236912921362257, 
2026-09-21 13:15:55.144 DEBUG: loss breakdown: energy_per_atom: 2.236392359537097, forces: 8.824004110094034, stress: 0.0006564746269768731, 
2026-09-21 13:15:55.287 DEBUG: loss breakdown: energy_per_atom: 0.2799226278946112, forces: 36.54158723986936, stress: 0.0017369351850044774, 
2026-09-21 13:15:55.431 DEBUG: loss breakdown: energy_per_atom: 0.7190552928892858, forces: 37.28699477193441, stress: 0.0005794889832239216, 
2026-09-21 13:15:55.565 DEBUG: loss breakdown: energy_per_atom: 0.17330186799588146, forces: 26.47398329541203, stress: 0.0006524645036812339, 
2026-09-21 13:15:55.701 DEBUG: loss breakdown: energy_per_atom: 0.4274849951044664, forces: 96.44961385161389, stress: 0.020671071423797364, 
2026-09-21 13:15:55.835 DEBUG: loss breakdown: energy_per_atom: 0.7605078241490668, forces: 16.660792144964752, stress: 0.0011591154813662902, 
2026-09-21 13:15:55.974 DEBUG: loss breakdown: energy_per_atom: 0.4135869587575651, forces: 40.85781921577793, stress: 0.0010572312455205655, 
2026-09-21 13:15:56.118 DEBUG: loss breakdown: energy_per_atom: 1.6879676309732519, forces: 24.123410305948237, stress: 0.000907251617967719, 
2026-09-21 13:15:56.276 DEBUG: loss breakdown: energy_per_atom: 5.864778682416162, forces: 15.38652662526462, stress: 0.0013744684033981653, 
2026-09-21 13:15:56.412 DEBUG: loss breakdown: energy_per_atom: 2.986886367565262, forces: 34.99300897992604, stress: 0.005440838949106587, 
2026-09-21 13:15:56.544 DEBUG: loss breakdown: energy_per_atom: 0.5643363173716537, forces: 342.3143141955485, stress: 0.0013281001933673894, 
2026-09-21 13:15:56.683 DEBUG: loss breakdown: energy_per_atom: 0.8705563719782197, forces: 41.02005604031221, stress: 0.01172770110438984, 
2026-09-21 13:15:56.822 DEBUG: loss breakdown: energy_per_atom: 0.32508659689285335, forces: 11.749384309643537, stress: 0.0013461542694075566, 
2026-09-21 13:15:56.953 DEBUG: loss breakdown: energy_per_atom: 16.56199112872843, forces: 28.73658093283915, stress: 0.0009475415556677865, 
2026-09-21 13:15:57.097 DEBUG: loss breakdown: energy_per_atom: 0.5979396655170042, forces: 18.70357229672779, stress: 0.0006141110792742343, 
2026-09-21 13:15:57.238 DEBUG: loss breakdown: energy_per_atom: 1.4501908223075022, forces: 25.798685612020726, stress: 0.0007609341961107424, 
2026-09-21 13:15:57.390 DEBUG: loss breakdown: energy_per_atom: 0.14794749713170324, forces: 32.752983114427956, stress: 0.0006846506925096054, 
2026-09-21 13:15:57.547 DEBUG: loss breakdown: energy_per_atom: 0.5271198000698468, forces: 26.66124633309615, stress: 0.0009244414784104064, 
2026-09-21 13:15:57.695 DEBUG: loss breakdown: energy_per_atom: 0.5418315883957725, forces: 57.08676122285746, stress: 0.0007027433907666222, 
2026-09-21 13:15:57.838 DEBUG: loss breakdown: energy_per_atom: 0.5016868845514719, forces: 16.663594688685013, stress: 0.0007201628934963867, 
2026-09-21 13:15:57.985 DEBUG: loss breakdown: energy_per_atom: 2.5920287888094786, forces: 159.12743766055516, stress: 0.0008309134604882746, 
2026-09-21 13:15:58.144 DEBUG: loss breakdown: energy_per_atom: 0.4285843566305029, forces: 15.473562192108743, stress: 0.0009628270448261881, 
2026-09-21 13:15:58.308 DEBUG: loss breakdown: energy_per_atom: 1.3438766672600526, forces: 18.656221450058872, stress: 0.0005587366011423204, 
2026-09-21 13:15:58.454 DEBUG: loss breakdown: energy_per_atom: 4.038291446190963, forces: 19.558310083895915, stress: 0.0012654063936927743, 
2026-09-21 13:15:58.617 DEBUG: loss breakdown: energy_per_atom: 0.7171619127237576, forces: 11.050684298051152, stress: 0.0007905799807375741, 
2026-09-21 13:15:58.781 DEBUG: loss breakdown: energy_per_atom: 1.8871810090587586, forces: 15.213171822070073, stress: 0.0007954033506339024, 
2026-09-21 13:15:58.922 DEBUG: loss breakdown: energy_per_atom: 0.24174885191827622, forces: 34.222066718795894, stress: 0.001496172039705933, 
2026-09-21 13:15:59.053 DEBUG: loss breakdown: energy_per_atom: 0.5508706363904377, forces: 13.367806688301393, stress: 0.0008632428821364459, 
2026-09-21 13:15:59.203 DEBUG: loss breakdown: energy_per_atom: 85.03928812174811, forces: 10.587593039931406, stress: 0.0009362012048674438, 
2026-09-21 13:15:59.349 DEBUG: loss breakdown: energy_per_atom: 0.5552678967510448, forces: 18.29635004672423, stress: 0.0008241521464469927, 
2026-09-21 13:15:59.499 DEBUG: loss breakdown: energy_per_atom: 0.6271856575413625, forces: 23.684669907741064, stress: 0.0012808843542085736, 
2026-09-21 13:15:59.643 DEBUG: loss breakdown: energy_per_atom: 0.921258891037904, forces: 148.66441521922923, stress: 0.009196363589841418, 
2026-09-21 13:15:59.778 DEBUG: loss breakdown: energy_per_atom: 0.3848807545260173, forces: 20.371576383721948, stress: 0.0007974672836016753, 
2026-09-21 13:15:59.921 DEBUG: loss breakdown: energy_per_atom: 0.25143370952031613, forces: 35.09571612719274, stress: 0.0008218057330657347, 
2026-09-21 13:16:00.070 DEBUG: loss breakdown: energy_per_atom: 2.5041183440125665, forces: 24.333364780215618, stress: 0.0014248075564421655, 
2026-09-21 13:16:00.222 DEBUG: loss breakdown: energy_per_atom: 2.878810286711744, forces: 10.89836395389168, stress: 0.0006523876998192809, 
2026-09-21 13:16:00.369 DEBUG: loss breakdown: energy_per_atom: 2.683799129998171, forces: 30.79904240555659, stress: 0.0009453535933645206, 
2026-09-21 13:16:00.523 DEBUG: loss breakdown: energy_per_atom: 2.3220271775663885, forces: 12.503371659132329, stress: 0.006162906222375733, 
2026-09-21 13:16:00.658 DEBUG: loss breakdown: energy_per_atom: 0.8301382000433186, forces: 18.119042245805034, stress: 0.0011702460188573183, 
2026-09-21 13:16:00.796 DEBUG: loss breakdown: energy_per_atom: 0.9502194116837281, forces: 14.411729475874951, stress: 0.000873068932014215, 
2026-09-21 13:16:00.933 DEBUG: loss breakdown: energy_per_atom: 4.07539581325017, forces: 25.21475243383001, stress: 0.002537909960782166, 
2026-09-21 13:16:01.096 DEBUG: loss breakdown: energy_per_atom: 0.5247755138442494, forces: 19.500761759633555, stress: 0.000655140611385436, 
2026-09-21 13:16:01.249 DEBUG: loss breakdown: energy_per_atom: 0.6750036011998202, forces: 20.02372045721101, stress: 0.0005874114306170498, 
2026-09-21 13:16:01.404 DEBUG: loss breakdown: energy_per_atom: 0.45781429524026745, forces: 24.397370843173388, stress: 0.0005500774926449979, 
2026-09-21 13:16:01.550 DEBUG: loss breakdown: energy_per_atom: 0.7710691714877793, forces: 34.14949069824971, stress: 0.019807450499203887, 
2026-09-21 13:16:01.676 DEBUG: loss breakdown: energy_per_atom: 0.3050726669802628, forces: 11.087763666062791, stress: 0.0005730844381370277, 
2026-09-21 13:16:01.815 DEBUG: loss breakdown: energy_per_atom: 0.6370973262654194, forces: 88.80769948205098, stress: 0.009605934773184801, 
2026-09-21 13:16:01.948 DEBUG: loss breakdown: energy_per_atom: 0.3574477659394914, forces: 18.429143160934885, stress: 0.01332135235854035, 
2026-09-21 13:16:02.099 DEBUG: loss breakdown: energy_per_atom: 1.153631310582741, forces: 12.33410789635682, stress: 0.0011271997590522429, 
2026-09-21 13:16:02.236 DEBUG: loss breakdown: energy_per_atom: 0.3227354763183218, forces: 11.902422949327464, stress: 0.001643973871900166, 
2026-09-21 13:16:02.397 DEBUG: loss breakdown: energy_per_atom: 1.8257695741140083, forces: 167.3306589081633, stress: 0.001936126316871584, 
2026-09-21 13:16:02.555 DEBUG: loss breakdown: energy_per_atom: 0.5195259949065633, forces: 32.76242814887826, stress: 0.0007908477705502375, 
2026-09-21 13:16:02.704 DEBUG: loss breakdown: energy_per_atom: 0.5773089330467075, forces: 59.62701106945594, stress: 0.001330588711204746, 
2026-09-21 13:16:02.838 DEBUG: loss breakdown: energy_per_atom: 0.5168158535527613, forces: 13.8625989127164, stress: 0.0005983561716494545, 
2026-09-21 13:16:02.983 DEBUG: loss breakdown: energy_per_atom: 0.4388935214955581, forces: 15.830171101004956, stress: 0.0013437188224118672, 
2026-09-21 13:16:03.113 DEBUG: loss breakdown: energy_per_atom: 1.0016903052355075, forces: 13.866907504676448, stress: 0.0009988040506323291, 
2026-09-21 13:16:03.266 DEBUG: loss breakdown: energy_per_atom: 0.29731954028028384, forces: 22.08535318199734, stress: 0.0010128281289418577, 
2026-09-21 13:16:03.406 DEBUG: loss breakdown: energy_per_atom: 27.24399269850955, forces: 32.06285593942987, stress: 0.000753566749043146, 
2026-09-21 13:16:03.560 DEBUG: loss breakdown: energy_per_atom: 0.23011939975415932, forces: 15.1696400442698, stress: 0.0007533228189722025, 
2026-09-21 13:16:03.713 DEBUG: loss breakdown: energy_per_atom: 0.9617414148765563, forces: 26.9160717147507, stress: 0.015270421075788779, 
2026-09-21 13:16:03.855 DEBUG: loss breakdown: energy_per_atom: 0.7131196487408513, forces: 90.92188363849016, stress: 0.0018353623388042755, 
2026-09-21 13:16:03.991 DEBUG: loss breakdown: energy_per_atom: 0.6231253511438434, forces: 11.15816951317192, stress: 0.0008281461858103342, 
2026-09-21 13:16:04.136 DEBUG: loss breakdown: energy_per_atom: 0.7321156677996936, forces: 27.583466309802812, stress: 0.0010499560782680365, 
2026-09-21 13:16:04.284 DEBUG: loss breakdown: energy_per_atom: 0.666953669215031, forces: 17.902846981820726, stress: 0.0009574249612414199, 
2026-09-21 13:16:04.437 DEBUG: loss breakdown: energy_per_atom: 1.0963946533345839, forces: 20.12268180822566, stress: 0.0007404969547949436, 
2026-09-21 13:16:04.579 DEBUG: loss breakdown: energy_per_atom: 0.2070737206427935, forces: 22.18747557237117, stress: 0.0008923699798951798, 
2026-09-21 13:16:04.718 DEBUG: loss breakdown: energy_per_atom: 0.49302635341061174, forces: 30.497466756804815, stress: 0.0013684661520129862, 
2026-09-21 13:16:04.852 DEBUG: loss breakdown: energy_per_atom: 3.94798846285659, forces: 16.80254741446933, stress: 0.0016781503356496743, 
2026-09-21 13:16:04.984 DEBUG: loss breakdown: energy_per_atom: 3.2133401802274166, forces: 20.51647677490709, stress: 0.017682889298980355, 
2026-09-21 13:16:05.140 DEBUG: loss breakdown: energy_per_atom: 2.3585510374106398, forces: 44.07083965245419, stress: 0.0007740926972306391, 
2026-09-21 13:16:05.288 DEBUG: loss breakdown: energy_per_atom: 6.564708744490998, forces: 13.088104325115415, stress: 0.0007362630790702687, 
2026-09-21 13:16:05.429 DEBUG: loss breakdown: energy_per_atom: 0.36009121562188173, forces: 38.46100640389516, stress: 0.0008096063958229321, 
2026-09-21 13:16:05.620 DEBUG: loss breakdown: energy_per_atom: 2.915445971845027, forces: 20.82440745673375, stress: 0.0004664132894802646, 
2026-09-21 13:16:05.770 DEBUG: loss breakdown: energy_per_atom: 21.61922555159977, forces: 18.270037087490028, stress: 0.0004013741624955752, 
2026-09-21 13:16:05.918 DEBUG: loss breakdown: energy_per_atom: 2.6278184905524404, forces: 13.749201913370193, stress: 0.0006603956467139933, 
2026-09-21 13:16:06.045 DEBUG: loss breakdown: energy_per_atom: 0.6386933104653137, forces: 24.9183440501775, stress: 0.0005035611838012199, 
2026-09-21 13:16:06.180 DEBUG: loss breakdown: energy_per_atom: 1.1085461345094627, forces: 19.207827420334596, stress: 0.0004892328110924572, 
2026-09-21 13:16:06.313 DEBUG: loss breakdown: energy_per_atom: 1.1816142732829131, forces: 2643.9078686905295, stress: 0.0016370986808492982, 
2026-09-21 13:16:06.456 DEBUG: loss breakdown: energy_per_atom: 0.6078312211492045, forces: 21.583539509370002, stress: 0.00041612241435742006, 
2026-09-21 13:16:06.595 DEBUG: loss breakdown: energy_per_atom: 0.2799259568608259, forces: 13.144144829100874, stress: 0.00047089680683941895, 
2026-09-21 13:16:06.755 DEBUG: loss breakdown: energy_per_atom: 0.36829000875062906, forces: 76.1232899725408, stress: 0.0007157617583978612, 
2026-09-21 13:16:06.898 DEBUG: loss breakdown: energy_per_atom: 0.3449308543677292, forces: 41.1163618113398, stress: 0.0007774814881181592, 
2026-09-21 13:16:07.063 DEBUG: loss breakdown: energy_per_atom: 0.8063770792535511, forces: 52.25142237393441, stress: 0.007366140884361622, 
2026-09-21 13:16:07.227 DEBUG: loss breakdown: energy_per_atom: 8.511990962561919, forces: 34.035218229845945, stress: 0.0005657428116562858, 
2026-09-21 13:16:07.364 DEBUG: loss breakdown: energy_per_atom: 1.3634007523596492, forces: 22.636797738368767, stress: 0.01185951848795799, 
2026-09-21 13:16:07.514 DEBUG: loss breakdown: energy_per_atom: 0.6941243576923386, forces: 30.27248606078491, stress: 0.0009829025055282106, 
2026-09-21 13:16:07.652 DEBUG: loss breakdown: energy_per_atom: 1.1993621998610104, forces: 12.492420555392657, stress: 0.0007421429021709611, 
2026-09-21 13:16:07.786 DEBUG: loss breakdown: energy_per_atom: 5.9958857017703435, forces: 21.873731774328085, stress: 0.0008082644959233596, 
2026-09-21 13:16:07.914 DEBUG: loss breakdown: energy_per_atom: 2.811153546899158, forces: 30.127552108002547, stress: 0.0008941055494741506, 
2026-09-21 13:16:08.053 DEBUG: loss breakdown: energy_per_atom: 0.4896637994272343, forces: 16.582721933500558, stress: 0.001307060935607074, 
2026-09-21 13:16:08.234 DEBUG: loss breakdown: energy_per_atom: 2.1314060502003507, forces: 25.501962853537385, stress: 0.0008444001603021404, 
2026-09-21 13:16:08.406 DEBUG: loss breakdown: energy_per_atom: 3.286981527585095, forces: 23.830433932984878, stress: 0.0013275540469435776, 
2026-09-21 13:16:08.575 DEBUG: loss breakdown: energy_per_atom: 1.7110019291315115, forces: 24.781293550993407, stress: 0.0008211074156841123, 
2026-09-21 13:16:08.700 DEBUG: loss breakdown: energy_per_atom: 31.77098865836478, forces: 15.019262716581533, stress: 0.0007411722201999906, 
2026-09-21 13:16:08.836 DEBUG: loss breakdown: energy_per_atom: 3.1645462937035527, forces: 16.10171524253473, stress: 0.0008783859626603833, 
2026-09-21 13:16:08.968 DEBUG: loss breakdown: energy_per_atom: 2.229409691529206, forces: 25.379860418236255, stress: 0.0008147675152570122, 
2026-09-21 13:16:09.103 DEBUG: loss breakdown: energy_per_atom: 0.4731795837766436, forces: 10.818465599286098, stress: 0.01221311564344977, 
2026-09-21 13:16:09.239 DEBUG: loss breakdown: energy_per_atom: 4.643053780321666, forces: 8.42446278828104, stress: 0.0008032805121541435, 
2026-09-21 13:16:09.644 DEBUG: loss breakdown: energy_per_atom: 3.976679675521189, forces: 46.162712793040924, stress: 0.0008598477205340164, 
2026-09-21 13:16:09.773 DEBUG: loss breakdown: energy_per_atom: 0.7633768840624968, forces: 21.33665830950826, stress: 0.0005099544264321529, 
2026-09-21 13:16:09.916 DEBUG: loss breakdown: energy_per_atom: 1.080623285339698, forces: 27.482487979359107, stress: 0.0007468275365198599, 
2026-09-21 13:16:10.064 DEBUG: loss breakdown: energy_per_atom: 0.8454760757820489, forces: 21.703245438551242, stress: 0.0003795944501790775, 
2026-09-21 13:16:10.224 DEBUG: loss breakdown: energy_per_atom: 1.0227133072325252, forces: 7259.56081150046, stress: 0.0025907259913263542, 
2026-09-21 13:16:10.377 DEBUG: loss breakdown: energy_per_atom: 9.215616139784967, forces: 44.353403169810015, stress: 0.0037474889568666447, 
2026-09-21 13:16:10.536 DEBUG: loss breakdown: energy_per_atom: 1.330266403096415, forces: 15.567093353291698, stress: 0.0006105162444216419, 
2026-09-21 13:16:10.694 DEBUG: loss breakdown: energy_per_atom: 0.8610225878275276, forces: 19.25971541845445, stress: 0.0009740284972941887, 
2026-09-21 13:16:10.829 DEBUG: loss breakdown: energy_per_atom: 0.6038182009687809, forces: 174.49603430613422, stress: 0.0008119811677407453, 
2026-09-21 13:16:10.964 DEBUG: loss breakdown: energy_per_atom: 0.6909307115922172, forces: 32.104215551843815, stress: 0.0006112167330749127, 
2026-09-21 13:16:11.115 DEBUG: loss breakdown: energy_per_atom: 4.742359260638331, forces: 21.307643908717303, stress: 0.001091945408060087, 
2026-09-21 13:16:11.244 DEBUG: loss breakdown: energy_per_atom: 2.046952155562617, forces: 63.14285212176854, stress: 0.0007765234330734938, 
2026-09-21 13:16:11.625 DEBUG: loss breakdown: energy_per_atom: 0.5123144380801651, forces: 39.49211651399358, stress: 0.00046427930726465703, 
2026-09-21 13:16:11.768 DEBUG: loss breakdown: energy_per_atom: 0.25747581594962016, forces: 7.820156055151468, stress: 0.00036063160193428354, 
2026-09-21 13:16:11.898 DEBUG: loss breakdown: energy_per_atom: 0.8286548312704662, forces: 23.45214189841484, stress: 0.0005292556702094733, 
2026-09-21 13:16:12.020 DEBUG: loss breakdown: energy_per_atom: 2.93469332275375, forces: 14.952958461453589, stress: 0.0003609390985265897, 
2026-09-21 13:16:12.142 DEBUG: loss breakdown: energy_per_atom: 3.224530537788098, forces: 39.25100735708333, stress: 0.0007747376632104747, 
2026-09-21 13:16:12.297 DEBUG: loss breakdown: energy_per_atom: 0.8938475665978751, forces: 14.35949240533098, stress: 0.0007491299065345082, 
2026-09-21 13:16:12.471 DEBUG: loss breakdown: energy_per_atom: 0.7355641708366195, forces: 16.43080434679379, stress: 0.0007243183096099871, 
2026-09-21 13:16:12.617 DEBUG: loss breakdown: energy_per_atom: 0.47015040734798397, forces: 80.10372843346765, stress: 0.00927497982391156, 
2026-09-21 13:16:13.029 DEBUG: loss breakdown: energy_per_atom: 0.4699277410490569, forces: 8.366595872485853, stress: 0.0006797767934599093, 
2026-09-21 13:16:13.165 DEBUG: loss breakdown: energy_per_atom: 0.751342814837014, forces: 12.183075029385861, stress: 0.000783205444879174, 
2026-09-21 13:16:13.288 DEBUG: loss breakdown: energy_per_atom: 17.263440763960453, forces: 23.050185119598762, stress: 0.00024180998336372706, 
2026-09-21 13:16:13.414 DEBUG: loss breakdown: energy_per_atom: 0.6682513645156728, forces: 21.548522933808982, stress: 0.0009331449414692566, 
2026-09-21 13:16:13.535 DEBUG: loss breakdown: energy_per_atom: 0.7632518537953997, forces: 35.09467733412919, stress: 0.0004858795670368127, 
2026-09-21 13:16:13.663 DEBUG: loss breakdown: energy_per_atom: 0.3516487710157715, forces: 47.23453655321681, stress: 0.0016863898601657279, 
2026-09-21 13:16:13.835 DEBUG: loss breakdown: energy_per_atom: 0.7734702919847053, forces: 16.230650305708338, stress: 0.001218749964253699, 
2026-09-21 13:16:13.978 DEBUG: loss breakdown: energy_per_atom: 0.28595954065547163, forces: 22.9273258900558, stress: 0.0009579707967527827, 
2026-09-21 13:16:14.139 DEBUG: loss breakdown: energy_per_atom: 2.4035348667434264, forces: 111.7599726524485, stress: 0.0006488508618585667, 
2026-09-21 13:16:14.281 DEBUG: loss breakdown: energy_per_atom: 1.1130619536826196, forces: 10.991281609173043, stress: 0.0006971861662151823, 
2026-09-21 13:16:14.405 DEBUG: loss breakdown: energy_per_atom: 0.5595248866010727, forces: 175.95639491742315, stress: 0.0015285705189758737, 
2026-09-21 13:16:14.534 DEBUG: loss breakdown: energy_per_atom: 1.0808994126540312, forces: 17.389734577356876, stress: 0.0007670514208820527, 
2026-09-21 13:16:14.690 DEBUG: loss breakdown: energy_per_atom: 1.8450982531317566, forces: 28.126113066477593, stress: 0.0017659726162616736, 
2026-09-21 13:16:14.823 DEBUG: loss breakdown: energy_per_atom: 1.3956865182641425, forces: 22.89378889376616, stress: 0.0005467560047336774, 
2026-09-21 13:16:14.963 DEBUG: loss breakdown: energy_per_atom: 0.36020018920047436, forces: 23.891023725632316, stress: 0.0014440651842942177, 
2026-09-21 13:16:15.103 DEBUG: loss breakdown: energy_per_atom: 0.7225605150951018, forces: 13.689790120339554, stress: 0.0005426757722495142, 
2026-09-21 13:16:15.230 DEBUG: loss breakdown: energy_per_atom: 0.2687346189273717, forces: 14.755654612681493, stress: 0.0008991719173733888, 
2026-09-21 13:16:15.359 DEBUG: loss breakdown: energy_per_atom: 0.8950771660144377, forces: 24.673477544769955, stress: 0.0015799505458152273, 
2026-09-21 13:16:15.499 DEBUG: loss breakdown: energy_per_atom: 9.662842028890115, forces: 18.027504587518244, stress: 0.001303146521646031, 
2026-09-21 13:16:15.649 DEBUG: loss breakdown: energy_per_atom: 0.904642657272857, forces: 21.273978719795096, stress: 0.0009450392692454605, 
2026-09-21 13:16:15.807 DEBUG: loss breakdown: energy_per_atom: 1.9669415552921934, forces: 20.321756656815918, stress: 0.0006009785891965023, 
2026-09-21 13:16:15.960 DEBUG: loss breakdown: energy_per_atom: 25.580254964873287, forces: 22.83055297310704, stress: 0.0007837108993578211, 
2026-09-21 13:16:16.106 DEBUG: loss breakdown: energy_per_atom: 0.8203878522905221, forces: 13.655371210016753, stress: 0.0008613673123498802, 
2026-09-21 13:16:16.245 DEBUG: loss breakdown: energy_per_atom: 0.3587451919535626, forces: 8.424440993402543, stress: 0.00682785315008404, 
2026-09-21 13:16:16.379 DEBUG: loss breakdown: energy_per_atom: 1.4162940955838506, forces: 66.6335241124544, stress: 0.0007884125984147241, 
2026-09-21 13:16:16.530 DEBUG: loss breakdown: energy_per_atom: 1.5581019707969568, forces: 36.794755716873006, stress: 0.0012410564030858097, 
2026-09-21 13:16:16.664 DEBUG: loss breakdown: energy_per_atom: 0.24305236143141648, forces: 11.917843428801914, stress: 0.0008339059705910508, 
2026-09-21 13:16:16.803 DEBUG: loss breakdown: energy_per_atom: 24.239349604394032, forces: 17.492599757763923, stress: 0.0004550786246642495, 
2026-09-21 13:16:16.968 DEBUG: loss breakdown: energy_per_atom: 6.311419901514204, forces: 15.06910017581754, stress: 0.0003914857398395724, 
2026-09-21 13:16:17.113 DEBUG: loss breakdown: energy_per_atom: 0.873885763546043, forces: 21.260480408788098, stress: 0.0007468706757008315, 
2026-09-21 13:16:17.265 DEBUG: loss breakdown: energy_per_atom: 0.4893671812521575, forces: 11.087070693273246, stress: 0.00047944089347957606, 
2026-09-21 13:16:17.404 DEBUG: loss breakdown: energy_per_atom: 0.6736350614778548, forces: 19.863303821590097, stress: 0.000586710053747734, 
2026-09-21 13:16:17.560 DEBUG: loss breakdown: energy_per_atom: 0.35593178480464505, forces: 28.611684348123756, stress: 0.000862069876049168, 
2026-09-21 13:16:17.710 DEBUG: loss breakdown: energy_per_atom: 0.5131590744824, forces: 23.838486242531566, stress: 0.000975374541293083, 
2026-09-21 13:16:17.849 DEBUG: loss breakdown: energy_per_atom: 0.3469134799391794, forces: 22.420065262135616, stress: 0.0013012564694461974, 
2026-09-21 13:16:18.009 DEBUG: loss breakdown: energy_per_atom: 0.8567107680997947, forces: 38.13579079682084, stress: 0.0006716265403768181, 
2026-09-21 13:16:18.164 DEBUG: loss breakdown: energy_per_atom: 75.63321373628114, forces: 15.863923271467211, stress: 0.0007495305766781699, 
2026-09-21 13:16:18.321 DEBUG: loss breakdown: energy_per_atom: 0.9154209407789233, forces: 34.890042083191496, stress: 0.001018668943642261, 
2026-09-21 13:16:18.463 DEBUG: loss breakdown: energy_per_atom: 2.3419046567228383, forces: 36.19747158863621, stress: 0.0003380195160531958, 
2026-09-21 13:16:18.594 DEBUG: loss breakdown: energy_per_atom: 1.403141598664904, forces: 14.132565502220807, stress: 0.000555422031681394, 
2026-09-21 13:16:18.731 DEBUG: loss breakdown: energy_per_atom: 0.31960746535834383, forces: 10.420431355138588, stress: 0.0008861778934592301, 
2026-09-21 13:16:18.880 DEBUG: loss breakdown: energy_per_atom: 0.5392621978716492, forces: 10.025559981388113, stress: 0.0011358664079607278, 
2026-09-21 13:16:19.031 DEBUG: loss breakdown: energy_per_atom: 28.38893665486083, forces: 13.57557574274334, stress: 0.000982882625331798, 
2026-09-21 13:16:19.170 DEBUG: loss breakdown: energy_per_atom: 0.1928220058485382, forces: 16.391878393562127, stress: 0.0012773728145567308, 
2026-09-21 13:16:19.304 DEBUG: loss breakdown: energy_per_atom: 0.4925246789278388, forces: 40.821108077289715, stress: 0.0008281838810849916, 
2026-09-21 13:16:19.453 DEBUG: loss breakdown: energy_per_atom: 0.52238963454986, forces: 292.22090812254123, stress: 0.0032579234949437572, 
2026-09-21 13:16:19.586 DEBUG: loss breakdown: energy_per_atom: 0.3759235143776807, forces: 30.287504964340656, stress: 0.0012618758288609287, 
2026-09-21 13:16:19.734 DEBUG: loss breakdown: energy_per_atom: 2.6984324105384143, forces: 17.156390372658947, stress: 0.0009098150168163946, 
2026-09-21 13:16:19.882 DEBUG: loss breakdown: energy_per_atom: 0.6538369316837682, forces: 24.02764783247334, stress: 0.0006981468943852427, 
2026-09-21 13:16:20.273 DEBUG: loss breakdown: energy_per_atom: 0.27993495207171115, forces: 14.059700299258655, stress: 0.0007970842290714772, 
2026-09-21 13:16:20.405 DEBUG: loss breakdown: energy_per_atom: 1.7689755013616721, forces: 18.52143842876905, stress: 0.003070464123210524, 
2026-09-21 13:16:20.530 DEBUG: loss breakdown: energy_per_atom: 0.8984506528072331, forces: 80.55965437911203, stress: 0.001306992502466712, 
2026-09-21 13:16:20.660 DEBUG: loss breakdown: energy_per_atom: 0.7300613404380736, forces: 25.020551128775885, stress: 0.0006671135470675544, 
2026-09-21 13:16:20.792 DEBUG: loss breakdown: energy_per_atom: 0.9609449056701507, forces: 26.428286164048025, stress: 0.0011862473777023107, 
2026-09-21 13:16:20.951 DEBUG: loss breakdown: energy_per_atom: 17.56745888740685, forces: 27.780294202693263, stress: 0.0004946816460526137, 
2026-09-21 13:16:21.125 DEBUG: loss breakdown: energy_per_atom: 0.4632781014166067, forces: 11.397160063416468, stress: 0.0006218373731436128, 
2026-09-21 13:16:21.263 DEBUG: loss breakdown: energy_per_atom: 3.1591210275740833, forces: 26.861771510121113, stress: 0.010939715159475826, 
2026-09-21 13:16:21.421 DEBUG: loss breakdown: energy_per_atom: 0.533572808227694, forces: 43.54533074205693, stress: 0.000708607007046589, 
2026-09-21 13:16:21.565 DEBUG: loss breakdown: energy_per_atom: 0.5092830768342396, forces: 29.274682886685554, stress: 0.0008912864605035225, 
2026-09-21 13:16:21.694 DEBUG: loss breakdown: energy_per_atom: 0.7782513675369684, forces: 37.95433609543326, stress: 0.0006657292852926008, 
2026-09-21 13:16:21.834 DEBUG: loss breakdown: energy_per_atom: 0.32665651463139433, forces: 19.177180909332836, stress: 0.0007599909722057581, 
2026-09-21 13:16:21.969 DEBUG: loss breakdown: energy_per_atom: 0.339221283503647, forces: 25.700899279118712, stress: 0.0005617518793539011, 
2026-09-21 13:16:22.110 DEBUG: loss breakdown: energy_per_atom: 1.0431933380742606, forces: 24.667839155270894, stress: 0.0005951921371247726, 
2026-09-21 13:16:22.491 DEBUG: loss breakdown: energy_per_atom: 4.678933205091881, forces: 12.94740136880824, stress: 0.0009050334674690511, 
2026-09-21 13:16:22.629 DEBUG: loss breakdown: energy_per_atom: 10.39860204269558, forces: 12.379269520105415, stress: 0.001303473655939684, 
2026-09-21 13:16:22.783 DEBUG: loss breakdown: energy_per_atom: 4.084280673251605, forces: 26.445191855927753, stress: 0.0028222358396832476, 
2026-09-21 13:16:22.927 DEBUG: loss breakdown: energy_per_atom: 0.9122082494575572, forces: 14.626502412851366, stress: 0.0008307364826895241, 
2026-09-21 13:16:23.059 DEBUG: loss breakdown: energy_per_atom: 0.32935094299516504, forces: 27.161081433294953, stress: 0.0013627936439984901, 
2026-09-21 13:16:23.195 DEBUG: loss breakdown: energy_per_atom: 5.856395208324687, forces: 44.79353667237863, stress: 0.0035666265820229717, 
2026-09-21 13:16:23.319 DEBUG: loss breakdown: energy_per_atom: 0.5905800261945825, forces: 184.62631855458923, stress: 0.020572449801922677, 
2026-09-21 13:16:23.754 DEBUG: loss breakdown: energy_per_atom: 0.3903626294184689, forces: 37.04862138400662, stress: 0.004467206194199812, 
2026-09-21 13:16:23.897 DEBUG: loss breakdown: energy_per_atom: 0.3063695981756314, forces: 25.554475287921463, stress: 0.0004855015988417039, 
2026-09-21 13:16:24.036 DEBUG: loss breakdown: energy_per_atom: 0.3718916845388637, forces: 20.464880508646477, stress: 0.0005327444147652521, 
2026-09-21 13:16:24.194 DEBUG: loss breakdown: energy_per_atom: 27.29309583549226, forces: 36.029907493427636, stress: 0.0006552935844021757, 
2026-09-21 13:16:24.342 DEBUG: loss breakdown: energy_per_atom: 1.128680236910885, forces: 35.15927565293414, stress: 0.0008385096087968947, 
2026-09-21 13:16:24.499 DEBUG: loss breakdown: energy_per_atom: 0.5639128172615058, forces: 27.30848501122821, stress: 0.0006096846291515426, 
2026-09-21 13:16:24.655 DEBUG: loss breakdown: energy_per_atom: 0.31413606928724785, forces: 25.305844752579077, stress: 0.0004161460056721908, 
2026-09-21 13:16:24.811 DEBUG: loss breakdown: energy_per_atom: 0.42436199575050915, forces: 23.009650295123283, stress: 0.0005755733306075706, 
2026-09-21 13:16:24.940 DEBUG: loss breakdown: energy_per_atom: 0.2699724976621699, forces: 12.74206592586653, stress: 0.0017049023918437982, 
2026-09-21 13:16:25.077 DEBUG: loss breakdown: energy_per_atom: 0.8064540318307403, forces: 17.300241591132707, stress: 0.0015313437214272488, 
2026-09-21 13:16:25.217 DEBUG: loss breakdown: energy_per_atom: 0.5305631243871753, forces: 58.2444441856547, stress: 0.000948515578019091, 
2026-09-21 13:16:25.351 DEBUG: loss breakdown: energy_per_atom: 0.35350652022843426, forces: 18.143036074754384, stress: 0.0014945436965309008, 
2026-09-21 13:16:25.486 DEBUG: loss breakdown: energy_per_atom: 8.002896331686358, forces: 90.85710820625074, stress: 0.0017581635260302184, 
2026-09-21 13:16:25.620 DEBUG: loss breakdown: energy_per_atom: 1.086629158968094, forces: 41.16912645787467, stress: 0.007085405041580956, 
2026-09-21 13:16:25.802 DEBUG: loss breakdown: energy_per_atom: 0.33042209171478487, forces: 51.48355515363219, stress: 0.00120910545999061, 
2026-09-21 13:16:25.936 DEBUG: loss breakdown: energy_per_atom: 2.07680385985205, forces: 16.65154431291887, stress: 0.0005504068758062466, 
2026-09-21 13:16:26.072 DEBUG: loss breakdown: energy_per_atom: 0.5148268707430448, forces: 34.06546513230219, stress: 0.0034987340285846016, 
2026-09-21 13:16:26.210 DEBUG: loss breakdown: energy_per_atom: 4.012221992299802, forces: 10.714853858899206, stress: 0.0011722980460071282, 
2026-09-21 13:16:26.341 DEBUG: loss breakdown: energy_per_atom: 4.042253730883046, forces: 21.680612637081932, stress: 0.0013381594130283678, 
2026-09-21 13:16:26.475 DEBUG: loss breakdown: energy_per_atom: 0.3043836825421157, forces: 9.7326472194758, stress: 0.0007802063358386726, 
2026-09-21 13:16:26.630 DEBUG: loss breakdown: energy_per_atom: 34.16545452974239, forces: 7.035950060369839, stress: 0.0003891292065743724, 
2026-09-21 13:16:26.785 DEBUG: loss breakdown: energy_per_atom: 6.9627318487543555, forces: 25.250310249375858, stress: 0.0005669354442595392, 
2026-09-21 13:16:26.927 DEBUG: loss breakdown: energy_per_atom: 0.5623234160211444, forces: 10.702030031199685, stress: 0.0003638415183821336, 
2026-09-21 13:16:27.059 DEBUG: loss breakdown: energy_per_atom: 0.7588655930981895, forces: 26.601533747213413, stress: 0.0011540617914469421, 
2026-09-21 13:16:27.207 DEBUG: loss breakdown: energy_per_atom: 1.3806750587510717, forces: 41.86867499968269, stress: 0.00034977131374474917, 
2026-09-21 13:16:27.349 DEBUG: loss breakdown: energy_per_atom: 0.44206795346113975, forces: 36.436272558781965, stress: 0.000929822027240001, 
2026-09-21 13:16:27.773 DEBUG: loss breakdown: energy_per_atom: 0.45804637606818555, forces: 24.929666031107818, stress: 0.0005396771666782242, 
2026-09-21 13:16:27.915 DEBUG: loss breakdown: energy_per_atom: 1.1931221148035835, forces: 23.18897962085369, stress: 0.0006498035689748203, 
2026-09-21 13:16:28.048 DEBUG: loss breakdown: energy_per_atom: 0.5346724150941237, forces: 12.823833005242626, stress: 0.0003739113465634081, 
2026-09-21 13:16:28.168 DEBUG: loss breakdown: energy_per_atom: 0.24364143105578284, forces: 30.752117130817897, stress: 0.0015756315561329907, 
2026-09-21 13:16:28.291 DEBUG: loss breakdown: energy_per_atom: 1.608547155672633, forces: 15.59159423962224, stress: 0.0010040620965427853, 
2026-09-21 13:16:28.419 DEBUG: loss breakdown: energy_per_atom: 9.109165585402668, forces: 15.589120747073531, stress: 0.0010036047419296405, 
2026-09-21 13:16:28.572 DEBUG: loss breakdown: energy_per_atom: 0.20567584349257964, forces: 19.115079922903163, stress: 0.001194362388090817, 
2026-09-21 13:16:28.721 DEBUG: loss breakdown: energy_per_atom: 1.0159402871653276, forces: 18.107760123350065, stress: 0.012070000257303997, 
2026-09-21 13:16:28.865 DEBUG: loss breakdown: energy_per_atom: 0.7000623603787842, forces: 27.692950216456946, stress: 0.001770032119579585, 
2026-09-21 13:16:29.001 DEBUG: loss breakdown: energy_per_atom: 0.9485076698221746, forces: 13.213516386938624, stress: 0.02023890827897711, 
2026-09-21 13:16:29.149 DEBUG: loss breakdown: energy_per_atom: 0.3584996376106265, forces: 17.348831153572544, stress: 0.005064541659227313, 
2026-09-21 13:16:29.279 DEBUG: loss breakdown: energy_per_atom: 0.8860352304570631, forces: 9.883492466153458, stress: 0.0014502347446010604, 
2026-09-21 13:16:29.416 DEBUG: loss breakdown: energy_per_atom: 1.3372487875445775, forces: 27.309079793286887, stress: 0.0008963649185285474, 
2026-09-21 13:16:29.548 DEBUG: loss breakdown: energy_per_atom: 4.493309772547523, forces: 27.50220656729795, stress: 0.00046968834403972684, 
2026-09-21 13:16:29.686 DEBUG: loss breakdown: energy_per_atom: 0.8501558684512285, forces: 27.249367464240194, stress: 0.00130927672259725, 
2026-09-21 13:16:29.828 DEBUG: loss breakdown: energy_per_atom: 1.183715583680658, forces: 16.382654005021926, stress: 0.0014084363238529884, 
2026-09-21 13:16:29.959 DEBUG: loss breakdown: energy_per_atom: 0.47771320630908326, forces: 17.85569163561566, stress: 0.0012485390920414672, 
2026-09-21 13:16:30.093 DEBUG: loss breakdown: energy_per_atom: 1.7467554997876573, forces: 24.47408266758362, stress: 0.0014342707797733926, 
2026-09-21 13:16:30.242 DEBUG: loss breakdown: energy_per_atom: 0.5497922364093235, forces: 11.738860087998649, stress: 0.016747936416535998, 
2026-09-21 13:16:30.380 DEBUG: loss breakdown: energy_per_atom: 0.5595782440880538, forces: 17.824328820369697, stress: 0.0011841688870261051, 
2026-09-21 13:16:30.526 DEBUG: loss breakdown: energy_per_atom: 0.5416384202894277, forces: 12.487048978225594, stress: 0.0007615178209543407, 
2026-09-21 13:16:30.672 DEBUG: loss breakdown: energy_per_atom: 0.3136045318402399, forces: 18.874303228633334, stress: 0.0015858124306575997, 
2026-09-21 13:16:30.819 DEBUG: loss breakdown: energy_per_atom: 0.649367685848458, forces: 26.18611770700538, stress: 0.0011086126245141313, 
2026-09-21 13:16:30.955 DEBUG: loss breakdown: energy_per_atom: 0.7195457186920267, forces: 18.190071024029724, stress: 0.008920427894306129, 
2026-09-21 13:16:31.087 DEBUG: loss breakdown: energy_per_atom: 2.9074825740165995, forces: 10.378088486288378, stress: 0.00040434867937113244, 
2026-09-21 13:16:31.212 DEBUG: loss breakdown: energy_per_atom: 1.1295174881281818, forces: 23.669897160367416, stress: 0.0018118365086363534, 
2026-09-21 13:16:31.360 DEBUG: loss breakdown: energy_per_atom: 0.9196687308411182, forces: 13.024725290713574, stress: 0.0007414759412652613, 
2026-09-21 13:16:31.511 DEBUG: loss breakdown: energy_per_atom: 0.504807257255609, forces: 16.90563309620991, stress: 0.0005458503590624049, 
2026-09-21 13:16:31.653 DEBUG: loss breakdown: energy_per_atom: 1.053456565470536, forces: 11.101061150935697, stress: 0.00725972203260524, 
2026-09-21 13:16:31.790 DEBUG: loss breakdown: energy_per_atom: 9.470982208726072, forces: 53.262299528087375, stress: 0.0006879724272804079, 
2026-09-21 13:16:31.940 DEBUG: loss breakdown: energy_per_atom: 0.2716580260812029, forces: 44.717746684429144, stress: 0.0010795345067846028, 
2026-09-21 13:16:32.088 DEBUG: loss breakdown: energy_per_atom: 3.467060415488507, forces: 21.368560264839616, stress: 0.0004257326242074812, 
2026-09-21 13:16:32.227 DEBUG: loss breakdown: energy_per_atom: 0.9617870655994766, forces: 29.013190091233497, stress: 0.0004409148647677684, 
2026-09-21 13:16:32.364 DEBUG: loss breakdown: energy_per_atom: 1.1939703985375054, forces: 11.339516132908141, stress: 0.0009271197230551927, 
2026-09-21 13:16:32.512 DEBUG: loss breakdown: energy_per_atom: 0.8728298840577978, forces: 14.735010491467653, stress: 0.0005895619465829833, 
2026-09-21 13:16:32.650 DEBUG: loss breakdown: energy_per_atom: 0.5831137066741624, forces: 15.457485887481216, stress: 0.0005368477263080463, 
2026-09-21 13:16:32.791 DEBUG: loss breakdown: energy_per_atom: 1.5766371359015627, forces: 17.56165354590697, stress: 0.0007651857002715962, 
2026-09-21 13:16:32.932 DEBUG: loss breakdown: energy_per_atom: 13.562941707160864, forces: 16.583578908916667, stress: 0.0006132589251898089, 
2026-09-21 13:16:33.072 DEBUG: loss breakdown: energy_per_atom: 1.619118014865537, forces: 40.91930963093816, stress: 0.0008011650281954156, 
2026-09-21 13:16:33.215 DEBUG: loss breakdown: energy_per_atom: 0.9962998378460095, forces: 13.214820386270523, stress: 0.001343297810052799, 
2026-09-21 13:16:33.367 DEBUG: loss breakdown: energy_per_atom: 3.8902863581962617, forces: 16.09829873615901, stress: 0.000587665931615301, 
2026-09-21 13:16:33.514 DEBUG: loss breakdown: energy_per_atom: 0.3310255931463857, forces: 12.414291669503601, stress: 0.000593452834818065, 
2026-09-21 13:16:33.662 DEBUG: loss breakdown: energy_per_atom: 1.1459778926476778, forces: 24.853581648484493, stress: 0.000526642644916035, 
2026-09-21 13:16:33.808 DEBUG: loss breakdown: energy_per_atom: 0.614891409921563, forces: 33.8371888885198, stress: 0.00033749990246937495, 
2026-09-21 13:16:33.944 DEBUG: loss breakdown: energy_per_atom: 1.231980481735787, forces: 19.40916517011652, stress: 0.005558504832710583, 
2026-09-21 13:16:34.075 DEBUG: loss breakdown: energy_per_atom: 0.776289424335439, forces: 7.826743860969112, stress: 0.001206214973129205, 
2026-09-21 13:16:34.215 DEBUG: loss breakdown: energy_per_atom: 0.790741879965483, forces: 155.67366489390304, stress: 0.009017241573932688, 
2026-09-21 13:16:34.347 DEBUG: loss breakdown: energy_per_atom: 8.942644936554348, forces: 30.25750434970516, stress: 0.011997048912668633, 
2026-09-21 13:16:34.477 DEBUG: loss breakdown: energy_per_atom: 0.5145566002705295, forces: 51.064521495939566, stress: 0.0010717125942614973, 
2026-09-21 13:16:34.610 DEBUG: loss breakdown: energy_per_atom: 2.2027895475321753, forces: 14.684218570088545, stress: 0.0006998130163198643, 
2026-09-21 13:16:34.741 DEBUG: loss breakdown: energy_per_atom: 3.7292753424732634, forces: 29.66825813742671, stress: 0.001213757286265639, 
2026-09-21 13:16:34.896 DEBUG: loss breakdown: energy_per_atom: 19.98115208058877, forces: 29.858093263180418, stress: 0.011696694110276974, 
2026-09-21 13:16:35.041 DEBUG: loss breakdown: energy_per_atom: 0.8247903546458764, forces: 34.2406835959032, stress: 0.001385073175130665, 
2026-09-21 13:16:35.171 DEBUG: loss breakdown: energy_per_atom: 1.1544235682410693, forces: 9.516456922596332, stress: 0.0009975981678938327, 
2026-09-21 13:16:35.308 DEBUG: loss breakdown: energy_per_atom: 8.81224697351902, forces: 30.751040159083214, stress: 0.0015909431421631448, 
2026-09-21 13:16:35.443 DEBUG: loss breakdown: energy_per_atom: 0.46399591407623153, forces: 56.27539708800955, stress: 0.00046370248989787165, 
2026-09-21 13:16:35.599 DEBUG: loss breakdown: energy_per_atom: 2.4058570636684675, forces: 25.254827507974714, stress: 0.0005754068052405159, 
2026-09-21 13:16:35.733 DEBUG: loss breakdown: energy_per_atom: 0.44594211667002776, forces: 13.275144107335294, stress: 0.0007676270346935521, 
2026-09-21 13:16:35.871 DEBUG: loss breakdown: energy_per_atom: 0.2612562474775024, forces: 20.524054706509705, stress: 0.0017498500076928714, 
2026-09-21 13:16:36.020 DEBUG: loss breakdown: energy_per_atom: 1.5359639693184246, forces: 10.742832971441855, stress: 0.0009887044372659276, 
2026-09-21 13:16:36.171 DEBUG: loss breakdown: energy_per_atom: 0.38245014482560774, forces: 23.346133558181435, stress: 0.0004430054333217951, 
2026-09-21 13:16:36.332 DEBUG: loss breakdown: energy_per_atom: 0.7131960266618267, forces: 22.402233004789096, stress: 0.0006550150535184037, 
2026-09-21 13:16:36.482 DEBUG: loss breakdown: energy_per_atom: 1.2733988947135257, forces: 23.588922794434655, stress: 0.0011263274606743887, 
2026-09-21 13:16:36.629 DEBUG: loss breakdown: energy_per_atom: 0.4194062647561076, forces: 54.65885942975564, stress: 0.0009729583171679623, 
2026-09-21 13:16:36.766 DEBUG: loss breakdown: energy_per_atom: 4.149843708068117, forces: 244.68175550735225, stress: 0.0014107622432709911, 
2026-09-21 13:16:36.909 DEBUG: loss breakdown: energy_per_atom: 0.8030948673741475, forces: 21.121902209715305, stress: 0.0010233037052431518, 
2026-09-21 13:16:37.053 DEBUG: loss breakdown: energy_per_atom: 0.3056234017051251, forces: 26.085638527761297, stress: 0.0011416324140220379, 
2026-09-21 13:16:37.203 DEBUG: loss breakdown: energy_per_atom: 1.6994079506340292, forces: 17.288151422935762, stress: 0.0006504353900879474, 
2026-09-21 13:16:37.357 DEBUG: loss breakdown: energy_per_atom: 5.532821061879796, forces: 12.628269537485707, stress: 0.0011628939376885005, 
2026-09-21 13:16:37.506 DEBUG: loss breakdown: energy_per_atom: 55.77236191765479, forces: 34.835186148434225, stress: 0.0003724643418412576, 
2026-09-21 13:16:37.644 DEBUG: loss breakdown: energy_per_atom: 0.36895067043731966, forces: 28.711479908763415, stress: 0.0020937404543544076, 
2026-09-21 13:16:37.778 DEBUG: loss breakdown: energy_per_atom: 0.893925239593756, forces: 49.70262269886044, stress: 0.000848823637763067, 
2026-09-21 13:16:37.920 DEBUG: loss breakdown: energy_per_atom: 1.425476624658964, forces: 59.24723461262297, stress: 0.0011054176293424861, 
2026-09-21 13:16:38.049 DEBUG: loss breakdown: energy_per_atom: 3.4383756854769247, forces: 16.398494131569187, stress: 0.0010557696443041402, 
2026-09-21 13:16:38.184 DEBUG: loss breakdown: energy_per_atom: 1.6497038786482636, forces: 17.141439026287987, stress: 0.0017129258705062922, 
2026-09-21 13:16:38.312 DEBUG: loss breakdown: energy_per_atom: 0.6086763135105561, forces: 550.31424830594, stress: 0.0018461740238618555, 
2026-09-21 13:16:38.458 DEBUG: loss breakdown: energy_per_atom: 0.38642466783284785, forces: 31.933582286579735, stress: 0.0019329964395803255, 
2026-09-21 13:16:38.617 DEBUG: loss breakdown: energy_per_atom: 0.3410804899727554, forces: 22.77273285742429, stress: 0.0022039869204903517, 
2026-09-21 13:16:38.746 DEBUG: loss breakdown: energy_per_atom: 1.2339714370338852, forces: 54.657935955584506, stress: 0.0012789798664050664, 
2026-09-21 13:16:38.894 DEBUG: loss breakdown: energy_per_atom: 10.026644083305728, forces: 13.561264733801604, stress: 0.000877154324467845, 
2026-09-21 13:16:39.036 DEBUG: loss breakdown: energy_per_atom: 2.3027021771392104, forces: 44.78252695833865, stress: 0.0009057075890954422, 
2026-09-21 13:16:39.188 DEBUG: loss breakdown: energy_per_atom: 4.421600346081038, forces: 15.039408860840009, stress: 0.0009507104307069993, 
2026-09-21 13:16:39.336 DEBUG: loss breakdown: energy_per_atom: 0.5204832896105739, forces: 15.013382143278722, stress: 0.0007932433639707883, 
2026-09-21 13:16:39.484 DEBUG: loss breakdown: energy_per_atom: 2.6218886659348573, forces: 16.26843413627656, stress: 0.0010694315359738992, 
2026-09-21 13:16:39.633 DEBUG: loss breakdown: energy_per_atom: 0.5378393453107939, forces: 26.34716723493834, stress: 0.0006237024070995747, 
2026-09-21 13:16:39.786 DEBUG: loss breakdown: energy_per_atom: 0.29306357435053426, forces: 23.088932418698818, stress: 0.0007758585936858035, 
2026-09-21 13:16:39.934 DEBUG: loss breakdown: energy_per_atom: 0.9141057930077141, forces: 16.96141278019403, stress: 0.0011040612865360546, 
2026-09-21 13:16:40.098 DEBUG: loss breakdown: energy_per_atom: 0.5056223112600982, forces: 15.259707879201084, stress: 0.000793816307884346, 
2026-09-21 13:16:40.263 DEBUG: loss breakdown: energy_per_atom: 1.1274467500705057, forces: 16.030004718646765, stress: 0.0007767896667292667, 
2026-09-21 13:16:40.407 DEBUG: loss breakdown: energy_per_atom: 55.37930617585388, forces: 49.64272043095216, stress: 0.0011595383384209608, 
2026-09-21 13:16:40.548 DEBUG: loss breakdown: energy_per_atom: 34.84230174641798, forces: 59.231951361032976, stress: 0.0010969336712833959, 
2026-09-21 13:16:40.738 DEBUG: loss breakdown: energy_per_atom: 1.913894675944861, forces: 50.500515424823554, stress: 0.0006925086408786849, 
2026-09-21 13:16:40.869 DEBUG: loss breakdown: energy_per_atom: 0.8697472628727977, forces: 51.47407565718735, stress: 0.012548802012438416, 
2026-09-21 13:16:41.007 DEBUG: loss breakdown: energy_per_atom: 2.0765398101645043, forces: 12.175693170070916, stress: 0.014187981646175343, 
2026-09-21 13:16:41.141 DEBUG: loss breakdown: energy_per_atom: 0.4625554664106689, forces: 17.210045923509746, stress: 0.0005768703910519712, 
2026-09-21 13:16:41.284 DEBUG: loss breakdown: energy_per_atom: 0.4094993330277887, forces: 21.07089023298609, stress: 0.0008081094192981373, 
2026-09-21 13:16:41.416 DEBUG: loss breakdown: energy_per_atom: 0.9217968752843462, forces: 8.834136107304648, stress: 0.0006719005279657196, 
2026-09-21 13:16:41.554 DEBUG: loss breakdown: energy_per_atom: 0.7459608398577535, forces: 29.439113337240652, stress: 0.0004883937923359326, 
2026-09-21 13:16:41.689 DEBUG: loss breakdown: energy_per_atom: 0.7890243900675189, forces: 26.8869039833448, stress: 0.0010308322927297902, 
2026-09-21 13:16:41.830 DEBUG: loss breakdown: energy_per_atom: 0.23222048131410356, forces: 14.12242872725155, stress: 0.00069320079808521, 
2026-09-21 13:16:41.969 DEBUG: loss breakdown: energy_per_atom: 0.6911709114220511, forces: 38.284313713363936, stress: 0.0012372107041809263, 
2026-09-21 13:16:42.133 DEBUG: loss breakdown: energy_per_atom: 0.5310462488655922, forces: 19.304873904147634, stress: 0.0009169691424454467, 
2026-09-21 13:16:42.285 DEBUG: loss breakdown: energy_per_atom: 0.5335357674543005, forces: 28.429865108400527, stress: 0.0007938475765865825, 
2026-09-21 13:16:42.425 DEBUG: loss breakdown: energy_per_atom: 1.3752311239014725, forces: 16.4700741712442, stress: 0.001101041553241062, 
2026-09-21 13:16:42.562 DEBUG: loss breakdown: energy_per_atom: 5.588324589207629, forces: 16.688739805888172, stress: 0.0008384574378904157, 
2026-09-21 13:16:42.694 DEBUG: loss breakdown: energy_per_atom: 0.5348975704575252, forces: 17.224423378035077, stress: 0.006826285627847668, 
2026-09-21 13:16:42.831 DEBUG: loss breakdown: energy_per_atom: 0.7018618292491632, forces: 18.761164331404302, stress: 0.0021459005001838185, 
2026-09-21 13:16:42.976 DEBUG: loss breakdown: energy_per_atom: 0.4011527658289889, forces: 28.33113466047847, stress: 0.003341544920988586, 
2026-09-21 13:16:43.129 DEBUG: loss breakdown: energy_per_atom: 3.669857321794753, forces: 32.613334207302266, stress: 0.0010953042492710342, 
2026-09-21 13:16:43.268 DEBUG: loss breakdown: energy_per_atom: 1.1576919768438092, forces: 14.94781081705771, stress: 0.011051678820895043, 
2026-09-21 13:16:43.422 DEBUG: loss breakdown: energy_per_atom: 0.6663628644389868, forces: 1212.826740260038, stress: 0.01007348551449005, 
2026-09-21 13:16:43.562 DEBUG: loss breakdown: energy_per_atom: 0.5682416756445297, forces: 29.475532376295245, stress: 0.001038716953185523, 
2026-09-21 13:16:43.698 DEBUG: loss breakdown: energy_per_atom: 0.7593475212251906, forces: 22.616038776643617, stress: 0.014514852577388623, 
2026-09-21 13:16:43.846 DEBUG: loss breakdown: energy_per_atom: 1.4374513606819863, forces: 15.769357085925845, stress: 0.012643079193069007, 
2026-09-21 13:16:43.994 DEBUG: loss breakdown: energy_per_atom: 3.7308318359547163, forces: 36.73943360909563, stress: 0.0005901851454621873, 
2026-09-21 13:16:44.147 DEBUG: loss breakdown: energy_per_atom: 10.905968314198937, forces: 99.09747217563863, stress: 0.010753519539783688, 
2026-09-21 13:16:44.285 DEBUG: loss breakdown: energy_per_atom: 32.391150795052674, forces: 22.753735767581258, stress: 0.0007924289327239036, 
2026-09-21 13:16:44.434 DEBUG: loss breakdown: energy_per_atom: 5.300669421039062, forces: 46.96319860338641, stress: 0.0004404761588914598, 
2026-09-21 13:16:44.585 DEBUG: loss breakdown: energy_per_atom: 8.261712508863665, forces: 26.71442386130159, stress: 0.007702990541302527, 
2026-09-21 13:16:44.738 DEBUG: loss breakdown: energy_per_atom: 0.7181529157467524, forces: 14.592682967586734, stress: 0.0005173072470185867, 
2026-09-21 13:16:44.883 DEBUG: loss breakdown: energy_per_atom: 2.306314139805259, forces: 40.22814308451457, stress: 0.0008883910803492062, 
2026-09-21 13:16:45.023 DEBUG: loss breakdown: energy_per_atom: 1.294127356897556, forces: 43.3858423197035, stress: 0.0007294389304027053, 
2026-09-21 13:16:45.176 DEBUG: loss breakdown: energy_per_atom: 0.38335174668393435, forces: 39.781920783457295, stress: 0.0006425520634034377, 
2026-09-21 13:16:45.337 DEBUG: loss breakdown: energy_per_atom: 0.5609300539108908, forces: 34.62643643314927, stress: 0.001050105619458405, 
2026-09-21 13:16:45.483 DEBUG: loss breakdown: energy_per_atom: 0.47107841859206123, forces: 46.72161626085165, stress: 0.0015941333806102527, 
2026-09-21 13:16:45.625 DEBUG: loss breakdown: energy_per_atom: 0.665199518787265, forces: 16.7191334190394, stress: 0.0009203239844063646, 
2026-09-21 13:16:45.790 DEBUG: loss breakdown: energy_per_atom: 0.5158857463225681, forces: 31.36522683981493, stress: 0.0007855192734618052, 
2026-09-21 13:16:45.945 DEBUG: loss breakdown: energy_per_atom: 0.5789773298859029, forces: 104.18551031912979, stress: 0.008485179559124026, 
2026-09-21 13:16:46.083 DEBUG: loss breakdown: energy_per_atom: 0.3149819412180048, forces: 53.70818811864871, stress: 0.0008943081336289286, 
2026-09-21 13:16:46.220 DEBUG: loss breakdown: energy_per_atom: 0.8674839199350612, forces: 15.160952513127299, stress: 0.0008888369642737965, 
2026-09-21 13:16:46.359 DEBUG: loss breakdown: energy_per_atom: 0.7276484908520788, forces: 9.72011411319415, stress: 0.0007944206708917959, 
2026-09-21 13:16:46.515 DEBUG: loss breakdown: energy_per_atom: 0.31591728046582324, forces: 38.74768778329648, stress: 0.000980511790661084, 
2026-09-21 13:16:46.664 DEBUG: loss breakdown: energy_per_atom: 0.44017162866088655, forces: 17.34955842369505, stress: 0.001168329101981694, 
2026-09-21 13:16:46.810 DEBUG: loss breakdown: energy_per_atom: 0.6488516418861978, forces: 17.420519767312662, stress: 0.007531180756457403, 
2026-09-21 13:16:46.944 DEBUG: loss breakdown: energy_per_atom: 1.1144286740785834, forces: 18.364654572337184, stress: 0.0007426492508195501, 
2026-09-21 13:16:47.068 DEBUG: loss breakdown: energy_per_atom: 0.6285162737135418, forces: 22.47061745667247, stress: 0.0010976761626181302, 
2026-09-21 13:16:47.213 DEBUG: loss breakdown: energy_per_atom: 2.4283409518271775, forces: 227.1819418586495, stress: 0.0004731083085963235, 
2026-09-21 13:16:47.353 DEBUG: loss breakdown: energy_per_atom: 8.23066248145487, forces: 59.854763123451036, stress: 0.0006087411932023958, 
2026-09-21 13:16:47.486 DEBUG: loss breakdown: energy_per_atom: 0.6000110983382382, forces: 32.40745508624811, stress: 0.00583846097968201, 
2026-09-21 13:16:47.646 DEBUG: loss breakdown: energy_per_atom: 1.1889217539556307, forces: 31.809594253036018, stress: 0.0005900879329512241, 
2026-09-21 13:16:47.782 DEBUG: loss breakdown: energy_per_atom: 1.8920240923041838, forces: 37.58278886456068, stress: 0.0008442053764584963, 
2026-09-21 13:16:47.925 DEBUG: loss breakdown: energy_per_atom: 0.711543651780383, forces: 11.205290670795122, stress: 0.008664103736501885, 
2026-09-21 13:16:48.061 DEBUG: loss breakdown: energy_per_atom: 1.5113331415042024, forces: 33.615610320742185, stress: 0.0003385516663831299, 
2026-09-21 13:16:48.202 DEBUG: loss breakdown: energy_per_atom: 1.0516072338984768, forces: 12.833844111332294, stress: 0.0009540586244205268, 
2026-09-21 13:16:48.328 DEBUG: loss breakdown: energy_per_atom: 6.148518661698146, forces: 43.78730877473832, stress: 0.0010858137268208844, 
2026-09-21 13:16:48.480 DEBUG: loss breakdown: energy_per_atom: 3.3070832478718417, forces: 20.192638567713438, stress: 0.0009415726993217183, 
2026-09-21 13:16:48.637 DEBUG: loss breakdown: energy_per_atom: 0.7544795133644138, forces: 28.333598172661773, stress: 0.0011014874963620272, 
2026-09-21 13:16:48.799 DEBUG: loss breakdown: energy_per_atom: 7.233918815114798, forces: 37.1670408002269, stress: 0.0008398610739989437, 
2026-09-21 13:16:48.954 DEBUG: loss breakdown: energy_per_atom: 8.488781962250304, forces: 17.916850393012094, stress: 0.0005986956665632581, 
2026-09-21 13:16:49.089 DEBUG: loss breakdown: energy_per_atom: 1.2629431231448867, forces: 17.22701807962642, stress: 0.0007449025365828546, 
2026-09-21 13:16:49.238 DEBUG: loss breakdown: energy_per_atom: 3.0791185379879407, forces: 62.817731447060574, stress: 0.006514172243068491, 
2026-09-21 13:16:49.408 DEBUG: loss breakdown: energy_per_atom: 2.0799828346622986, forces: 43.81681137005541, stress: 0.0011160910886831056, 
2026-09-21 13:16:49.564 DEBUG: loss breakdown: energy_per_atom: 0.6268619571612917, forces: 37.86879069726991, stress: 0.0008145806332659199, 
2026-09-21 13:16:49.705 DEBUG: loss breakdown: energy_per_atom: 8.673598103217204, forces: 7.891679581835183, stress: 0.00042917248564399026, 
2026-09-21 13:16:49.850 DEBUG: loss breakdown: energy_per_atom: 0.8688534207652164, forces: 32.66780627613787, stress: 0.0005880747794706016, 
2026-09-21 13:16:50.001 DEBUG: loss breakdown: energy_per_atom: 0.7046382670847201, forces: 10.222767595617107, stress: 0.0006567192220820294, 
2026-09-21 13:16:50.133 DEBUG: loss breakdown: energy_per_atom: 0.3850958017101367, forces: 13.303384118828946, stress: 0.009109954349151468, 
2026-09-21 13:16:50.285 DEBUG: loss breakdown: energy_per_atom: 0.6699324381997659, forces: 33.19208293092045, stress: 0.009778032962747945, 
2026-09-21 13:16:50.434 DEBUG: loss breakdown: energy_per_atom: 0.6573715503794308, forces: 36.60630662857816, stress: 0.0004654497630613112, 
2026-09-21 13:16:50.590 DEBUG: loss breakdown: energy_per_atom: 0.949083836864306, forces: 38.081149216921744, stress: 0.0008245338802604081, 
2026-09-21 13:16:50.749 DEBUG: loss breakdown: energy_per_atom: 0.2597878799993033, forces: 21.686165776854637, stress: 0.0015862381724025042, 
2026-09-21 13:16:50.899 DEBUG: loss breakdown: energy_per_atom: 0.7533771529796298, forces: 23.63504610171354, stress: 0.0015777531066245023, 
2026-09-21 13:16:51.047 DEBUG: loss breakdown: energy_per_atom: 0.18928569334826603, forces: 36.89711127636358, stress: 0.0006422502290100311, 
2026-09-21 13:16:51.183 DEBUG: loss breakdown: energy_per_atom: 0.5442599340554205, forces: 33.72639927664199, stress: 0.0005909188332383331, 
2026-09-21 13:16:51.332 DEBUG: loss breakdown: energy_per_atom: 5.967513344444908, forces: 15.875864392764633, stress: 0.0008059305563074882, 
2026-09-21 13:16:51.486 DEBUG: loss breakdown: energy_per_atom: 1.4392309318734737, forces: 17.309225557283217, stress: 0.0011824779593569994, 
2026-09-21 13:16:51.632 DEBUG: loss breakdown: energy_per_atom: 1.915961803250609, forces: 8.445160025234056, stress: 0.0007404407794809188, 
2026-09-21 13:16:51.792 DEBUG: loss breakdown: energy_per_atom: 1.065378808231395, forces: 25.64293439229848, stress: 0.0008247945868914031, 
2026-09-21 13:16:51.930 DEBUG: loss breakdown: energy_per_atom: 0.33317619677482707, forces: 10.505209095401687, stress: 0.0007420120158326154, 
2026-09-21 13:16:52.061 DEBUG: loss breakdown: energy_per_atom: 1.7970373022560735, forces: 26.510619725955692, stress: 0.0007203876256904731, 
2026-09-21 13:16:52.195 DEBUG: loss breakdown: energy_per_atom: 0.7659142273290841, forces: 117.09851712938266, stress: 0.014439428145684148, 
2026-09-21 13:16:52.329 DEBUG: loss breakdown: energy_per_atom: 16.29509318207262, forces: 11.893157363867779, stress: 0.00048793048150962473, 
2026-09-21 13:16:52.478 DEBUG: loss breakdown: energy_per_atom: 5.518447454531849, forces: 14.917133505568488, stress: 0.0007621564167780517, 
2026-09-21 13:16:52.623 DEBUG: loss breakdown: energy_per_atom: 0.8271335360458473, forces: 39.42139683540809, stress: 0.0019947066177311242, 
2026-09-21 13:16:52.773 DEBUG: loss breakdown: energy_per_atom: 2.2619653244800477, forces: 31.28611537492193, stress: 0.0010548627995239208, 
2026-09-21 13:16:52.918 DEBUG: loss breakdown: energy_per_atom: 2.6813815237748, forces: 45.317596914061866, stress: 0.0014966539355239306, 
2026-09-21 13:16:53.061 DEBUG: loss breakdown: energy_per_atom: 0.4923342988436028, forces: 29.20813361324405, stress: 0.002399236459238797, 
2026-09-21 13:16:53.210 DEBUG: loss breakdown: energy_per_atom: 0.9095581300618014, forces: 13.664698500918457, stress: 0.012754462460796373, 
2026-09-21 13:16:53.343 DEBUG: loss breakdown: energy_per_atom: 7.3067711167344225, forces: 16.030121871715124, stress: 0.011213018037336058, 
2026-09-21 13:16:53.473 DEBUG: loss breakdown: energy_per_atom: 1.492751605161854, forces: 19.866230032731387, stress: 0.0009651727201184777, 
2026-09-21 13:16:53.607 DEBUG: loss breakdown: energy_per_atom: 2.205430850621234, forces: 51.645441184651645, stress: 0.0008823402507312588, 
2026-09-21 13:16:53.761 DEBUG: loss breakdown: energy_per_atom: 1.3140075632573875, forces: 27.80175270783691, stress: 0.00045867354764016964, 
2026-09-21 13:16:53.917 DEBUG: loss breakdown: energy_per_atom: 0.6244377635222375, forces: 35.27656221162933, stress: 0.00547565633845787, 
2026-09-21 13:16:54.046 DEBUG: loss breakdown: energy_per_atom: 10.308519106714623, forces: 24.06843085641361, stress: 0.020823273136648578, 
2026-09-21 13:16:54.177 DEBUG: loss breakdown: energy_per_atom: 2.4565058310738634, forces: 40.60758931150637, stress: 0.0014287189665817491, 
2026-09-21 13:16:54.321 DEBUG: loss breakdown: energy_per_atom: 5.100299637351842, forces: 20.722748004736076, stress: 0.0010581582175841668, 
2026-09-21 13:16:54.440 DEBUG: loss breakdown: energy_per_atom: 1.356582680832981, forces: 23.645511618407546, stress: 0.0021539514553985148, 
2026-09-21 13:16:54.585 DEBUG: loss breakdown: energy_per_atom: 0.27766643183628825, forces: 10.051000175757446, stress: 0.0017930351181113446, 
2026-09-21 13:16:54.718 DEBUG: loss breakdown: energy_per_atom: 0.5563727495492761, forces: 13.155304983264696, stress: 0.0019034146645586592, 
2026-09-21 13:16:54.847 DEBUG: loss breakdown: energy_per_atom: 0.5827529579344165, forces: 37.58202068277622, stress: 0.0006751031298252658, 
2026-09-21 13:16:54.988 DEBUG: loss breakdown: energy_per_atom: 0.659393726323176, forces: 37.0686020883631, stress: 0.013119079505688004, 
2026-09-21 13:16:55.131 DEBUG: loss breakdown: energy_per_atom: 1.0529203123652637, forces: 16.33165144833425, stress: 0.0006371494553577787, 
2026-09-21 13:16:55.268 DEBUG: loss breakdown: energy_per_atom: 0.4995846981063975, forces: 29.871626772668154, stress: 0.0013674987814998327, 
2026-09-21 13:16:55.420 DEBUG: loss breakdown: energy_per_atom: 0.6983999277735526, forces: 25.684607279821957, stress: 0.0005195595541876869, 
2026-09-21 13:16:55.563 DEBUG: loss breakdown: energy_per_atom: 2.8058587932264887, forces: 11.597593610801928, stress: 0.0008534115798100453, 
2026-09-21 13:16:55.700 DEBUG: loss breakdown: energy_per_atom: 100.91491651660544, forces: 21.66280639230787, stress: 0.002814113602549149, 
2026-09-21 13:16:55.851 DEBUG: loss breakdown: energy_per_atom: 0.6780616419362775, forces: 11.62938366921855, stress: 0.000947971473788761, 
2026-09-21 13:16:55.999 DEBUG: loss breakdown: energy_per_atom: 0.9733498016507782, forces: 18.601721207219395, stress: 0.00048326156394074525, 
2026-09-21 13:16:56.146 DEBUG: loss breakdown: energy_per_atom: 1.4197253546968263, forces: 14.224083923195701, stress: 0.016159247910447372, 
2026-09-21 13:16:56.278 DEBUG: loss breakdown: energy_per_atom: 24.44669216487138, forces: 6.478761668287985, stress: 0.0003974245039878531, 
2026-09-21 13:16:56.412 DEBUG: loss breakdown: energy_per_atom: 25.213591005738454, forces: 14.555100888756742, stress: 0.0009255489939400196, 
2026-09-21 13:16:56.550 DEBUG: loss breakdown: energy_per_atom: 2.3491604162936794, forces: 27.552483478069938, stress: 0.011107300564733325, 
2026-09-21 13:16:56.704 DEBUG: loss breakdown: energy_per_atom: 22.213614153865645, forces: 20.147889700886324, stress: 0.0004795961506656192, 
2026-09-21 13:16:56.861 DEBUG: loss breakdown: energy_per_atom: 1.4048254835174483, forces: 34.18201268485696, stress: 0.000851681621481308, 
2026-09-21 13:16:57.005 DEBUG: loss breakdown: energy_per_atom: 0.7917615472067958, forces: 51.40175648881645, stress: 0.0004897283526836405, 
2026-09-21 13:16:57.140 DEBUG: loss breakdown: energy_per_atom: 0.9704884472245905, forces: 66.08588560496229, stress: 0.0007211605992169474, 
2026-09-21 13:16:57.292 DEBUG: loss breakdown: energy_per_atom: 0.6269442591556823, forces: 12.910118858972558, stress: 0.0005207323124940227, 
2026-09-21 13:16:57.442 DEBUG: loss breakdown: energy_per_atom: 3.6119225856887924, forces: 24.638969749887842, stress: 0.01170059990919398, 
2026-09-21 13:16:57.576 DEBUG: loss breakdown: energy_per_atom: 1.5004964435924404, forces: 21.654186200736607, stress: 0.00048310819800773157, 
2026-09-21 13:16:57.717 DEBUG: loss breakdown: energy_per_atom: 6.331691664970554, forces: 16.19299887378652, stress: 0.001712295197110974, 
2026-09-21 13:16:57.842 DEBUG: loss breakdown: energy_per_atom: 1.8706729298743792, forces: 28.92292010036122, stress: 0.001609763365634837, 
2026-09-21 13:16:57.970 DEBUG: loss breakdown: energy_per_atom: 1.1112414508299198, forces: 36.96380838119683, stress: 0.0005643769870955119, 
2026-09-21 13:16:58.109 DEBUG: loss breakdown: energy_per_atom: 6.523685155753219, forces: 10.85543017117579, stress: 0.0009315620716320553, 
2026-09-21 13:16:58.256 DEBUG: loss breakdown: energy_per_atom: 0.8475941217924342, forces: 2453.4959965557982, stress: 0.004038556184620592, 
2026-09-21 13:16:58.383 DEBUG: loss breakdown: energy_per_atom: 0.9445346658031313, forces: 28.10088790105287, stress: 0.0007659860347433349, 
2026-09-21 13:16:58.521 DEBUG: loss breakdown: energy_per_atom: 0.49073918646421255, forces: 35.85342294491198, stress: 0.027269329542388882, 
2026-09-21 13:16:58.643 DEBUG: loss breakdown: energy_per_atom: 0.4075471871546304, forces: 25.331256494580874, stress: 0.00043412871680252114, 
2026-09-21 13:16:58.771 DEBUG: loss breakdown: energy_per_atom: 0.24270248171086753, forces: 26.586745548068556, stress: 0.0011644624255102048, 
2026-09-21 13:16:58.908 DEBUG: loss breakdown: energy_per_atom: 2.6721700637747143, forces: 15.112471107187314, stress: 0.003644455505078028, 
2026-09-21 13:16:59.046 DEBUG: loss breakdown: energy_per_atom: 0.5010243066470094, forces: 28.295182932171524, stress: 0.0009288472482778495, 
2026-09-21 13:16:59.180 DEBUG: loss breakdown: energy_per_atom: 88.07543704533651, forces: 16.84174793323286, stress: 0.001255888648746629, 
2026-09-21 13:16:59.323 DEBUG: loss breakdown: energy_per_atom: 6.746325380340971, forces: 13.108147116898408, stress: 0.007831663449192663, 
2026-09-21 13:16:59.463 DEBUG: loss breakdown: energy_per_atom: 0.33733822891191284, forces: 19.501173107533642, stress: 0.0009293684154965123, 
2026-09-21 13:16:59.612 DEBUG: loss breakdown: energy_per_atom: 0.6462723507528292, forces: 1295.116738767361, stress: 0.0009936339985674282, 
2026-09-21 13:16:59.747 DEBUG: loss breakdown: energy_per_atom: 0.430943182764188, forces: 18.977310741475026, stress: 0.0008441762909403474, 
2026-09-21 13:16:59.875 DEBUG: loss breakdown: energy_per_atom: 7.124682000341119, forces: 22.457347297983663, stress: 0.0011773610730534832, 
2026-09-21 13:17:00.016 DEBUG: loss breakdown: energy_per_atom: 9.709168742235732, forces: 23.808932326486435, stress: 0.0010537673120335103, 
2026-09-21 13:17:00.158 DEBUG: loss breakdown: energy_per_atom: 9.51020381497638, forces: 24.86529693133396, stress: 0.011333800563502314, 
2026-09-21 13:17:00.318 DEBUG: loss breakdown: energy_per_atom: 0.3487548330793707, forces: 33.90469059770182, stress: 0.0012338531401103459, 
2026-09-21 13:17:00.488 DEBUG: loss breakdown: energy_per_atom: 0.5982122550747899, forces: 14.271307739454805, stress: 0.0008679479038196812, 
2026-09-21 13:17:00.620 DEBUG: loss breakdown: energy_per_atom: 0.9118175825695004, forces: 50.77310031377462, stress: 0.0012150892174230018, 
2026-09-21 13:17:00.760 DEBUG: loss breakdown: energy_per_atom: 1.9005098962068114, forces: 66.11682876407707, stress: 0.0005647399850429137, 
2026-09-21 13:17:00.904 DEBUG: loss breakdown: energy_per_atom: 0.9954284345765735, forces: 28.644361434715353, stress: 0.000365318737708507, 
2026-09-21 13:17:01.042 DEBUG: loss breakdown: energy_per_atom: 0.3440448097621967, forces: 30.729806637211816, stress: 0.005561843668211253, 
2026-09-21 13:17:01.166 DEBUG: loss breakdown: energy_per_atom: 0.39953076831835965, forces: 31.38702141415909, stress: 0.0005938728365386011, 
2026-09-21 13:17:01.302 DEBUG: loss breakdown: energy_per_atom: 0.5331809487941706, forces: 11.518269195249806, stress: 0.0009101171555258602, 
2026-09-21 13:17:01.451 DEBUG: loss breakdown: energy_per_atom: 0.1822920997292855, forces: 10.000053233757008, stress: 0.00066236991992233, 
2026-09-21 13:17:01.608 DEBUG: loss breakdown: energy_per_atom: 0.47864762086747376, forces: 31.395941979476333, stress: 0.00043594576356508364, 
2026-09-21 13:17:01.771 DEBUG: loss breakdown: energy_per_atom: 2.194465212764461, forces: 60.141900478668475, stress: 0.006726864521361248, 
2026-09-21 13:17:01.912 DEBUG: loss breakdown: energy_per_atom: 0.2853102275688184, forces: 27.962533253425597, stress: 0.0005795328689495583, 
2026-09-21 13:17:02.053 DEBUG: loss breakdown: energy_per_atom: 0.44890267431469755, forces: 10.076643469483372, stress: 0.0009796065414870332, 
2026-09-21 13:17:02.192 DEBUG: loss breakdown: energy_per_atom: 9.545831514576328, forces: 24.495121559560328, stress: 0.002326136370721, 
2026-09-21 13:17:02.324 DEBUG: loss breakdown: energy_per_atom: 0.35358113054521867, forces: 73.30447874845893, stress: 0.0009844039526325536, 
2026-09-21 13:17:02.455 DEBUG: loss breakdown: energy_per_atom: 1.6265301642619576, forces: 25.430097107536433, stress: 0.001159276776015507, 
2026-09-21 13:17:02.588 DEBUG: loss breakdown: energy_per_atom: 0.3640299876366043, forces: 14.102109255026123, stress: 0.0014679656250274908, 
2026-09-21 13:17:02.735 DEBUG: loss breakdown: energy_per_atom: 21.033989526947856, forces: 59.036247474800405, stress: 0.012325431801486531, 
2026-09-21 13:17:02.879 DEBUG: loss breakdown: energy_per_atom: 1.3047999756086062, forces: 26.98469968743924, stress: 0.014728462447912824, 
2026-09-21 13:17:03.025 DEBUG: loss breakdown: energy_per_atom: 0.7997877399583775, forces: 25.67370944164032, stress: 0.0015846135237429413, 
2026-09-21 13:17:03.152 DEBUG: loss breakdown: energy_per_atom: 0.7244074866066337, forces: 44.669820916386875, stress: 0.0008161157980882849, 
2026-09-21 13:17:03.293 DEBUG: loss breakdown: energy_per_atom: 0.6718044490450962, forces: 750.2340357330146, stress: 0.0016230142339089075, 
2026-09-21 13:17:03.435 DEBUG: loss breakdown: energy_per_atom: 0.3986713863070559, forces: 23.666931612626072, stress: 0.0012389601009911984, 
2026-09-21 13:17:03.585 DEBUG: loss breakdown: energy_per_atom: 0.425354992429954, forces: 16.349199011578264, stress: 0.0009266754746323479, 
2026-09-21 13:17:03.730 DEBUG: loss breakdown: energy_per_atom: 1.4150577917997291, forces: 18.30049052660287, stress: 0.002131669609598201, 
2026-09-21 13:17:03.885 DEBUG: loss breakdown: energy_per_atom: 5.837177800480408, forces: 18.484205714300117, stress: 0.0009129674793088482, 
2026-09-21 13:17:04.037 DEBUG: loss breakdown: energy_per_atom: 0.3624934951638712, forces: 23.03906555261023, stress: 0.0031844445842773, 
2026-09-21 13:17:04.172 DEBUG: loss breakdown: energy_per_atom: 1.6182668272784588, forces: 27.759177069510947, stress: 0.0004490312744422542, 
2026-09-21 13:17:04.300 DEBUG: loss breakdown: energy_per_atom: 1.9057652068672781, forces: 18.64180940976344, stress: 0.015191986473604362, 
2026-09-21 13:17:04.446 DEBUG: loss breakdown: energy_per_atom: 0.8599554827081286, forces: 53.66590537985883, stress: 0.0069370055322157615, 
2026-09-21 13:17:04.590 DEBUG: loss breakdown: energy_per_atom: 0.6786207897560028, forces: 16.278672168990354, stress: 0.0005155282830143225, 
2026-09-21 13:17:04.720 DEBUG: loss breakdown: energy_per_atom: 0.3006960527454626, forces: 14.971306262286785, stress: 0.0009704590047374675, 
2026-09-21 13:17:04.852 DEBUG: loss breakdown: energy_per_atom: 2.459668110759408, forces: 14.261571953998947, stress: 0.0010038496274495747, 
2026-09-21 13:17:04.991 DEBUG: loss breakdown: energy_per_atom: 0.32942895917439274, forces: 31.700070746094568, stress: 0.0009707031816636252, 
2026-09-21 13:17:05.149 DEBUG: loss breakdown: energy_per_atom: 1.3184541950726056, forces: 34.35778183219606, stress: 0.0009404085230071688, 
2026-09-21 13:17:05.293 DEBUG: loss breakdown: energy_per_atom: 1.2268820336524104, forces: 42.58841878727591, stress: 0.0005897280875999651, 
2026-09-21 13:17:05.442 DEBUG: loss breakdown: energy_per_atom: 0.6026158116195375, forces: 21.281500071411813, stress: 0.000975034779990227, 
2026-09-21 13:17:05.571 DEBUG: loss breakdown: energy_per_atom: 2.337568428421925, forces: 15.020475091726581, stress: 0.0005888838753992769, 
2026-09-21 13:17:05.706 DEBUG: loss breakdown: energy_per_atom: 6.03268282952621, forces: 8.670402600363996, stress: 0.0010396236225987262, 
2026-09-21 13:17:05.839 DEBUG: loss breakdown: energy_per_atom: 2.734665802797264, forces: 29.82092689984666, stress: 0.0013187693937697096, 
2026-09-21 13:17:05.982 DEBUG: loss breakdown: energy_per_atom: 0.44804243304517927, forces: 26.207878569663713, stress: 0.0019949780701751193, 
2026-09-21 13:17:06.136 DEBUG: loss breakdown: energy_per_atom: 12.064330961395447, forces: 33.1637217794204, stress: 0.0010113661453500227, 
2026-09-21 13:17:06.272 DEBUG: loss breakdown: energy_per_atom: 0.6220932773856845, forces: 19.214508285046954, stress: 0.0005972687526131705, 
2026-09-21 13:17:06.411 DEBUG: loss breakdown: energy_per_atom: 0.7501304044633192, forces: 36.04094469038826, stress: 0.0007441057570080992, 
2026-09-21 13:17:06.558 DEBUG: loss breakdown: energy_per_atom: 0.6935264789432154, forces: 30.247472413406758, stress: 0.0013947442078737107, 
2026-09-21 13:17:06.703 DEBUG: loss breakdown: energy_per_atom: 3.1410139376974184, forces: 24.080574527803456, stress: 0.0006760539478848557, 
2026-09-21 13:17:06.851 DEBUG: loss breakdown: energy_per_atom: 30.844733317307863, forces: 28.85323106653613, stress: 0.0005117219817151796, 
2026-09-21 13:17:06.982 DEBUG: loss breakdown: energy_per_atom: 0.45778801939552305, forces: 26.28167847506186, stress: 0.000953297553658483, 
2026-09-21 13:17:07.138 DEBUG: loss breakdown: energy_per_atom: 0.550402624311781, forces: 28.83806979496245, stress: 0.0016090785996860477, 
2026-09-21 13:17:07.298 DEBUG: loss breakdown: energy_per_atom: 0.32752337857659264, forces: 30.505448616961097, stress: 0.0007115615050459212, 
2026-09-21 13:17:07.432 DEBUG: loss breakdown: energy_per_atom: 27.343421888719405, forces: 18.752505544197607, stress: 0.0019637706470236743, 
2026-09-21 13:17:07.559 DEBUG: loss breakdown: energy_per_atom: 0.38305279806834275, forces: 25.846586411459647, stress: 0.000601661724072577, 
2026-09-21 13:17:07.693 DEBUG: loss breakdown: energy_per_atom: 0.8555568510938965, forces: 11.67793382985749, stress: 0.0004325481442766822, 
2026-09-21 13:17:07.829 DEBUG: loss breakdown: energy_per_atom: 10.793801092324312, forces: 34.959915005626335, stress: 0.000808395344076971, 
2026-09-21 13:17:07.969 DEBUG: loss breakdown: energy_per_atom: 28.004799793755463, forces: 31.10825965154505, stress: 0.0012328698343497982, 
2026-09-21 13:17:08.107 DEBUG: loss breakdown: energy_per_atom: 0.3227005037747273, forces: 19.345369138877572, stress: 0.0013157216051700258, 
2026-09-21 13:17:08.256 DEBUG: loss breakdown: energy_per_atom: 1.0306488914582022, forces: 36.81133810983014, stress: 0.00046605289049583164, 
2026-09-21 13:17:08.418 DEBUG: loss breakdown: energy_per_atom: 1.1288615183234896, forces: 34.48568781421286, stress: 0.0006681431796278313, 
2026-09-21 13:17:08.566 DEBUG: loss breakdown: energy_per_atom: 0.5460882682504167, forces: 49.725156472846315, stress: 0.0009126294425660279, 
2026-09-21 13:17:08.701 DEBUG: loss breakdown: energy_per_atom: 6.603478949838574, forces: 12.335481041851857, stress: 0.0006131411061019576, 
2026-09-21 13:17:08.844 DEBUG: loss breakdown: energy_per_atom: 9.805032399633488, forces: 24.811260200256964, stress: 0.000577015543228383, 
2026-09-21 13:17:08.988 DEBUG: loss breakdown: energy_per_atom: 0.5492286150538799, forces: 15.166703331362916, stress: 0.0005895881763303224, 
2026-09-21 13:17:09.137 DEBUG: loss breakdown: energy_per_atom: 0.4422057163446918, forces: 33.47809102123821, stress: 0.0010658608812467835, 
2026-09-21 13:17:09.274 DEBUG: loss breakdown: energy_per_atom: 0.33682585078302985, forces: 33.518244654046875, stress: 0.000862416612807543, 
2026-09-21 13:17:09.416 DEBUG: loss breakdown: energy_per_atom: 2.718101764676539, forces: 26.795091095969497, stress: 0.0006450057257057597, 
2026-09-21 13:17:09.553 DEBUG: loss breakdown: energy_per_atom: 0.834236166713304, forces: 11.831365141783051, stress: 0.0007537597581330503, 
2026-09-21 13:17:09.700 DEBUG: loss breakdown: energy_per_atom: 0.18340406242287233, forces: 33.01603460501699, stress: 0.0008325461831808282, 
2026-09-21 13:17:09.860 DEBUG: loss breakdown: energy_per_atom: 1.2858816464861387, forces: 24.50605462260354, stress: 0.0011498648533555399, 
2026-09-21 13:17:10.008 DEBUG: loss breakdown: energy_per_atom: 4.082276067080355, forces: 16.24060745446725, stress: 0.0005559708054605845, 
2026-09-21 13:17:10.149 DEBUG: loss breakdown: energy_per_atom: 1.5574780714211225, forces: 80.96789306471133, stress: 0.0010177719466366334, 
2026-09-21 13:17:10.282 DEBUG: loss breakdown: energy_per_atom: 0.6970024060031883, forces: 98.12408624593549, stress: 0.016364367998551684, 
2026-09-21 13:17:10.421 DEBUG: loss breakdown: energy_per_atom: 0.8387719848242614, forces: 19.577960526007857, stress: 0.0014266296942679329, 
2026-09-21 13:17:10.564 DEBUG: loss breakdown: energy_per_atom: 0.20842760098490143, forces: 20.46090770170465, stress: 0.0012698874539645386, 
2026-09-21 13:17:10.719 DEBUG: loss breakdown: energy_per_atom: 0.5266007241651962, forces: 7.684520147296035, stress: 0.006816471194178266, 
2026-09-21 13:17:10.887 DEBUG: loss breakdown: energy_per_atom: 1.3056615684585817, forces: 12.535551752573202, stress: 0.0007004889706146724, 
2026-09-21 13:17:11.025 DEBUG: loss breakdown: energy_per_atom: 99.13751442114396, forces: 20.113838231120234, stress: 0.0007475330357230046, 
2026-09-21 13:17:11.153 DEBUG: loss breakdown: energy_per_atom: 1.3779024797860182, forces: 19.5308787273961, stress: 0.0006412896253397168, 
2026-09-21 13:17:11.292 DEBUG: loss breakdown: energy_per_atom: 0.7706483529310568, forces: 83.34491627341019, stress: 0.00766188916501875, 
2026-09-21 13:17:11.434 DEBUG: loss breakdown: energy_per_atom: 13.055033725276674, forces: 10.313512422625916, stress: 0.0007978468384082871, 
2026-09-21 13:17:11.577 DEBUG: loss breakdown: energy_per_atom: 0.2558352247480941, forces: 21.681119313927137, stress: 0.0013090478297077474, 
2026-09-21 13:17:11.725 DEBUG: loss breakdown: energy_per_atom: 0.668366933858416, forces: 19.042980967051257, stress: 0.0018342880372504465, 
2026-09-21 13:17:11.875 DEBUG: loss breakdown: energy_per_atom: 54.88360826860331, forces: 8.07965642740591, stress: 0.0006834930354752596, 
2026-09-21 13:17:12.047 DEBUG: loss breakdown: energy_per_atom: 0.5759228737659066, forces: 12.685592163505211, stress: 0.001861615150989983, 
2026-09-21 13:17:12.201 DEBUG: loss breakdown: energy_per_atom: 0.49047884907392547, forces: 14.611944100246092, stress: 0.0005563674158826955, 
2026-09-21 13:17:12.352 DEBUG: loss breakdown: energy_per_atom: 9.937000240180836, forces: 15.302840725331862, stress: 0.0019398758528066608, 
2026-09-21 13:17:12.503 DEBUG: loss breakdown: energy_per_atom: 1.1901107686399275, forces: 16.258162309653855, stress: 0.0008241807630683573, 
2026-09-21 13:17:12.642 DEBUG: loss breakdown: energy_per_atom: 1.0271379111553378, forces: 11.203658175550931, stress: 0.0008729056771929836, 
2026-09-21 13:17:12.776 DEBUG: loss breakdown: energy_per_atom: 1.0551918440713655, forces: 26.8074146507291, stress: 0.0009591292273154311, 
2026-09-21 13:17:12.917 DEBUG: loss breakdown: energy_per_atom: 0.9309993494137246, forces: 90.39741178724728, stress: 0.007093489171021338, 
2026-09-21 13:17:13.059 DEBUG: loss breakdown: energy_per_atom: 0.49836373293833486, forces: 13.960105349994562, stress: 0.0006211680499718913, 
2026-09-21 13:17:13.208 DEBUG: loss breakdown: energy_per_atom: 0.7826815251822881, forces: 24.78728749521089, stress: 0.01105504764456214, 
2026-09-21 13:17:13.350 DEBUG: loss breakdown: energy_per_atom: 5.844446991751713, forces: 7.3315960164684055, stress: 0.0006498784413118931, 
2026-09-21 13:17:13.479 DEBUG: loss breakdown: energy_per_atom: 17.335387457640447, forces: 29.174655607028406, stress: 0.0004884210877884817, 
2026-09-21 13:17:13.619 DEBUG: loss breakdown: energy_per_atom: 11.08467276320553, forces: 17.269838457168348, stress: 0.0005162485661175875, 
2026-09-21 13:17:13.747 DEBUG: loss breakdown: energy_per_atom: 2.375961644722839, forces: 12.06656264449737, stress: 0.0005525233909677556, 
2026-09-21 13:17:13.873 DEBUG: loss breakdown: energy_per_atom: 0.6587095827570765, forces: 6.878776869765431, stress: 0.0008276762407354895, 
2026-09-21 13:17:14.013 DEBUG: loss breakdown: energy_per_atom: 0.5928944141818238, forces: 23.30622812050597, stress: 0.000709931598471688, 
2026-09-21 13:17:14.154 DEBUG: loss breakdown: energy_per_atom: 0.29967532516572404, forces: 21.188759272000304, stress: 0.0009608672535420522, 
2026-09-21 13:17:14.309 DEBUG: loss breakdown: energy_per_atom: 0.3280108501990787, forces: 21.21639047265735, stress: 0.00038984768537282633, 
2026-09-21 13:17:14.471 DEBUG: loss breakdown: energy_per_atom: 11.660083334934647, forces: 12.940472876790063, stress: 0.012474281008948708, 
2026-09-21 13:17:14.614 DEBUG: loss breakdown: energy_per_atom: 0.19074210682975995, forces: 8.35987690072053, stress: 0.0009804032846925503, 
2026-09-21 13:17:14.769 DEBUG: loss breakdown: energy_per_atom: 2.1842178039992075, forces: 20.40311117640225, stress: 0.0016867120770124142, 
2026-09-21 13:17:14.902 DEBUG: loss breakdown: energy_per_atom: 80.39019760348772, forces: 14.020477926195712, stress: 0.0008466074618580032, 
2026-09-21 13:17:15.041 DEBUG: loss breakdown: energy_per_atom: 2.520022318172692, forces: 15.74857383303927, stress: 0.011469040019032945, 
2026-09-21 13:17:15.190 DEBUG: loss breakdown: energy_per_atom: 1.1353596084583253, forces: 17.322596076895117, stress: 0.0004994510062266903, 
2026-09-21 13:17:15.329 DEBUG: loss breakdown: energy_per_atom: 4.39949469827273, forces: 16.107120628832263, stress: 0.0011285744808179543, 
2026-09-21 13:17:15.465 DEBUG: loss breakdown: energy_per_atom: 0.29742193595198085, forces: 18.49238694060281, stress: 0.0007439206841973164, 
2026-09-21 13:17:15.604 DEBUG: loss breakdown: energy_per_atom: 9.40014945342406, forces: 28.042229868252615, stress: 0.0007853550632685468, 
2026-09-21 13:17:15.745 DEBUG: loss breakdown: energy_per_atom: 1.2252076551473088, forces: 32.2815009228832, stress: 0.0012620490332643883, 
2026-09-21 13:17:15.876 DEBUG: loss breakdown: energy_per_atom: 0.6921679177694912, forces: 33.072011842567434, stress: 0.0006044926212289476, 
2026-09-21 13:17:16.007 DEBUG: loss breakdown: energy_per_atom: 0.41817979068982797, forces: 10.175971873861094, stress: 0.0013419010315987852, 
2026-09-21 13:17:16.143 DEBUG: loss breakdown: energy_per_atom: 0.4354703159081572, forces: 10.474922394897348, stress: 0.000585102345387342, 
2026-09-21 13:17:16.288 DEBUG: loss breakdown: energy_per_atom: 0.6394437019875179, forces: 14.962098443832621, stress: 0.0011477901913645712, 
2026-09-21 13:17:16.426 DEBUG: loss breakdown: energy_per_atom: 0.7333469476986408, forces: 14.131752281001168, stress: 0.001256403680172965, 
2026-09-21 13:17:16.567 DEBUG: loss breakdown: energy_per_atom: 0.46193825387317916, forces: 11.096175826639096, stress: 0.001223929134541709, 
2026-09-21 13:17:16.704 DEBUG: loss breakdown: energy_per_atom: 0.3896656360623598, forces: 32.23104098651974, stress: 0.001293091745872445, 
2026-09-21 13:17:16.841 DEBUG: loss breakdown: energy_per_atom: 0.232352436132698, forces: 14.293848032770528, stress: 0.005773935223175749, 
2026-09-21 13:17:16.973 DEBUG: loss breakdown: energy_per_atom: 0.9209675442478853, forces: 46.24598583006573, stress: 0.0014973303838598578, 
2026-09-21 13:17:17.103 DEBUG: loss breakdown: energy_per_atom: 6.237334612666879, forces: 68.03104563652438, stress: 0.000478375029220677, 
2026-09-21 13:17:17.225 DEBUG: loss breakdown: energy_per_atom: 2.840396752371425, forces: 20.016684266119533, stress: 0.0009906977882549678, 
2026-09-21 13:17:17.372 DEBUG: loss breakdown: energy_per_atom: 0.2012270157524632, forces: 8.555184476734118, stress: 0.0003998736861837791, 
2026-09-21 13:17:17.533 DEBUG: loss breakdown: energy_per_atom: 1.0742959360578919, forces: 7.130841051889969, stress: 0.0009617163017326863, 
2026-09-21 13:17:17.679 DEBUG: loss breakdown: energy_per_atom: 0.31973724662790404, forces: 24.400162603416582, stress: 0.001251714880327653, 
2026-09-21 13:17:17.830 DEBUG: loss breakdown: energy_per_atom: 0.42720149191762236, forces: 8.17274027647827, stress: 0.0005581045089470362, 
2026-09-21 13:17:17.969 DEBUG: loss breakdown: energy_per_atom: 2.334116803516408, forces: 13.056081486350948, stress: 0.0011733496554544257, 
2026-09-21 13:17:18.103 DEBUG: loss breakdown: energy_per_atom: 5.311241166389886, forces: 15.656227524910932, stress: 0.0012105150833675502, 
2026-09-21 13:17:18.253 DEBUG: loss breakdown: energy_per_atom: 15.749703767774863, forces: 21.66545546500814, stress: 0.000768310412794526, 
2026-09-21 13:17:18.404 DEBUG: loss breakdown: energy_per_atom: 8.234613798109669, forces: 16.32028202152107, stress: 0.0009064963694456469, 
2026-09-21 13:17:18.546 DEBUG: loss breakdown: energy_per_atom: 5.026426024864523, forces: 23.393469813703934, stress: 0.00047026487365861184, 
2026-09-21 13:17:18.676 DEBUG: loss breakdown: energy_per_atom: 1.1075956241042637, forces: 19.057369601031564, stress: 0.0007554199955131696, 
2026-09-21 13:17:18.807 DEBUG: loss breakdown: energy_per_atom: 0.577842954246399, forces: 22.47957624301889, stress: 0.0010264189232326137, 
2026-09-21 13:17:18.940 DEBUG: loss breakdown: energy_per_atom: 0.3156543454211991, forces: 25.51349863023395, stress: 0.000939301667394792, 
2026-09-21 13:17:19.069 DEBUG: loss breakdown: energy_per_atom: 1.207877936163122, forces: 10.618492612360079, stress: 0.009114706917512375, 
2026-09-21 13:17:19.210 DEBUG: loss breakdown: energy_per_atom: 0.4069644944614467, forces: 30.81628838772346, stress: 0.0013000064810150804, 
2026-09-21 13:17:19.346 DEBUG: loss breakdown: energy_per_atom: 0.8071280278223898, forces: 21.79655341489702, stress: 0.005976635952978159, 
2026-09-21 13:17:19.484 DEBUG: loss breakdown: energy_per_atom: 0.5759952992570299, forces: 28.82831758631424, stress: 0.0007146131646579927, 
2026-09-21 13:17:19.614 DEBUG: loss breakdown: energy_per_atom: 5.494977729063434, forces: 19.957114578662708, stress: 0.0006352879595503383, 
2026-09-21 13:17:19.767 DEBUG: loss breakdown: energy_per_atom: 1.8438711216215375, forces: 14.17986936260392, stress: 0.0004908333484469994, 
2026-09-21 13:17:19.909 DEBUG: loss breakdown: energy_per_atom: 1.5389711994547888, forces: 10.56023947191542, stress: 0.0006126838538853779, 
2026-09-21 13:17:20.051 DEBUG: loss breakdown: energy_per_atom: 3.410087177508976, forces: 26.96954194857493, stress: 0.0006431095502661517, 
2026-09-21 13:17:20.194 DEBUG: loss breakdown: energy_per_atom: 0.3073260433810558, forces: 12.739772172016028, stress: 0.0006420181152180594, 
2026-09-21 13:17:20.336 DEBUG: loss breakdown: energy_per_atom: 0.5316652648664492, forces: 15.431322239362208, stress: 0.0005131668665075196, 
2026-09-21 13:17:20.483 DEBUG: loss breakdown: energy_per_atom: 0.611405181368184, forces: 10.716799480234426, stress: 0.0006662958262892023, 
2026-09-21 13:17:20.637 DEBUG: loss breakdown: energy_per_atom: 0.6786275799912554, forces: 14.467840124730172, stress: 0.0006801076170100065, 
2026-09-21 13:17:20.788 DEBUG: loss breakdown: energy_per_atom: 0.6269601993828122, forces: 13.022698144872901, stress: 0.0007425078277975913, 
2026-09-21 13:17:20.946 DEBUG: loss breakdown: energy_per_atom: 0.3240877031892311, forces: 13.209921684421605, stress: 0.0009320738015442481, 
2026-09-21 13:17:21.092 DEBUG: loss breakdown: energy_per_atom: 26.6030816742407, forces: 203.73254986916095, stress: 0.0006718970021633242, 
2026-09-21 13:17:21.226 DEBUG: loss breakdown: energy_per_atom: 7.05609737858828, forces: 26.674785402601735, stress: 0.00034127782229337534, 
2026-09-21 13:17:21.363 DEBUG: loss breakdown: energy_per_atom: 0.3881942244573747, forces: 21.313313277149206, stress: 0.0006412355599355153, 
2026-09-21 13:17:21.514 DEBUG: loss breakdown: energy_per_atom: 1.616697994229919, forces: 23.374517844964814, stress: 0.000503134058874485, 
2026-09-21 13:17:21.659 DEBUG: loss breakdown: energy_per_atom: 6.2002731690097725, forces: 14.750301631910117, stress: 0.0004508070288181562, 
2026-09-21 13:17:21.808 DEBUG: loss breakdown: energy_per_atom: 5.247336679243715, forces: 12.651473223273314, stress: 0.0007283827692929968, 
2026-09-21 13:17:21.949 DEBUG: loss breakdown: energy_per_atom: 0.17183712541938811, forces: 22.11915768007132, stress: 0.002871681184831152, 
2026-09-21 13:17:22.080 DEBUG: loss breakdown: energy_per_atom: 0.4441731854035901, forces: 19.835607441800576, stress: 0.0008053067621217432, 
2026-09-21 13:17:22.221 DEBUG: loss breakdown: energy_per_atom: 0.2979490945805896, forces: 21.48111624450362, stress: 0.0005758103107007618, 
2026-09-21 13:17:22.393 DEBUG: loss breakdown: energy_per_atom: 104.85872000087397, forces: 8.969112566042428, stress: 0.0006184892236979137, 
2026-09-21 13:17:22.532 DEBUG: loss breakdown: energy_per_atom: 0.6031373713813123, forces: 26.292714788776795, stress: 0.0017231131808715268, 
2026-09-21 13:17:22.664 DEBUG: loss breakdown: energy_per_atom: 3.9205311854290557, forces: 22.73776596373425, stress: 0.0009129190425526198, 
2026-09-21 13:17:22.798 DEBUG: loss breakdown: energy_per_atom: 0.8246071891727854, forces: 18.993115743667353, stress: 0.0007853962717335081, 
2026-09-21 13:17:22.941 DEBUG: loss breakdown: energy_per_atom: 0.7482027734627085, forces: 22.549924218913276, stress: 0.010391978431116765, 
2026-09-21 13:17:23.095 DEBUG: loss breakdown: energy_per_atom: 0.3397104270885177, forces: 25.070943512024307, stress: 0.0013607070037038043, 
2026-09-21 13:17:23.237 DEBUG: loss breakdown: energy_per_atom: 2.146353975582261, forces: 7.186597563909533, stress: 0.000992196040704431, 
2026-09-21 13:17:23.372 DEBUG: loss breakdown: energy_per_atom: 0.34894608031416674, forces: 101.79856518881434, stress: 0.0006273285917010769, 
2026-09-21 13:17:23.515 DEBUG: loss breakdown: energy_per_atom: 0.5687756137119997, forces: 9.13097269757318, stress: 0.0008075897347323548, 
2026-09-21 13:17:23.660 DEBUG: loss breakdown: energy_per_atom: 0.4636816958571224, forces: 19.18076404333999, stress: 0.001212036061784584, 
2026-09-21 13:17:23.804 DEBUG: loss breakdown: energy_per_atom: 1.9722575635475368, forces: 11.87776958079516, stress: 0.000644248672849805, 
2026-09-21 13:17:23.940 DEBUG: loss breakdown: energy_per_atom: 0.597766393096939, forces: 23.58128251143383, stress: 0.0007419234405863038, 
2026-09-21 13:17:24.080 DEBUG: loss breakdown: energy_per_atom: 0.9053187549497533, forces: 32.97904751461939, stress: 0.00045474293973043106, 
2026-09-21 13:17:24.218 DEBUG: loss breakdown: energy_per_atom: 0.5320802937944762, forces: 43.21602699614215, stress: 0.0012123374424033802, 
2026-09-21 13:17:24.349 DEBUG: loss breakdown: energy_per_atom: 1.167109926418712, forces: 31.743325977706466, stress: 0.0005944218175850195, 
2026-09-21 13:17:24.480 DEBUG: loss breakdown: energy_per_atom: 0.3719599763446463, forces: 10.36086467608836, stress: 0.0007458986881887129, 
2026-09-21 13:17:24.609 DEBUG: loss breakdown: energy_per_atom: 26.432369227949422, forces: 21.92790021334094, stress: 0.007290651201322803, 
2026-09-21 13:17:24.742 DEBUG: loss breakdown: energy_per_atom: 2.389798579502166, forces: 7.386578884095914, stress: 0.0014218059580426744, 
2026-09-21 13:17:24.872 DEBUG: loss breakdown: energy_per_atom: 14.408096961695414, forces: 16.519958781023707, stress: 0.005333666232420643, 
2026-09-21 13:17:25.019 DEBUG: loss breakdown: energy_per_atom: 2.176422375379995, forces: 18.52279257969287, stress: 0.0008819563283968047, 
2026-09-21 13:17:25.171 DEBUG: loss breakdown: energy_per_atom: 0.3044404155984153, forces: 13.486351831557727, stress: 0.0008399943030698884, 
2026-09-21 13:17:25.317 DEBUG: loss breakdown: energy_per_atom: 33.47249378792769, forces: 12.872245404964033, stress: 0.00112633271912265, 
2026-09-21 13:17:25.449 DEBUG: loss breakdown: energy_per_atom: 18.401069664007057, forces: 20.92311689043697, stress: 0.0008990300841949696, 
2026-09-21 13:17:25.601 DEBUG: loss breakdown: energy_per_atom: 0.8048898020765849, forces: 15.515749655766067, stress: 0.001309022375445251, 
2026-09-21 13:17:25.755 DEBUG: loss breakdown: energy_per_atom: 0.41256658287133113, forces: 32.8175551133753, stress: 0.0007937673898033164, 
2026-09-21 13:17:25.891 DEBUG: loss breakdown: energy_per_atom: 37.775512675318915, forces: 115.57948413079188, stress: 0.00202111198115201, 
2026-09-21 13:17:26.019 DEBUG: loss breakdown: energy_per_atom: 3.2601623632715127, forces: 14.355819006173972, stress: 0.0007000373272358148, 
2026-09-21 13:17:26.153 DEBUG: loss breakdown: energy_per_atom: 0.3224633226576361, forces: 31.503846450816702, stress: 0.0008361094101503924, 
2026-09-21 13:17:26.290 DEBUG: loss breakdown: energy_per_atom: 0.5115667247095299, forces: 14.065753206568758, stress: 0.002463580897453032, 
2026-09-21 13:17:26.420 DEBUG: loss breakdown: energy_per_atom: 1.8980122181433812, forces: 27.985735796449994, stress: 0.020653647959370417, 
2026-09-21 13:17:26.563 DEBUG: loss breakdown: energy_per_atom: 0.8587769552209088, forces: 38.47431278148835, stress: 0.0018731025736316931, 
2026-09-21 13:17:26.693 DEBUG: loss breakdown: energy_per_atom: 1.1264994300294409, forces: 8.656408951264572, stress: 0.0008065564699702965, 
2026-09-21 13:17:26.856 DEBUG: loss breakdown: energy_per_atom: 1.3380441303232908, forces: 22.37977787248202, stress: 0.0007624185504408477, 
2026-09-21 13:17:26.982 DEBUG: loss breakdown: energy_per_atom: 4.119365811090985, forces: 12.404746688988407, stress: 0.0009456890320986718, 
2026-09-21 13:17:27.113 DEBUG: loss breakdown: energy_per_atom: 0.4093261032225814, forces: 20.88408885223737, stress: 0.0005311965960905494, 
2026-09-21 13:17:27.252 DEBUG: loss breakdown: energy_per_atom: 1.1853415293453131, forces: 9.738002084669759, stress: 0.0008446231922354545, 
2026-09-21 13:17:27.382 DEBUG: loss breakdown: energy_per_atom: 0.9380151710964184, forces: 19.837242388578172, stress: 0.0006856648411995211, 
2026-09-21 13:17:27.524 DEBUG: loss breakdown: energy_per_atom: 0.450310735781137, forces: 19.762888599869868, stress: 0.0010825117589056436, 
2026-09-21 13:17:27.663 DEBUG: loss breakdown: energy_per_atom: 0.500516757308898, forces: 24.623621386574317, stress: 0.009732785254628777, 
2026-09-21 13:17:27.789 DEBUG: loss breakdown: energy_per_atom: 0.9443473757168723, forces: 14.601123370174776, stress: 0.00041159445487979436, 
2026-09-21 13:17:27.933 DEBUG: loss breakdown: energy_per_atom: 1.0637256760876945, forces: 6.171492616275943, stress: 0.0012201084601819612, 
2026-09-21 13:17:28.056 DEBUG: loss breakdown: energy_per_atom: 0.3192875294030118, forces: 13.068589021148618, stress: 0.0016552040700014386, 
2026-09-21 13:17:28.192 DEBUG: loss breakdown: energy_per_atom: 9.387855257643615, forces: 31.348777256874133, stress: 0.0007280941229409313, 
2026-09-21 13:17:28.346 DEBUG: loss breakdown: energy_per_atom: 0.9607363738767657, forces: 9.123432555074839, stress: 0.0038579371269671764, 
2026-09-21 13:17:28.499 DEBUG: loss breakdown: energy_per_atom: 2.2846702696344527, forces: 13.813046591198516, stress: 0.0005788458228496419, 
2026-09-21 13:17:28.628 DEBUG: loss breakdown: energy_per_atom: 7.151927552020775, forces: 21.116091448871284, stress: 0.00042197219281801015, 
2026-09-21 13:17:28.771 DEBUG: loss breakdown: energy_per_atom: 0.27463562494832827, forces: 14.187753924206081, stress: 0.000597004827697267, 
2026-09-21 13:17:28.920 DEBUG: loss breakdown: energy_per_atom: 4.611763871475874, forces: 25.212711939585468, stress: 0.000589937382563929, 
2026-09-21 13:17:29.059 DEBUG: loss breakdown: energy_per_atom: 0.513717898886663, forces: 42.738418862155285, stress: 0.0002903173979759961, 
2026-09-21 13:17:29.205 DEBUG: loss breakdown: energy_per_atom: 3.426849917296178, forces: 15.16670240910254, stress: 0.0010527485483021219, 
2026-09-21 13:17:29.362 DEBUG: loss breakdown: energy_per_atom: 1.385826579942741, forces: 13.565114286044185, stress: 0.0006980446055533268, 
2026-09-21 13:17:29.497 DEBUG: loss breakdown: energy_per_atom: 0.7300304521654721, forces: 18.035154240034252, stress: 0.0005744897685435536, 
2026-09-21 13:17:29.626 DEBUG: loss breakdown: energy_per_atom: 0.41279395129909463, forces: 12.005899392091465, stress: 0.0007000346285827962, 
2026-09-21 13:17:29.756 DEBUG: loss breakdown: energy_per_atom: 2.3448488902613738, forces: 23.023379766088215, stress: 0.008775571150183063, 
2026-09-21 13:17:29.898 DEBUG: loss breakdown: energy_per_atom: 4.391350613824055, forces: 14.4723322505302, stress: 0.0008785525847282963, 
2026-09-21 13:17:30.049 DEBUG: loss breakdown: energy_per_atom: 0.3043136625658579, forces: 26.45402146050359, stress: 0.0007671033148125618, 
2026-09-21 13:17:30.196 DEBUG: loss breakdown: energy_per_atom: 0.7104201277230691, forces: 37.87767298652197, stress: 0.00040104660841999685, 
2026-09-21 13:17:30.334 DEBUG: loss breakdown: energy_per_atom: 1.7952384217671857, forces: 19.868665223816674, stress: 0.0004198268638078411, 
2026-09-21 13:17:30.485 DEBUG: loss breakdown: energy_per_atom: 10.435304862444248, forces: 26.637494401799216, stress: 0.0015487865255233762, 
2026-09-21 13:17:30.613 DEBUG: loss breakdown: energy_per_atom: 0.3121173647072058, forces: 16.376814396167994, stress: 0.000319493405083102, 
2026-09-21 13:17:30.739 DEBUG: loss breakdown: energy_per_atom: 14.5085462068933, forces: 21.291986678016382, stress: 0.0003481614684086689, 
2026-09-21 13:17:30.882 DEBUG: loss breakdown: energy_per_atom: 24.131821615629942, forces: 17.421403369100968, stress: 0.0005754152538746626, 
2026-09-21 13:17:31.022 DEBUG: loss breakdown: energy_per_atom: 0.34022696457192486, forces: 13.999535383487363, stress: 0.0011076903787600656, 
2026-09-21 13:17:31.158 DEBUG: loss breakdown: energy_per_atom: 0.30303535574423224, forces: 21.168882050779736, stress: 0.0006948199437947527, 
2026-09-21 13:17:31.317 DEBUG: loss breakdown: energy_per_atom: 2.1720544433689257, forces: 14.211959205817152, stress: 0.0012123623716651594, 
2026-09-21 13:17:31.464 DEBUG: loss breakdown: energy_per_atom: 0.5991917424933497, forces: 16.75980396810668, stress: 0.00046413299538292655, 
2026-09-21 13:17:31.593 DEBUG: loss breakdown: energy_per_atom: 1.0744307673510538, forces: 10.52892414314937, stress: 0.000466917892019502, 
2026-09-21 13:17:31.725 DEBUG: loss breakdown: energy_per_atom: 0.17330437062358003, forces: 8.328840036844195, stress: 0.0009414611849138978, 
2026-09-21 13:17:31.882 DEBUG: loss breakdown: energy_per_atom: 3.9033477429834598, forces: 11.038327865302811, stress: 0.0008843585244233842, 
2026-09-21 13:17:32.036 DEBUG: loss breakdown: energy_per_atom: 0.3296696748256299, forces: 12.42439726452436, stress: 0.002050176826049522, 
2026-09-21 13:17:32.182 DEBUG: loss breakdown: energy_per_atom: 0.22109888407518144, forces: 24.090705844264207, stress: 0.003395493378513649, 
2026-09-21 13:17:32.306 DEBUG: loss breakdown: energy_per_atom: 0.3312842911490348, forces: 12.230330409233485, stress: 0.0008186404901776635, 
2026-09-21 13:17:32.446 DEBUG: loss breakdown: energy_per_atom: 0.2362550364104501, forces: 13.133149542787653, stress: 0.0006010978807516793, 
2026-09-21 13:17:32.586 DEBUG: loss breakdown: energy_per_atom: 0.8942271972332335, forces: 14.875202542382954, stress: 0.0009030613466946681, 
2026-09-21 13:17:32.724 DEBUG: loss breakdown: energy_per_atom: 37.05927410332916, forces: 23.07716039185985, stress: 0.0006185892682615332, 
2026-09-21 13:17:32.874 DEBUG: loss breakdown: energy_per_atom: 0.9602319655105647, forces: 19.41268549738986, stress: 0.0008557215051340108, 
2026-09-21 13:17:33.018 DEBUG: loss breakdown: energy_per_atom: 0.5800971326572983, forces: 12.334642234564635, stress: 0.0011571519640645124, 
2026-09-21 13:17:33.164 DEBUG: loss breakdown: energy_per_atom: 1.290178935370458, forces: 29.278150588883406, stress: 0.0007012556563730523, 
2026-09-21 13:17:33.315 DEBUG: loss breakdown: energy_per_atom: 0.8143117311216583, forces: 11.00293485246943, stress: 0.0005288085005803298, 
2026-09-21 13:17:33.462 DEBUG: loss breakdown: energy_per_atom: 0.3680978382929064, forces: 25.12246093010618, stress: 0.0007147150015707833, 
2026-09-21 13:17:33.604 DEBUG: loss breakdown: energy_per_atom: 1.849211987519486, forces: 23.72336359458046, stress: 0.0006409328657356388, 
2026-09-21 13:17:33.737 DEBUG: loss breakdown: energy_per_atom: 0.20725169864017756, forces: 11.853068495643258, stress: 0.0007409507710284941, 
2026-09-21 13:17:33.895 DEBUG: loss breakdown: energy_per_atom: 2.528115497296559, forces: 16.928885021736313, stress: 0.021365358948086877, 
2026-09-21 13:17:34.045 DEBUG: loss breakdown: energy_per_atom: 0.4870225683403001, forces: 17.866167655689264, stress: 0.00048015312989130147, 
2026-09-21 13:17:34.183 DEBUG: loss breakdown: energy_per_atom: 0.4016947699918051, forces: 14.089509234819076, stress: 0.0006111234796994367, 
2026-09-21 13:17:34.324 DEBUG: loss breakdown: energy_per_atom: 0.4938675869984431, forces: 17.852471070134012, stress: 0.00046849005358436064, 
2026-09-21 13:17:34.458 DEBUG: loss breakdown: energy_per_atom: 0.35992998110409585, forces: 20.471055676612988, stress: 0.000837344251590415, 
2026-09-21 13:17:34.602 DEBUG: loss breakdown: energy_per_atom: 3.26280840654422, forces: 7.215789377032941, stress: 0.0013464073087943145, 
2026-09-21 13:17:34.745 DEBUG: loss breakdown: energy_per_atom: 0.46829710581213563, forces: 36.38263637791996, stress: 0.0010374803640040198, 
2026-09-21 13:17:34.873 DEBUG: loss breakdown: energy_per_atom: 0.43067672631192944, forces: 13.23847818589077, stress: 0.0016104665226961729, 
2026-09-21 13:17:35.024 DEBUG: loss breakdown: energy_per_atom: 2.791651931886591, forces: 13.586058072523373, stress: 0.0012667725503344518, 
2026-09-21 13:17:35.176 DEBUG: loss breakdown: energy_per_atom: 0.5052848605536334, forces: 27.625405033548823, stress: 0.003335432142235061, 
2026-09-21 13:17:35.322 DEBUG: loss breakdown: energy_per_atom: 12.591953594279028, forces: 34.02644702205015, stress: 0.005768439534012187, 
2026-09-21 13:17:35.470 DEBUG: loss breakdown: energy_per_atom: 1.7365280261473308, forces: 32.60798118921798, stress: 0.0009030299103656622, 
2026-09-21 13:17:35.613 DEBUG: loss breakdown: energy_per_atom: 0.43985637026147456, forces: 16.61645560270248, stress: 0.0013658173039468838, 
2026-09-21 13:17:35.755 DEBUG: loss breakdown: energy_per_atom: 0.24121757855413514, forces: 13.634096646975205, stress: 0.003702488261745645, 
2026-09-21 13:17:35.898 DEBUG: loss breakdown: energy_per_atom: 0.4452742212888783, forces: 33.714852031581835, stress: 0.000964524790350689, 
2026-09-21 13:17:36.036 DEBUG: loss breakdown: energy_per_atom: 2.4810726058319066, forces: 17.405631353094158, stress: 0.0013688935365544054, 
2026-09-21 13:17:36.188 DEBUG: loss breakdown: energy_per_atom: 0.32936081033952375, forces: 10.452717474851086, stress: 0.0010847164796180385, 
2026-09-21 13:17:36.344 DEBUG: loss breakdown: energy_per_atom: 0.5021535212511204, forces: 21.245367470973424, stress: 0.0008780511756125797, 
2026-09-21 13:17:36.479 DEBUG: loss breakdown: energy_per_atom: 7.04692392044362, forces: 18.97033930213611, stress: 0.00043591264445153516, 
2026-09-21 13:17:36.619 DEBUG: loss breakdown: energy_per_atom: 0.41147821160918574, forces: 24.78556035466015, stress: 0.0007093033721820713, 
2026-09-21 13:17:36.764 DEBUG: loss breakdown: energy_per_atom: 2.6142087225991673, forces: 19.406506178324744, stress: 0.0003442452321881244, 
2026-09-21 13:17:36.902 DEBUG: loss breakdown: energy_per_atom: 78.2846100245954, forces: 32.45853719576997, stress: 0.0012480253533015803, 
2026-09-21 13:17:37.032 DEBUG: loss breakdown: energy_per_atom: 0.7426192950829463, forces: 30.535535256555917, stress: 0.002009643450936458, 
2026-09-21 13:17:37.169 DEBUG: loss breakdown: energy_per_atom: 2.3002155724451328, forces: 18.855380002585807, stress: 0.0011243895992288115, 
2026-09-21 13:17:37.312 DEBUG: loss breakdown: energy_per_atom: 0.3920380451730361, forces: 12.452084635135192, stress: 0.001560761934732088, 
2026-09-21 13:17:37.472 DEBUG: loss breakdown: energy_per_atom: 1.1150658452864106, forces: 18.433683184276585, stress: 0.002543371152985618, 
2026-09-21 13:17:37.609 DEBUG: loss breakdown: energy_per_atom: 15.23663732034503, forces: 25.975882849422867, stress: 0.0013289778575044531, 
2026-09-21 13:17:37.760 DEBUG: loss breakdown: energy_per_atom: 0.4338271791559707, forces: 39.68263943269063, stress: 0.0007784642596768872, 
2026-09-21 13:17:37.910 DEBUG: loss breakdown: energy_per_atom: 1.4905174762153075, forces: 13.60945858977134, stress: 0.0011022925514869455, 
2026-09-21 13:17:38.037 DEBUG: loss breakdown: energy_per_atom: 0.6032346477452554, forces: 15.0800078152349, stress: 0.0009440500072578172, 
2026-09-21 13:17:38.172 DEBUG: loss breakdown: energy_per_atom: 0.7436333034612184, forces: 33.864108036397056, stress: 0.0014509991133475608, 
2026-09-21 13:17:38.297 DEBUG: loss breakdown: energy_per_atom: 1.366570887070424, forces: 32.65311702412323, stress: 0.0008559984642458113, 
2026-09-21 13:17:38.443 DEBUG: loss breakdown: energy_per_atom: 0.36883654041622144, forces: 24.046603088180817, stress: 0.000910234466160971, 
2026-09-21 13:17:38.583 DEBUG: loss breakdown: energy_per_atom: 0.5274053318385336, forces: 23.081152374465354, stress: 0.0016449988647236895, 
2026-09-21 13:17:38.717 DEBUG: loss breakdown: energy_per_atom: 37.14261751925088, forces: 48.39467445104271, stress: 0.001267220096632395, 
2026-09-21 13:17:38.864 DEBUG: loss breakdown: energy_per_atom: 0.49464273707430717, forces: 17.98156152633301, stress: 0.01260611052452796, 
2026-09-21 13:17:39.006 DEBUG: loss breakdown: energy_per_atom: 3.3824090559361153, forces: 25.458442776556755, stress: 0.01007603553504565, 
2026-09-21 13:17:39.153 DEBUG: loss breakdown: energy_per_atom: 0.3955467227851465, forces: 13.760798825424416, stress: 0.0012275206096917647, 
2026-09-21 13:17:39.300 DEBUG: loss breakdown: energy_per_atom: 1.9418353233106638, forces: 24.89421722896491, stress: 0.0011982552696747492, 
2026-09-21 13:17:39.460 DEBUG: loss breakdown: energy_per_atom: 0.6951951899975046, forces: 55.95037838843632, stress: 0.002331687161253983, 
2026-09-21 13:17:39.601 DEBUG: loss breakdown: energy_per_atom: 2.009383706164919, forces: 46.74128673297179, stress: 0.002145960929847265, 
2026-09-21 13:17:39.732 DEBUG: loss breakdown: energy_per_atom: 0.5519104625471694, forces: 16.57446230166009, stress: 0.0017483496147017931, 
2026-09-21 13:17:39.882 DEBUG: loss breakdown: energy_per_atom: 0.4705574054506214, forces: 24.476276208393834, stress: 0.0016221137007561752, 
2026-09-21 13:17:40.018 DEBUG: loss breakdown: energy_per_atom: 2.4326112174435925, forces: 29.767098589041023, stress: 0.000973475632134494, 
2026-09-21 13:17:40.151 DEBUG: loss breakdown: energy_per_atom: 0.5351304116900217, forces: 17.69841527557326, stress: 0.0011658154904616433, 
2026-09-21 13:17:40.290 DEBUG: loss breakdown: energy_per_atom: 1.5302217997878969, forces: 38.44686903202113, stress: 0.0009166594731815509, 
2026-09-21 13:17:40.440 DEBUG: loss breakdown: energy_per_atom: 12.956959564849495, forces: 35.523539664473674, stress: 0.0019151649106217842, 
2026-09-21 13:17:40.595 DEBUG: loss breakdown: energy_per_atom: 15.854651496830868, forces: 28.061186100259842, stress: 0.0016007124636493995, 
2026-09-21 13:17:40.738 DEBUG: loss breakdown: energy_per_atom: 1.831020429601648, forces: 24.624698204257474, stress: 0.0012567985305207132, 
2026-09-21 13:17:40.916 DEBUG: loss breakdown: energy_per_atom: 0.5458118968402509, forces: 66.34509694868642, stress: 0.002362710070625872, 
2026-09-21 13:17:41.065 DEBUG: loss breakdown: energy_per_atom: 8.043769909741034, forces: 13.633700620047948, stress: 0.001041780703129445, 
2026-09-21 13:17:41.191 DEBUG: loss breakdown: energy_per_atom: 0.79558337951586, forces: 13.793408978909072, stress: 0.0007067110852630063, 
2026-09-21 13:17:41.325 DEBUG: loss breakdown: energy_per_atom: 0.4750907995935931, forces: 30.452820299210266, stress: 0.0007236079925060043, 
2026-09-21 13:17:41.467 DEBUG: loss breakdown: energy_per_atom: 0.25686542027519915, forces: 16.488785868202864, stress: 0.00042036819430646096, 
2026-09-21 13:17:41.608 DEBUG: loss breakdown: energy_per_atom: 1.6749925551602804, forces: 15.160795437370897, stress: 0.007956571645429613, 
2026-09-21 13:17:41.747 DEBUG: loss breakdown: energy_per_atom: 31.24115544039067, forces: 33.122805567925965, stress: 0.0005550452522604239, 
2026-09-21 13:17:41.883 DEBUG: loss breakdown: energy_per_atom: 0.27249682029127364, forces: 37.90431480964368, stress: 0.0013026077111640212, 
2026-09-21 13:17:42.013 DEBUG: loss breakdown: energy_per_atom: 0.43246665500301135, forces: 15.16785860764626, stress: 0.0013284514034601787, 
2026-09-21 13:17:42.157 DEBUG: loss breakdown: energy_per_atom: 4.104353814331723, forces: 529.5525677708198, stress: 0.006569529187383407, 
2026-09-21 13:17:42.304 DEBUG: loss breakdown: energy_per_atom: 0.36458660431701595, forces: 16.584037263218125, stress: 0.0011060546985514465, 
2026-09-21 13:17:42.457 DEBUG: loss breakdown: energy_per_atom: 0.28578770816791743, forces: 12.98129946040948, stress: 0.0010505226167320002, 
2026-09-21 13:17:42.607 DEBUG: loss breakdown: energy_per_atom: 0.3379751721756256, forces: 20.01110039271782, stress: 0.0007534701487502357, 
2026-09-21 13:17:42.756 DEBUG: loss breakdown: energy_per_atom: 5.941792310387962, forces: 14.18547029640155, stress: 0.0012313059088736736, 
2026-09-21 13:17:42.889 DEBUG: loss breakdown: energy_per_atom: 31.73113562725904, forces: 23.28265707239998, stress: 0.0012961476090244332, 
2026-09-21 13:17:43.034 DEBUG: loss breakdown: energy_per_atom: 2.003531966127174, forces: 49.40035515914139, stress: 0.0005649295765283803, 
2026-09-21 13:17:43.165 DEBUG: loss breakdown: energy_per_atom: 1.466510430494416, forces: 26.923622961073946, stress: 0.0014516818779213311, 
2026-09-21 13:17:43.359 DEBUG: loss breakdown: energy_per_atom: 3.9970934051498808, forces: 12.293564501931849, stress: 0.00926160026338798, 
2026-09-21 13:17:43.497 DEBUG: loss breakdown: energy_per_atom: 1.8495439741113657, forces: 17.414558890103944, stress: 0.0028692615223848594, 
2026-09-21 13:17:43.638 DEBUG: loss breakdown: energy_per_atom: 0.2534491945215528, forces: 42.60337543261474, stress: 0.0004190540112649976, 
2026-09-21 13:17:43.766 DEBUG: loss breakdown: energy_per_atom: 0.9481040552942679, forces: 23.629830870300392, stress: 0.0006931848413949368, 
2026-09-21 13:17:43.908 DEBUG: loss breakdown: energy_per_atom: 3.3132498348628694, forces: 48.27155114587067, stress: 0.0011333901406672443, 
2026-09-21 13:17:44.043 DEBUG: loss breakdown: energy_per_atom: 0.7968119973394537, forces: 13.78657369786743, stress: 0.0006946833363856001, 
2026-09-21 13:17:44.171 DEBUG: loss breakdown: energy_per_atom: 2.8470098485450173, forces: 11.842077329595504, stress: 0.0008713442499371994, 
2026-09-21 13:17:44.310 DEBUG: loss breakdown: energy_per_atom: 0.6115339946934727, forces: 43.87006397284504, stress: 0.001342399568663792, 
2026-09-21 13:17:44.457 DEBUG: loss breakdown: energy_per_atom: 0.28675538729711464, forces: 34.5932447162121, stress: 0.001847452873822791, 
2026-09-21 13:17:44.599 DEBUG: loss breakdown: energy_per_atom: 0.2326313821948895, forces: 44.052264499276774, stress: 0.000966966189793473, 
2026-09-21 13:17:44.756 DEBUG: loss breakdown: energy_per_atom: 1.925808362296566, forces: 28.391417258106422, stress: 0.000784216743764583, 
2026-09-21 13:17:44.897 DEBUG: loss breakdown: energy_per_atom: 1.6467355106719603, forces: 24.112614224228697, stress: 0.0017921428892893347, 
2026-09-21 13:17:45.037 DEBUG: loss breakdown: energy_per_atom: 0.13212283279977405, forces: 33.781341350206304, stress: 0.000797308557497549, 
2026-09-21 13:17:45.171 DEBUG: loss breakdown: energy_per_atom: 0.9877378239478769, forces: 13.716715490851788, stress: 0.0007791712716567821, 
2026-09-21 13:17:45.317 DEBUG: loss breakdown: energy_per_atom: 0.5394542580678736, forces: 16.7764364197103, stress: 0.0015326869923622196, 
2026-09-21 13:17:45.457 DEBUG: loss breakdown: energy_per_atom: 1.1388109740050267, forces: 8.778357129996905, stress: 0.0007646533483900696, 
2026-09-21 13:17:45.610 DEBUG: loss breakdown: energy_per_atom: 0.5750602354191324, forces: 64.7299672030617, stress: 0.0008370153484776503, 
2026-09-21 13:17:45.747 DEBUG: loss breakdown: energy_per_atom: 1.1650170622423452, forces: 22.3462241517754, stress: 0.001035383736713543, 
2026-09-21 13:17:45.888 DEBUG: loss breakdown: energy_per_atom: 0.8628392100297484, forces: 16.47576961990871, stress: 0.008815034744175575, 
2026-09-21 13:17:46.032 DEBUG: loss breakdown: energy_per_atom: 0.7930992034950395, forces: 88.85741068092743, stress: 0.0008784806067764447, 
2026-09-21 13:17:46.205 DEBUG: loss breakdown: energy_per_atom: 0.31506036823907, forces: 14.823124397975107, stress: 0.0007983351514738952, 
2026-09-21 13:17:46.351 DEBUG: loss breakdown: energy_per_atom: 0.5460483787490176, forces: 18.31549377780847, stress: 0.0012830849469144714, 
2026-09-21 13:17:46.480 DEBUG: loss breakdown: energy_per_atom: 0.7011904982729624, forces: 13.740902935733459, stress: 0.0010556918114360062, 
2026-09-21 13:17:46.635 DEBUG: loss breakdown: energy_per_atom: 0.9448208403349079, forces: 19.000025880039072, stress: 0.0005092384771567751, 
2026-09-21 13:17:46.781 DEBUG: loss breakdown: energy_per_atom: 1.371679467692946, forces: 16.941272743177258, stress: 0.0012076938960983961, 
2026-09-21 13:17:46.946 DEBUG: loss breakdown: energy_per_atom: 1.6657262255602794, forces: 15.046728891114276, stress: 0.0006432518269429934, 
2026-09-21 13:17:47.093 DEBUG: loss breakdown: energy_per_atom: 0.37824519833655434, forces: 20.3388580804936, stress: 0.0010690677069811949, 
2026-09-21 13:17:47.244 DEBUG: loss breakdown: energy_per_atom: 55.061916839579645, forces: 22.397550510357405, stress: 0.00041988753501494747, 
2026-09-21 13:17:47.388 DEBUG: loss breakdown: energy_per_atom: 1.7170483073082572, forces: 23.57645466329131, stress: 0.0007659518229684489, 
2026-09-21 13:17:47.530 DEBUG: loss breakdown: energy_per_atom: 0.4547661738753085, forces: 38.99078619392933, stress: 0.0005538918215449548, 
2026-09-21 13:17:47.668 DEBUG: loss breakdown: energy_per_atom: 0.6029418306214895, forces: 31.328278402537098, stress: 0.017881810181511477, 
2026-09-21 13:17:47.807 DEBUG: loss breakdown: energy_per_atom: 9.172620662901513, forces: 36.652086581363456, stress: 0.0007743160883635517, 
2026-09-21 13:17:47.956 DEBUG: loss breakdown: energy_per_atom: 0.49335124398512625, forces: 32.02511787762223, stress: 0.0018397198042947721, 
2026-09-21 13:17:48.123 DEBUG: loss breakdown: energy_per_atom: 1.9746168873308112, forces: 27.200628367227615, stress: 0.000382586434047354, 
2026-09-21 13:17:48.262 DEBUG: loss breakdown: energy_per_atom: 3.492412028369226, forces: 17.685781815439128, stress: 0.000684921368074643, 
2026-09-21 13:17:48.391 DEBUG: loss breakdown: energy_per_atom: 1.850834951916919, forces: 14.181422909783246, stress: 0.015235640085264377, 
2026-09-21 13:17:48.522 DEBUG: loss breakdown: energy_per_atom: 2.678066161534126, forces: 63.471384158876376, stress: 0.00038771523619342757, 
2026-09-21 13:17:48.654 DEBUG: loss breakdown: energy_per_atom: 18.62138634971236, forces: 22.819835890020567, stress: 0.0004503825486659042, 
2026-09-21 13:17:48.786 DEBUG: loss breakdown: energy_per_atom: 0.4035773216839563, forces: 8.152962328186945, stress: 0.001223802066733193, 
2026-09-21 13:17:48.939 DEBUG: loss breakdown: energy_per_atom: 1.1742232677478768, forces: 94.58647076443557, stress: 0.0009886588696869719, 
2026-09-21 13:17:49.088 DEBUG: loss breakdown: energy_per_atom: 0.5722012132004564, forces: 22089.295107094098, stress: 0.0006668282585300289, 
2026-09-21 13:17:49.221 DEBUG: loss breakdown: energy_per_atom: 1.745778749487757, forces: 24.408666529446727, stress: 0.0007527928099757701, 
2026-09-21 13:17:49.355 DEBUG: loss breakdown: energy_per_atom: 1.1498523812228587, forces: 20.42152796125362, stress: 0.0007204247476379852, 
2026-09-21 13:17:49.508 DEBUG: loss breakdown: energy_per_atom: 0.9574588777048366, forces: 29.45406099035186, stress: 0.0010535331857773787, 
2026-09-21 13:17:49.648 DEBUG: loss breakdown: energy_per_atom: 0.9115279427564232, forces: 31.851022904891018, stress: 0.000829123976376757, 
2026-09-21 13:17:49.799 DEBUG: loss breakdown: energy_per_atom: 0.3930491320995476, forces: 32.43249430316483, stress: 0.00032677301065643665, 
2026-09-21 13:17:49.932 DEBUG: loss breakdown: energy_per_atom: 0.26344424956273255, forces: 46.98812252629245, stress: 0.0010239779933251558, 
2026-09-21 13:17:50.057 DEBUG: loss breakdown: energy_per_atom: 0.5437136511343192, forces: 7.933415682819733, stress: 0.0012713393149749676, 
2026-09-21 13:17:50.209 DEBUG: loss breakdown: energy_per_atom: 0.32511852860212276, forces: 30.998214786970625, stress: 0.0011187427781504309, 
2026-09-21 13:17:50.343 DEBUG: loss breakdown: energy_per_atom: 5.740833568679045, forces: 29.161153104248598, stress: 0.0006795625899693641, 
2026-09-21 13:17:50.477 DEBUG: loss breakdown: energy_per_atom: 17.54642645075886, forces: 13.598607635938484, stress: 0.001091322270792291, 
2026-09-21 13:17:50.620 DEBUG: loss breakdown: energy_per_atom: 0.8770842769987222, forces: 27.2456339823015, stress: 0.010306019135919779, 
2026-09-21 13:17:50.761 DEBUG: loss breakdown: energy_per_atom: 0.7829743805179552, forces: 12.55999375302091, stress: 0.007751185593552871, 
2026-09-21 13:17:50.896 DEBUG: loss breakdown: energy_per_atom: 2.985180500314322, forces: 38.54822403755392, stress: 0.0019435791522212816, 
2026-09-21 13:17:51.029 DEBUG: loss breakdown: energy_per_atom: 5.777449694487086, forces: 10.70298044664734, stress: 0.015105992251266298, 
2026-09-21 13:17:51.164 DEBUG: loss breakdown: energy_per_atom: 6.392091744320868, forces: 11.648113020081603, stress: 0.0018887548639296109, 
2026-09-21 13:17:51.294 DEBUG: loss breakdown: energy_per_atom: 0.2785463043506762, forces: 26.82424981159398, stress: 0.0008779997660069206, 
2026-09-21 13:17:51.428 DEBUG: loss breakdown: energy_per_atom: 0.3453471209564424, forces: 27.530957980381704, stress: 0.0011947138994899127, 
2026-09-21 13:17:51.562 DEBUG: loss breakdown: energy_per_atom: 1.198327948798732, forces: 14.147100703421248, stress: 0.0009500621253033478, 
2026-09-21 13:17:51.707 DEBUG: loss breakdown: energy_per_atom: 36.28100419064389, forces: 31.48135463860807, stress: 0.00832436436622116, 
2026-09-21 13:17:51.832 DEBUG: loss breakdown: energy_per_atom: 0.3640144096229551, forces: 33.28332327339188, stress: 0.0008410427228359786, 
2026-09-21 13:17:51.984 DEBUG: loss breakdown: energy_per_atom: 0.340749506147642, forces: 12.67683920002398, stress: 0.0008841036234641882, 
2026-09-21 13:17:52.127 DEBUG: loss breakdown: energy_per_atom: 0.7731163052117741, forces: 16.336343189867808, stress: 0.0007063975883713249, 
2026-09-21 13:17:52.260 DEBUG: loss breakdown: energy_per_atom: 3.7505262078414425, forces: 17.413485785879633, stress: 0.0008435881458878119, 
2026-09-21 13:17:52.401 DEBUG: loss breakdown: energy_per_atom: 0.3041010317872798, forces: 10.405016785518004, stress: 0.0010996328186977074, 
2026-09-21 13:17:52.536 DEBUG: loss breakdown: energy_per_atom: 0.5132252584705322, forces: 11.953178425642152, stress: 0.0007555864594960383, 
2026-09-21 13:17:52.669 DEBUG: loss breakdown: energy_per_atom: 2.0311516796419693, forces: 20.555005989557166, stress: 0.0016571914764570447, 
2026-09-21 13:17:52.802 DEBUG: loss breakdown: energy_per_atom: 2.019294349025461, forces: 10.457932477182393, stress: 0.01623199935293967, 
2026-09-21 13:17:52.937 DEBUG: loss breakdown: energy_per_atom: 1.3144932431510348, forces: 20.746052718865254, stress: 0.00047044706256181454, 
2026-09-21 13:17:53.091 DEBUG: loss breakdown: energy_per_atom: 0.3650739784475127, forces: 14.748021687071681, stress: 0.0005993749450294959, 
2026-09-21 13:17:53.266 DEBUG: loss breakdown: energy_per_atom: 0.2825471619987039, forces: 14.894951664115174, stress: 0.0022891638957707227, 
2026-09-21 13:17:53.415 DEBUG: loss breakdown: energy_per_atom: 14.857057460339666, forces: 12.669401611174063, stress: 0.0007052583091403359, 
2026-09-21 13:17:53.550 DEBUG: loss breakdown: energy_per_atom: 0.6092482417187952, forces: 17.03690880694212, stress: 0.0005700818003563049, 
2026-09-21 13:17:53.686 DEBUG: loss breakdown: energy_per_atom: 0.5840828545125949, forces: 10.69913680145177, stress: 0.011673619530876415, 
2026-09-21 13:17:53.826 DEBUG: loss breakdown: energy_per_atom: 0.4252474597392756, forces: 17.24039890352266, stress: 0.0005637478101134143, 
2026-09-21 13:17:53.970 DEBUG: loss breakdown: energy_per_atom: 0.3143661408866973, forces: 22.780055335600707, stress: 0.001002010422623154, 
2026-09-21 13:17:54.101 DEBUG: loss breakdown: energy_per_atom: 0.4764572872873478, forces: 23.210392943331073, stress: 0.000702235349330682, 
2026-09-21 13:17:54.258 DEBUG: loss breakdown: energy_per_atom: 3.905386866756791, forces: 13.989549854919694, stress: 0.0008481338790857333, 
2026-09-21 13:17:54.392 DEBUG: loss breakdown: energy_per_atom: 12.326723164366056, forces: 21.27161504414824, stress: 0.010291043563894013, 
2026-09-21 13:17:54.530 DEBUG: loss breakdown: energy_per_atom: 0.9638263454136771, forces: 27.94711437331608, stress: 0.0010315677199010608, 
2026-09-21 13:17:54.664 DEBUG: loss breakdown: energy_per_atom: 9.680536359829349, forces: 77.60980317955197, stress: 0.0010850645761800106, 
2026-09-21 13:17:54.800 DEBUG: loss breakdown: energy_per_atom: 0.7024880262939999, forces: 35.23576483811158, stress: 0.0007081521204674918, 
2026-09-21 13:17:54.959 DEBUG: loss breakdown: energy_per_atom: 0.18887342545356017, forces: 19.802846309010896, stress: 0.0011975555915112487, 
2026-09-21 13:17:55.111 DEBUG: loss breakdown: energy_per_atom: 3.5722086967058333, forces: 36.345792117863205, stress: 0.0005155014789883709, 
2026-09-21 13:17:55.259 DEBUG: loss breakdown: energy_per_atom: 17.86177768272247, forces: 18.54264941330622, stress: 0.0007857752207395084, 
2026-09-21 13:17:55.408 DEBUG: loss breakdown: energy_per_atom: 0.7983036190277903, forces: 32.51320972932607, stress: 0.002051116960136056, 
2026-09-21 13:17:55.541 DEBUG: loss breakdown: energy_per_atom: 1.9963913962429123, forces: 16.5158937613595, stress: 0.0013469521617969096, 
2026-09-21 13:17:55.689 DEBUG: loss breakdown: energy_per_atom: 0.3137499437948361, forces: 16.856226118146118, stress: 0.001202209961273314, 
2026-09-21 13:17:55.826 DEBUG: loss breakdown: energy_per_atom: 1.1499717497422404, forces: 24.481213457518656, stress: 0.001433835841205095, 
2026-09-21 13:17:55.958 DEBUG: loss breakdown: energy_per_atom: 3.818635877931047, forces: 16.962235752948025, stress: 0.014892020376911055, 
2026-09-21 13:17:56.097 DEBUG: loss breakdown: energy_per_atom: 0.24668268298398924, forces: 51.73455885051123, stress: 0.0006557786165116454, 
2026-09-21 13:17:56.249 DEBUG: loss breakdown: energy_per_atom: 13.408251670544285, forces: 19.417462286359857, stress: 0.0007828411197766339, 
2026-09-21 13:17:56.403 DEBUG: loss breakdown: energy_per_atom: 0.4130228809533536, forces: 49.04436993942588, stress: 0.0006556437171504302, 
2026-09-21 13:17:56.564 DEBUG: loss breakdown: energy_per_atom: 18.4170837510988, forces: 10.000157805069975, stress: 0.00039774292236928574, 
2026-09-21 13:17:56.719 DEBUG: loss breakdown: energy_per_atom: 9.487477100842524, forces: 124.2050129637681, stress: 0.0005891233114117673, 
2026-09-21 13:17:56.883 DEBUG: loss breakdown: energy_per_atom: 0.6281996696561465, forces: 27.272586875900036, stress: 0.0003345201075093577, 
2026-09-21 13:17:57.040 DEBUG: loss breakdown: energy_per_atom: 0.3409895828593574, forces: 18.89899664049919, stress: 0.0006773445166019195, 
2026-09-21 13:17:57.160 DEBUG: loss breakdown: energy_per_atom: 0.7328046033110064, forces: 12.454459157918453, stress: 0.0008797869887738391, 
2026-09-21 13:17:57.284 DEBUG: loss breakdown: energy_per_atom: 7.6968719418052025, forces: 11.318522240211598, stress: 0.0017267712362468654, 
2026-09-21 13:17:57.437 DEBUG: loss breakdown: energy_per_atom: 8.43883422377826, forces: 17.215136917694338, stress: 0.0011219658865416577, 
2026-09-21 13:17:57.595 DEBUG: loss breakdown: energy_per_atom: 1.3114700363314966, forces: 23.7662825254947, stress: 0.0007440161811208737, 
2026-09-21 13:17:57.744 DEBUG: loss breakdown: energy_per_atom: 0.16341683057290085, forces: 27.18547826472262, stress: 0.0005654163091665192, 
2026-09-21 13:17:57.875 DEBUG: loss breakdown: energy_per_atom: 0.5286077715189712, forces: 10.983527706573033, stress: 0.0007763709893127407, 
2026-09-21 13:17:58.004 DEBUG: loss breakdown: energy_per_atom: 12.711897999479367, forces: 17.641874222686603, stress: 0.0007160918364538258, 
2026-09-21 13:17:58.139 DEBUG: loss breakdown: energy_per_atom: 0.26037250986631927, forces: 23.710874246736402, stress: 0.0013673532843916933, 
2026-09-21 13:17:58.263 DEBUG: loss breakdown: energy_per_atom: 2.748106013528179, forces: 30.037088043745204, stress: 0.0010387561851709522, 
2026-09-21 13:17:58.393 DEBUG: loss breakdown: energy_per_atom: 5.052455779209613, forces: 6.952610862234305, stress: 0.014389479912786971, 
2026-09-21 13:17:58.533 DEBUG: loss breakdown: energy_per_atom: 0.3768110248799853, forces: 28.594437131767236, stress: 0.002518909902650304, 
2026-09-21 13:17:58.659 DEBUG: loss breakdown: energy_per_atom: 0.29376430852376845, forces: 22.879521629866208, stress: 0.001326897757932596, 
2026-09-21 13:17:58.794 DEBUG: loss breakdown: energy_per_atom: 0.9644738239484407, forces: 21.821658648688132, stress: 0.0007695935269532791, 
2026-09-21 13:17:58.923 DEBUG: loss breakdown: energy_per_atom: 0.25125841450943076, forces: 14.708537191799959, stress: 0.0008245878520345715, 
2026-09-21 13:17:59.063 DEBUG: loss breakdown: energy_per_atom: 0.5076526646937379, forces: 12.51303436915128, stress: 0.0015280440355473744, 
2026-09-21 13:17:59.193 DEBUG: loss breakdown: energy_per_atom: 26.25485187215049, forces: 9.340892182645371, stress: 0.0005445260957794592, 
2026-09-21 13:17:59.325 DEBUG: loss breakdown: energy_per_atom: 0.7868226528826778, forces: 12.866260068828966, stress: 0.0009321820865993949, 
2026-09-21 13:17:59.480 DEBUG: loss breakdown: energy_per_atom: 0.36099375524897115, forces: 15.55786572587461, stress: 0.00041750145894672874, 
2026-09-21 13:17:59.622 DEBUG: loss breakdown: energy_per_atom: 0.9673609247850998, forces: 18.570972504579878, stress: 0.001020276697242237, 
2026-09-21 13:17:59.751 DEBUG: loss breakdown: energy_per_atom: 2.373895359444304, forces: 28.478456702990705, stress: 0.0007753016048634412, 
2026-09-21 13:17:59.886 DEBUG: loss breakdown: energy_per_atom: 1.9146128835370306, forces: 18.910977710935168, stress: 0.0012749124650064778, 
2026-09-21 13:18:00.040 DEBUG: loss breakdown: energy_per_atom: 6.76683242658329, forces: 11.048351693040171, stress: 0.0010001461589404037, 
2026-09-21 13:18:00.190 DEBUG: loss breakdown: energy_per_atom: 0.6245904357546405, forces: 23.21583402572749, stress: 0.0011332455264910608, 
2026-09-21 13:18:00.386 DEBUG: loss breakdown: energy_per_atom: 0.5145395872231013, forces: 12.729456037611062, stress: 0.01804718063806681, 
2026-09-21 13:18:00.542 DEBUG: loss breakdown: energy_per_atom: 4.364826000014123, forces: 26.15021361970578, stress: 0.001275730215661569, 
2026-09-21 13:18:00.682 DEBUG: loss breakdown: energy_per_atom: 0.37500716680439816, forces: 20.972463648193404, stress: 0.00048070793195448676, 
2026-09-21 13:18:00.804 DEBUG: loss breakdown: energy_per_atom: 5.346825081836592, forces: 23.352537845459494, stress: 0.0008229720059292938, 
2026-09-21 13:18:00.934 DEBUG: loss breakdown: energy_per_atom: 12.283028245964939, forces: 32.18053514784173, stress: 0.0007533689799464943, 
2026-09-21 13:18:01.063 DEBUG: loss breakdown: energy_per_atom: 0.2792781021083683, forces: 28.575717576663084, stress: 0.0007953515804905406, 
2026-09-21 13:18:01.192 DEBUG: loss breakdown: energy_per_atom: 1.3046706863194961, forces: 10.735046418746956, stress: 0.0012917637669671014, 
2026-09-21 13:18:01.319 DEBUG: loss breakdown: energy_per_atom: 10.62186958746681, forces: 21.25741182517724, stress: 0.0005509177851464023, 
2026-09-21 13:18:01.446 DEBUG: loss breakdown: energy_per_atom: 1.0001562108109359, forces: 13.761370698570442, stress: 0.0006671701435781497, 
2026-09-21 13:18:01.595 DEBUG: loss breakdown: energy_per_atom: 1.770637966810783, forces: 15.626527224011708, stress: 0.0006202912259512458, 
2026-09-21 13:18:01.740 DEBUG: loss breakdown: energy_per_atom: 58.76290208821738, forces: 14.379112165243747, stress: 0.0005264774613805078, 
2026-09-21 13:18:01.897 DEBUG: loss breakdown: energy_per_atom: 0.2749717041049011, forces: 19.124617783285252, stress: 0.0008776824276696858, 
2026-09-21 13:18:02.035 DEBUG: loss breakdown: energy_per_atom: 0.2812534270942224, forces: 21.70976657543477, stress: 0.0003919626297489037, 
2026-09-21 13:18:02.174 DEBUG: loss breakdown: energy_per_atom: 9.148534778817163, forces: 23.590730502768082, stress: 0.0007074362744012924, 
2026-09-21 13:18:02.303 DEBUG: loss breakdown: energy_per_atom: 2.8608209946679444, forces: 20.214298739998963, stress: 0.0011488644835810295, 
2026-09-21 13:18:02.427 DEBUG: loss breakdown: energy_per_atom: 4.325453905117995, forces: 32.49893574458271, stress: 0.0009435431593549571, 
2026-09-21 13:18:02.579 DEBUG: loss breakdown: energy_per_atom: 0.4554407594887461, forces: 21.646403043072908, stress: 0.000941371241261041, 
2026-09-21 13:18:02.733 DEBUG: loss breakdown: energy_per_atom: 1.2121192080687977, forces: 28.51972622946081, stress: 0.0006470111247639464, 
2026-09-21 13:18:02.888 DEBUG: loss breakdown: energy_per_atom: 0.2432603786336871, forces: 12.40270349732199, stress: 0.006973786686299804, 
2026-09-21 13:18:03.042 DEBUG: loss breakdown: energy_per_atom: 12.52737840796586, forces: 13.756266461331332, stress: 0.0077305143606572636, 
2026-09-21 13:18:03.188 DEBUG: loss breakdown: energy_per_atom: 1.0857553623108311, forces: 90.02392370990752, stress: 0.0029136153136204287, 
2026-09-21 13:18:03.340 DEBUG: loss breakdown: energy_per_atom: 0.7318302144790887, forces: 14.10954360962016, stress: 0.0006519774199629762, 
2026-09-21 13:18:03.497 DEBUG: loss breakdown: energy_per_atom: 0.19879716838385675, forces: 14.010527232406886, stress: 0.0006764511970261921, 
2026-09-21 13:18:03.633 DEBUG: loss breakdown: energy_per_atom: 16.396430151478203, forces: 14.864110948507284, stress: 0.005370227041435074, 
2026-09-21 13:18:03.771 DEBUG: loss breakdown: energy_per_atom: 0.2900092937911145, forces: 12.75876037568921, stress: 0.0012484177099743303, 
2026-09-21 13:18:03.911 DEBUG: loss breakdown: energy_per_atom: 1.404536015204416, forces: 20.732258325869466, stress: 0.0010744886369457897, 
2026-09-21 13:18:04.056 DEBUG: loss breakdown: energy_per_atom: 0.41080246085169664, forces: 24.607003101658172, stress: 0.0011762088038863418, 
2026-09-21 13:18:04.213 DEBUG: loss breakdown: energy_per_atom: 1.0509514471693266, forces: 31.46247413602083, stress: 0.0008086147421536181, 
2026-09-21 13:18:04.361 DEBUG: loss breakdown: energy_per_atom: 82.36971768615564, forces: 19.943797394025182, stress: 0.0007590959430726163, 
2026-09-21 13:18:04.500 DEBUG: loss breakdown: energy_per_atom: 12.31836526199212, forces: 27.36723328637611, stress: 0.0010388969447369344, 
2026-09-21 13:18:04.630 DEBUG: loss breakdown: energy_per_atom: 0.2932788975118247, forces: 11.666342965266143, stress: 0.0009368681338043494, 
2026-09-21 13:18:04.772 DEBUG: loss breakdown: energy_per_atom: 0.6905393195571676, forces: 11.709445283416947, stress: 0.000754879356670021, 
2026-09-21 13:18:04.898 DEBUG: loss breakdown: energy_per_atom: 0.3137196127647158, forces: 17.07616849841383, stress: 0.0007301434686240466, 
2026-09-21 13:18:05.039 DEBUG: loss breakdown: energy_per_atom: 8.336373234148535, forces: 10.117360155846235, stress: 0.0007474776353266397, 
2026-09-21 13:18:05.178 DEBUG: loss breakdown: energy_per_atom: 0.3162065750311811, forces: 14.730672181576058, stress: 0.0005741611239476332, 
2026-09-21 13:18:05.330 DEBUG: loss breakdown: energy_per_atom: 0.47368732428871985, forces: 12.69826132742593, stress: 0.0007895551440645908, 
2026-09-21 13:18:05.482 DEBUG: loss breakdown: energy_per_atom: 0.3369601784292474, forces: 68.19123730582645, stress: 0.0006677749260207425, 
2026-09-21 13:18:05.630 DEBUG: loss breakdown: energy_per_atom: 0.7192161523428332, forces: 19.207624761539346, stress: 0.002894988394268706, 
2026-09-21 13:18:05.778 DEBUG: loss breakdown: energy_per_atom: 0.6820551505737025, forces: 6.4212079369237145, stress: 0.005476815514751291, 
2026-09-21 13:18:05.924 DEBUG: loss breakdown: energy_per_atom: 0.6559890218966841, forces: 79.40892936907441, stress: 0.0009508414898474495, 
2026-09-21 13:18:06.063 DEBUG: loss breakdown: energy_per_atom: 2.5436388099257896, forces: 17.2778967518742, stress: 0.0007548984736331864, 
2026-09-21 13:18:06.213 DEBUG: loss breakdown: energy_per_atom: 16.25892918869245, forces: 30.81028242900219, stress: 0.0005735629957324391, 
2026-09-21 13:18:06.343 DEBUG: loss breakdown: energy_per_atom: 1.402125379856686, forces: 12.041299421774951, stress: 0.000620706378518269, 
2026-09-21 13:18:06.472 DEBUG: loss breakdown: energy_per_atom: 0.5064894152774343, forces: 15.565805384966128, stress: 0.0011361284951968665, 
2026-09-21 13:18:06.611 DEBUG: loss breakdown: energy_per_atom: 1.249217082719514, forces: 30.950297443703494, stress: 0.0008858113277781402, 
2026-09-21 13:18:06.768 DEBUG: loss breakdown: energy_per_atom: 0.8958238385652872, forces: 10.685094263894882, stress: 0.0009653323564491711, 
2026-09-21 13:18:06.925 DEBUG: loss breakdown: energy_per_atom: 5.671319166121647, forces: 19.216589824749082, stress: 0.0008932782728034089, 
2026-09-21 13:18:07.069 DEBUG: loss breakdown: energy_per_atom: 1.8839760000390586, forces: 23.178335293056808, stress: 0.0008288244448389585, 
2026-09-21 13:18:07.227 DEBUG: loss breakdown: energy_per_atom: 1.569090168983875, forces: 9.329600427877685, stress: 0.0006131570821739924, 
2026-09-21 13:18:07.385 DEBUG: loss breakdown: energy_per_atom: 0.7922071647237265, forces: 22.12034622215725, stress: 0.000790402098695695, 
2026-09-21 13:18:07.537 DEBUG: loss breakdown: energy_per_atom: 2.9371951532610114, forces: 22.867030191494635, stress: 0.0006135302444896159, 
2026-09-21 13:18:07.691 DEBUG: loss breakdown: energy_per_atom: 1.0249130091560803, forces: 20.772672238336693, stress: 0.0005307717702581517, 
2026-09-21 13:18:07.836 DEBUG: loss breakdown: energy_per_atom: 6.479248121505096, forces: 12.832770966151823, stress: 0.005598576896004653, 
2026-09-21 13:18:07.981 DEBUG: loss breakdown: energy_per_atom: 6.86076376442783, forces: 10.661048475436456, stress: 0.0013912498480253858, 
2026-09-21 13:18:08.147 DEBUG: loss breakdown: energy_per_atom: 1.0222738136913883, forces: 14.540260298799254, stress: 0.0007185359877418485, 
2026-09-21 13:18:08.291 DEBUG: loss breakdown: energy_per_atom: 0.33253706707174274, forces: 7.840195740641183, stress: 0.0006059036093898462, 
2026-09-21 13:18:08.422 DEBUG: loss breakdown: energy_per_atom: 3.4946546272294046, forces: 29.107642687970703, stress: 0.0017828977079616076, 
2026-09-21 13:18:08.551 DEBUG: loss breakdown: energy_per_atom: 2.1024921378047208, forces: 24.48769488034761, stress: 0.0016374965580506916, 
2026-09-21 13:18:08.694 DEBUG: loss breakdown: energy_per_atom: 0.4828983292975223, forces: 13.926207491236294, stress: 0.002818122413545591, 
2026-09-21 13:18:08.831 DEBUG: loss breakdown: energy_per_atom: 0.5136242813959088, forces: 24.290007138880544, stress: 0.001389771738190406, 
2026-09-21 13:18:08.971 DEBUG: loss breakdown: energy_per_atom: 0.36485602730533384, forces: 26.370949058162196, stress: 0.0008258020456130231, 
2026-09-21 13:18:09.116 DEBUG: loss breakdown: energy_per_atom: 0.3004361468269072, forces: 14.393280860498436, stress: 0.011567752121385163, 
2026-09-21 13:18:09.266 DEBUG: loss breakdown: energy_per_atom: 2.0864023217159464, forces: 6.864285983291316, stress: 0.0007556745982571922, 
2026-09-21 13:18:09.422 DEBUG: loss breakdown: energy_per_atom: 8.622647028765332, forces: 28.002566466025275, stress: 0.006730317887792413, 
2026-09-21 13:18:09.613 DEBUG: loss breakdown: energy_per_atom: 0.43465894802194416, forces: 122.48467105357793, stress: 0.000957654177188461, 
2026-09-21 13:18:09.756 DEBUG: loss breakdown: energy_per_atom: 0.6442599518832747, forces: 40.55415681170974, stress: 0.0011320913307945285, 
2026-09-21 13:18:09.891 DEBUG: loss breakdown: energy_per_atom: 0.4321857618722895, forces: 13.906131565901514, stress: 0.0025283921102353724, 
2026-09-21 13:18:10.022 DEBUG: loss breakdown: energy_per_atom: 2.619766815721812, forces: 14.747278204213945, stress: 0.0017292420171747874, 
2026-09-21 13:18:10.173 DEBUG: loss breakdown: energy_per_atom: 0.7256088277282204, forces: 39.33172387396267, stress: 0.0017047148217863243, 
2026-09-21 13:18:10.314 DEBUG: loss breakdown: energy_per_atom: 1.7102755617726646, forces: 32.47500364667566, stress: 0.0012553026464697948, 
2026-09-21 13:18:10.446 DEBUG: loss breakdown: energy_per_atom: 3.7912812922924495, forces: 10.585339033433511, stress: 0.01244174371140942, 
2026-09-21 13:18:10.606 DEBUG: loss breakdown: energy_per_atom: 1.7370264047472672, forces: 24.528896861497003, stress: 0.00046510900555264814, 
2026-09-21 13:18:10.766 DEBUG: loss breakdown: energy_per_atom: 0.6644390433644152, forces: 12.836665192268216, stress: 0.0006947734856320499, 
2026-09-21 13:18:10.907 DEBUG: loss breakdown: energy_per_atom: 0.7034119350855933, forces: 15.252040347869219, stress: 0.0013465778854140778, 
2026-09-21 13:18:11.038 DEBUG: loss breakdown: energy_per_atom: 15.460100987565626, forces: 10.40571839311282, stress: 0.0009086508719530006, 
2026-09-21 13:18:11.180 DEBUG: loss breakdown: energy_per_atom: 0.6234878103846353, forces: 468.96337029535607, stress: 0.001248193608769461, 
2026-09-21 13:18:11.320 DEBUG: loss breakdown: energy_per_atom: 0.45064156381743753, forces: 19.977678536740466, stress: 0.001374745254115367, 
2026-09-21 13:18:11.470 DEBUG: loss breakdown: energy_per_atom: 0.4724617441413441, forces: 19.19649688243993, stress: 0.0014154937500522988, 
2026-09-21 13:18:11.623 DEBUG: loss breakdown: energy_per_atom: 19.580303415469135, forces: 19.9473903310318, stress: 0.0013614098282279808, 
2026-09-21 13:18:11.774 DEBUG: loss breakdown: energy_per_atom: 1.7065759315982845, forces: 25.65432193790992, stress: 0.0018350688011531822, 
2026-09-21 13:18:11.918 DEBUG: loss breakdown: energy_per_atom: 0.37948446560365967, forces: 94.8595759410934, stress: 0.003233902934732553, 
2026-09-21 13:18:12.063 DEBUG: loss breakdown: energy_per_atom: 0.5856908879498414, forces: 8.157571863547835, stress: 0.013613697747458582, 
2026-09-21 13:18:12.261 DEBUG: loss breakdown: energy_per_atom: 0.8486605979122116, forces: 28.823100000287116, stress: 0.0005376804853533547, 
2026-09-21 13:18:12.397 DEBUG: loss breakdown: energy_per_atom: 0.9171034151773141, forces: 23.373324152947227, stress: 0.0006538411716581394, 
2026-09-21 13:18:12.546 DEBUG: loss breakdown: energy_per_atom: 1.1782555588859571, forces: 27.42502883751861, stress: 0.0020262889673700996, 
2026-09-21 13:18:12.680 DEBUG: loss breakdown: energy_per_atom: 0.23914342264619448, forces: 17.287778483076004, stress: 0.001088584170051349, 
2026-09-21 13:18:12.807 DEBUG: loss breakdown: energy_per_atom: 1.028241257568986, forces: 28.412293558709685, stress: 0.0024281160826025044, 
2026-09-21 13:18:12.950 DEBUG: loss breakdown: energy_per_atom: 0.4183487735615457, forces: 20.194897548669744, stress: 0.0010868155902011539, 
2026-09-21 13:18:13.104 DEBUG: loss breakdown: energy_per_atom: 1.5696069246389244, forces: 20.596201097970983, stress: 0.0010030265116534936, 
2026-09-21 13:18:13.258 DEBUG: loss breakdown: energy_per_atom: 0.5622749726857398, forces: 36.85509308448425, stress: 0.0011463833474042204, 
2026-09-21 13:18:13.389 DEBUG: loss breakdown: energy_per_atom: 1.581443490196437, forces: 26.990500804564636, stress: 0.000916838958722749, 
2026-09-21 13:18:13.527 DEBUG: loss breakdown: energy_per_atom: 0.3184522520796176, forces: 18.65114059612958, stress: 0.00111270346289647, 
2026-09-21 13:18:13.673 DEBUG: loss breakdown: energy_per_atom: 4.338724762956379, forces: 25.170335869754553, stress: 0.0017265370625930638, 
2026-09-21 13:18:13.817 DEBUG: loss breakdown: energy_per_atom: 0.936126828879434, forces: 11.171712857635764, stress: 0.0010009212514158624, 
2026-09-21 13:18:13.976 DEBUG: loss breakdown: energy_per_atom: 2.5628022395187466, forces: 27.273904666663363, stress: 0.0056421355068827965, 
2026-09-21 13:18:14.110 DEBUG: loss breakdown: energy_per_atom: 0.3304474446518353, forces: 20.091500405224018, stress: 0.00476599911363563, 
2026-09-21 13:18:14.243 DEBUG: loss breakdown: energy_per_atom: 0.7664506743350736, forces: 10.728739058361471, stress: 0.001149725348607307, 
2026-09-21 13:18:14.378 DEBUG: loss breakdown: energy_per_atom: 1.430787432696159, forces: 7.332848237502833, stress: 0.0011333143566203366, 
2026-09-21 13:18:14.528 DEBUG: loss breakdown: energy_per_atom: 1.831559883079744, forces: 12.827155264233356, stress: 0.0009532986716977036, 
2026-09-21 13:18:14.662 DEBUG: loss breakdown: energy_per_atom: 83.6511950713509, forces: 22.37584059893114, stress: 0.0010750344393002421, 
2026-09-21 13:18:14.807 DEBUG: loss breakdown: energy_per_atom: 0.7573275029501476, forces: 14.463950236073075, stress: 0.001717990963626168, 
2026-09-21 13:18:14.983 DEBUG: loss breakdown: energy_per_atom: 0.2748246229399644, forces: 31.070236079694425, stress: 0.0015146656080149761, 
2026-09-21 13:18:15.123 DEBUG: loss breakdown: energy_per_atom: 0.4163599143010564, forces: 13.114087440649735, stress: 0.0006460726436451872, 
2026-09-21 13:18:15.277 DEBUG: loss breakdown: energy_per_atom: 1.3069744081402475, forces: 2051.7499829088424, stress: 0.011015336674167993, 
2026-09-21 13:18:15.423 DEBUG: loss breakdown: energy_per_atom: 0.5151184166813374, forces: 59.85495807082493, stress: 0.0011010527859306545, 
2026-09-21 13:18:15.553 DEBUG: loss breakdown: energy_per_atom: 10.658131457882149, forces: 16.628403207600698, stress: 0.000738164627395114, 
2026-09-21 13:18:15.685 DEBUG: loss breakdown: energy_per_atom: 1.6408553075819279, forces: 30.69367115845453, stress: 0.0017968235927417976, 
2026-09-21 13:18:15.840 DEBUG: loss breakdown: energy_per_atom: 38.36325648967509, forces: 43.99507907217351, stress: 0.001194937168845681, 
2026-09-21 13:18:15.997 DEBUG: loss breakdown: energy_per_atom: 0.39609991131306244, forces: 21.208037545147903, stress: 0.0019453045500635218, 
2026-09-21 13:18:16.139 DEBUG: loss breakdown: energy_per_atom: 0.7248891334642706, forces: 18.431137564164292, stress: 0.0008819087382997584, 
2026-09-21 13:18:16.279 DEBUG: loss breakdown: energy_per_atom: 0.5025555341318512, forces: 28.700110999507533, stress: 0.0011721534489524496, 
2026-09-21 13:18:16.411 DEBUG: loss breakdown: energy_per_atom: 35.51068697330601, forces: 12.666344653039715, stress: 0.0010881405532689858, 
2026-09-21 13:18:16.554 DEBUG: loss breakdown: energy_per_atom: 0.71266382083674, forces: 17.388683189766567, stress: 0.0006418440951694731, 
2026-09-21 13:18:16.694 DEBUG: loss breakdown: energy_per_atom: 0.5300987288777715, forces: 38.34094299631462, stress: 0.009224790200977488, 
2026-09-21 13:18:16.833 DEBUG: loss breakdown: energy_per_atom: 0.8340443760694007, forces: 21.795605868116308, stress: 0.000609669427357927, 
2026-09-21 13:18:16.974 DEBUG: loss breakdown: energy_per_atom: 1.5821714087229615, forces: 16.75924616828218, stress: 0.0004397854439194448, 
2026-09-21 13:18:17.109 DEBUG: loss breakdown: energy_per_atom: 2.2521186833380256, forces: 152.49384571333832, stress: 0.0032390090113584413, 
2026-09-21 13:18:17.245 DEBUG: loss breakdown: energy_per_atom: 0.8706805370475325, forces: 46.33523729121238, stress: 0.0009051094475796563, 
2026-09-21 13:18:17.377 DEBUG: loss breakdown: energy_per_atom: 1.9743968382016133, forces: 127.51962126891956, stress: 0.010046334906317626, 
2026-09-21 13:18:17.511 DEBUG: loss breakdown: energy_per_atom: 0.6494786834842906, forces: 10.77468587601493, stress: 0.0007954573181183293, 
2026-09-21 13:18:17.650 DEBUG: loss breakdown: energy_per_atom: 2.0699844936752316, forces: 17.129826426801078, stress: 0.0011427003843035998, 
2026-09-21 13:18:17.783 DEBUG: loss breakdown: energy_per_atom: 1.0700195860183705, forces: 15.264042907380231, stress: 0.00047993227146208683, 
2026-09-21 13:18:17.922 DEBUG: loss breakdown: energy_per_atom: 2.565980580029366, forces: 12.049798019079837, stress: 0.0005465408202649868, 
2026-09-21 13:18:18.071 DEBUG: loss breakdown: energy_per_atom: 0.4788083092384323, forces: 10.785747896197302, stress: 0.0005725244430654796, 
2026-09-21 13:18:18.212 DEBUG: loss breakdown: energy_per_atom: 0.4884714255779503, forces: 16.38409867272204, stress: 0.0007047541532775259, 
2026-09-21 13:18:18.361 DEBUG: loss breakdown: energy_per_atom: 3.2175625467013016, forces: 21.968681151811804, stress: 0.0007524568779746087, 
2026-09-21 13:18:18.511 DEBUG: loss breakdown: energy_per_atom: 0.48695275066898186, forces: 11.889398556051297, stress: 0.000989600201195603, 
2026-09-21 13:18:18.662 DEBUG: loss breakdown: energy_per_atom: 0.31995519781149107, forces: 33.983603792755765, stress: 0.0010866175173081354, 
2026-09-21 13:18:18.812 DEBUG: loss breakdown: energy_per_atom: 0.5445171773660755, forces: 8.019586719923346, stress: 0.000674126910264351, 
2026-09-21 13:18:18.974 DEBUG: loss breakdown: energy_per_atom: 0.5925837888796425, forces: 14.299079219748245, stress: 0.0006394487748642326, 
2026-09-21 13:18:19.128 DEBUG: loss breakdown: energy_per_atom: 1.3813725833976664, forces: 927.316275214316, stress: 0.013475690395602443, 
2026-09-21 13:18:19.282 DEBUG: loss breakdown: energy_per_atom: 0.5407837959448087, forces: 26.051946016324923, stress: 0.001193157548943107, 
2026-09-21 13:18:19.433 DEBUG: loss breakdown: energy_per_atom: 0.3637657802557383, forces: 20.110557012230732, stress: 0.0007807866673368412, 
2026-09-21 13:18:19.570 DEBUG: loss breakdown: energy_per_atom: 1.7344746399794337, forces: 17.28150449900244, stress: 0.0009411633442902786, 
2026-09-21 13:18:19.701 DEBUG: loss breakdown: energy_per_atom: 0.5533402869731943, forces: 12.06756390305737, stress: 0.0007327732448141321, 
2026-09-21 13:18:19.848 DEBUG: loss breakdown: energy_per_atom: 0.2643000164689358, forces: 31.743838789511102, stress: 0.0012741817856373465, 
2026-09-21 13:18:19.982 DEBUG: loss breakdown: energy_per_atom: 31.630515059520892, forces: 16.531029330013343, stress: 0.0007331248355101691, 
2026-09-21 13:18:20.142 DEBUG: loss breakdown: energy_per_atom: 7.971335174668082, forces: 31.940449577153053, stress: 0.0006930135948802248, 
2026-09-21 13:18:20.296 DEBUG: loss breakdown: energy_per_atom: 4.439544855566963, forces: 36.18659086360185, stress: 0.0005695848943082052, 
2026-09-21 13:18:20.435 DEBUG: loss breakdown: energy_per_atom: 0.14252386409811263, forces: 13.674879404031277, stress: 0.0012301874121457865, 
2026-09-21 13:18:20.567 DEBUG: loss breakdown: energy_per_atom: 4.965882443902916, forces: 15.517107019480484, stress: 0.0343036553154171, 
2026-09-21 13:18:20.712 DEBUG: loss breakdown: energy_per_atom: 0.5003308533849796, forces: 19.14048009970028, stress: 0.013036599799243456, 
2026-09-21 13:18:20.839 DEBUG: loss breakdown: energy_per_atom: 0.5111925454692108, forces: 26.589728033435055, stress: 0.0016179736312528633, 
2026-09-21 13:18:20.966 DEBUG: loss breakdown: energy_per_atom: 26.257324520996775, forces: 25.542599463070164, stress: 0.012606516523217665, 
2026-09-21 13:18:21.098 DEBUG: loss breakdown: energy_per_atom: 0.7786478033784241, forces: 22.30304321838092, stress: 0.00278883785521678, 
2026-09-21 13:18:21.229 DEBUG: loss breakdown: energy_per_atom: 0.5547173741541618, forces: 66.56007749375462, stress: 0.007689892901392572, 
2026-09-21 13:18:21.357 DEBUG: loss breakdown: energy_per_atom: 4.748620122406488, forces: 16.09009325243538, stress: 0.002268204250462247, 
2026-09-21 13:18:21.497 DEBUG: loss breakdown: energy_per_atom: 1.2516777919176238, forces: 20.39596886736128, stress: 0.0012441640102748167, 
2026-09-21 13:18:21.648 DEBUG: loss breakdown: energy_per_atom: 0.7229402467799063, forces: 23.09236561183036, stress: 0.0011802774858393453, 
2026-09-21 13:18:21.801 DEBUG: loss breakdown: energy_per_atom: 10.922472278056029, forces: 14.600225556757126, stress: 0.007001501962115125, 
2026-09-21 13:18:21.959 DEBUG: loss breakdown: energy_per_atom: 0.5754051386104982, forces: 19.376540685789443, stress: 0.0007598093542832696, 
2026-09-21 13:18:22.116 DEBUG: loss breakdown: energy_per_atom: 8.813337399865931, forces: 31.035010084730363, stress: 0.0016263931753594549, 
2026-09-21 13:18:22.270 DEBUG: loss breakdown: energy_per_atom: 0.24260524325946725, forces: 19.19980420587714, stress: 0.00047140090993886955, 
2026-09-21 13:18:22.407 DEBUG: loss breakdown: energy_per_atom: 1.5845147827294368, forces: 24.17044078488166, stress: 0.00086361328936899, 
2026-09-21 13:18:22.560 DEBUG: loss breakdown: energy_per_atom: 8.451238914891228, forces: 15.58643395904053, stress: 0.0008031153303447303, 
2026-09-21 13:18:22.705 DEBUG: loss breakdown: energy_per_atom: 1.11852531706631, forces: 127.0020167361098, stress: 0.0009601879665068252, 
2026-09-21 13:18:22.847 DEBUG: loss breakdown: energy_per_atom: 4.544779881307964, forces: 28.294743973672105, stress: 0.00070632577602915, 
2026-09-21 13:18:22.983 DEBUG: loss breakdown: energy_per_atom: 0.2937464269070752, forces: 17.564127800605956, stress: 0.0011519125917307577, 
2026-09-21 13:18:23.123 DEBUG: loss breakdown: energy_per_atom: 8.395731187028007, forces: 121.14842259741184, stress: 0.000928240598450925, 
2026-09-21 13:18:23.259 DEBUG: loss breakdown: energy_per_atom: 0.30985885288882475, forces: 31.580267836417725, stress: 0.006265050107727363, 
2026-09-21 13:18:23.407 DEBUG: loss breakdown: energy_per_atom: 1.4124928828933145, forces: 32.44054510266982, stress: 0.0010553056168496515, 
2026-09-21 13:18:23.545 DEBUG: loss breakdown: energy_per_atom: 0.5834952344308522, forces: 88.94336749530113, stress: 0.0034609032502527504, 
2026-09-21 13:18:23.688 DEBUG: loss breakdown: energy_per_atom: 2.190902091961725, forces: 9.693958903656352, stress: 0.0052867919916663895, 
2026-09-21 13:18:23.824 DEBUG: loss breakdown: energy_per_atom: 1.728873176303787, forces: 54.166105078812045, stress: 0.0004812807573993086, 
2026-09-21 13:18:23.978 DEBUG: loss breakdown: energy_per_atom: 0.7555389086312532, forces: 28.90003873328692, stress: 0.0006062131956809145, 
2026-09-21 13:18:24.103 DEBUG: loss breakdown: energy_per_atom: 0.4802720583897252, forces: 25.895043270817986, stress: 0.004739532512255427, 
2026-09-21 13:18:24.234 DEBUG: loss breakdown: energy_per_atom: 1.3414168404945903, forces: 20.99670066488857, stress: 0.0021845029626058883, 
2026-09-21 13:18:24.376 DEBUG: loss breakdown: energy_per_atom: 0.5751079825866903, forces: 17.611599113293256, stress: 0.0007484933118795055, 
2026-09-21 13:18:24.527 DEBUG: loss breakdown: energy_per_atom: 17.03070745539259, forces: 14.156310410861908, stress: 0.0008292911783112862, 
2026-09-21 13:18:24.682 DEBUG: loss breakdown: energy_per_atom: 1.9506500638363646, forces: 18.384485731402926, stress: 0.0005258770205057154, 
2026-09-21 13:18:24.830 DEBUG: loss breakdown: energy_per_atom: 0.24977114212087437, forces: 11.408129069553969, stress: 0.0005570159337682624, 
2026-09-21 13:18:24.988 DEBUG: loss breakdown: energy_per_atom: 1.473055960678628, forces: 21.269943083480534, stress: 0.0005530550419397721, 
2026-09-21 13:18:25.133 DEBUG: loss breakdown: energy_per_atom: 1.1884434016616845, forces: 26.809844452383718, stress: 0.0006866749999118922, 
2026-09-21 13:18:25.273 DEBUG: loss breakdown: energy_per_atom: 0.5613422041642907, forces: 76.12866507895781, stress: 0.0010949731755016975, 
2026-09-21 13:18:25.406 DEBUG: loss breakdown: energy_per_atom: 1.038160996140642, forces: 14.584844862524188, stress: 0.000744319892190883, 
2026-09-21 13:18:25.545 DEBUG: loss breakdown: energy_per_atom: 0.772854261146364, forces: 7.930922477223826, stress: 0.0008075093054661069, 
2026-09-21 13:18:25.699 DEBUG: loss breakdown: energy_per_atom: 0.2273959724408835, forces: 12.563462217316976, stress: 0.0011283648623785563, 
2026-09-21 13:18:25.834 DEBUG: loss breakdown: energy_per_atom: 19.81135522898838, forces: 62.47625028531687, stress: 0.0007350637792360312, 
2026-09-21 13:18:25.971 DEBUG: loss breakdown: energy_per_atom: 0.877883599676901, forces: 39.514800871629284, stress: 0.0009537493525429157, 
2026-09-21 13:18:26.107 DEBUG: loss breakdown: energy_per_atom: 13.754676991228417, forces: 18.393208506736887, stress: 0.0009695529583509368, 
2026-09-21 13:18:26.251 DEBUG: loss breakdown: energy_per_atom: 13.368690491418505, forces: 291.7935236231172, stress: 0.0007074075720281511, 
2026-09-21 13:18:26.384 DEBUG: loss breakdown: energy_per_atom: 0.3842635428930684, forces: 7.387129227442074, stress: 0.0019362785877507847, 
2026-09-21 13:18:26.520 DEBUG: loss breakdown: energy_per_atom: 0.34744914954328393, forces: 15.188795816483289, stress: 0.0010474580501982978, 
2026-09-21 13:18:26.674 DEBUG: loss breakdown: energy_per_atom: 0.44364574158314984, forces: 14.513104963052328, stress: 0.0009718891203314964, 
2026-09-21 13:18:26.816 DEBUG: loss breakdown: energy_per_atom: 3.3816294815850654, forces: 6.7283415811501674, stress: 0.0008917671738281271, 
2026-09-21 13:18:26.941 DEBUG: loss breakdown: energy_per_atom: 0.9180962572664337, forces: 6.835330405854758, stress: 0.0007492894071248191, 
2026-09-21 13:18:27.097 DEBUG: loss breakdown: energy_per_atom: 0.4005712379013946, forces: 22.815111799262166, stress: 0.0015205956826160204, 
2026-09-21 13:18:27.261 DEBUG: loss breakdown: energy_per_atom: 1.66671625837903, forces: 23.94400555052668, stress: 0.002340639517019831, 
2026-09-21 13:18:27.393 DEBUG: loss breakdown: energy_per_atom: 11.980003360593338, forces: 23.75093023822345, stress: 0.001369069996424778, 
2026-09-21 13:18:27.522 DEBUG: loss breakdown: energy_per_atom: 0.5027440454139498, forces: 21.24411002067076, stress: 0.0010812248564971564, 
2026-09-21 13:18:27.667 DEBUG: loss breakdown: energy_per_atom: 1.2023822668547246, forces: 58.47292714501305, stress: 0.0008265295489096338, 
2026-09-21 13:18:27.794 DEBUG: loss breakdown: energy_per_atom: 0.38556455666076894, forces: 26.756035209019284, stress: 0.0008790232651303223, 
2026-09-21 13:18:27.914 DEBUG: loss breakdown: energy_per_atom: 0.9407832761132058, forces: 16.810027676568915, stress: 0.0014204016775546972, 
2026-09-21 13:18:28.038 DEBUG: loss breakdown: energy_per_atom: 0.6363333937424149, forces: 7.541709594629979, stress: 0.0012432748270820363, 
2026-09-21 13:18:28.204 DEBUG: loss breakdown: energy_per_atom: 0.7710508890799265, forces: 18.367424943627565, stress: 0.012364244464987727, 
2026-09-21 13:18:28.363 DEBUG: loss breakdown: energy_per_atom: 0.38455727454320454, forces: 29.322859054815325, stress: 0.001515009585682789, 
2026-09-21 13:18:28.532 DEBUG: loss breakdown: energy_per_atom: 0.29082680893622026, forces: 14.77098440019109, stress: 0.0011609254104126816, 
2026-09-21 13:18:28.669 DEBUG: loss breakdown: energy_per_atom: 1.064769519483376, forces: 19.727214185588974, stress: 0.0005815359852492721, 
2026-09-21 13:18:28.803 DEBUG: loss breakdown: energy_per_atom: 8.673885920440718, forces: 55.333545306624266, stress: 0.0006822016809370254, 
2026-09-21 13:18:28.946 DEBUG: loss breakdown: energy_per_atom: 1.6799932298366493, forces: 31.802289638130134, stress: 0.0005429031226399469, 
2026-09-21 13:18:29.087 DEBUG: loss breakdown: energy_per_atom: 2.9723403653565352, forces: 10.46597757660701, stress: 0.00037437094747815155, 
2026-09-21 13:18:29.226 DEBUG: loss breakdown: energy_per_atom: 1.1122968876625299, forces: 23.090974540368883, stress: 0.003530496415396509, 
2026-09-21 13:18:29.357 DEBUG: loss breakdown: energy_per_atom: 0.4589758537268196, forces: 17.233478446205623, stress: 0.0004799696050720815, 
2026-09-21 13:18:29.502 DEBUG: loss breakdown: energy_per_atom: 0.2313417319870859, forces: 37.91427098936413, stress: 0.0007620407208095123, 
2026-09-21 13:18:29.681 DEBUG: loss breakdown: energy_per_atom: 0.664810408850537, forces: 33.379050625988285, stress: 0.0005610899874612427, 
2026-09-21 13:18:29.836 DEBUG: loss breakdown: energy_per_atom: 1.5546052459156872, forces: 7.919561813132018, stress: 0.0008986979544821626, 
2026-09-21 13:18:29.982 DEBUG: loss breakdown: energy_per_atom: 0.8888472988966658, forces: 28.443747226929574, stress: 0.001047473974507926, 
2026-09-21 13:18:30.129 DEBUG: loss breakdown: energy_per_atom: 0.48359185139886024, forces: 17.52052046401153, stress: 0.0008259750384606082, 
2026-09-21 13:18:30.286 DEBUG: loss breakdown: energy_per_atom: 0.3581391897314137, forces: 22.813883732571348, stress: 0.0009318434853928826, 
2026-09-21 13:18:30.427 DEBUG: loss breakdown: energy_per_atom: 0.2543559611511498, forces: 15.920145058498322, stress: 0.0009120780532013939, 
2026-09-21 13:18:30.565 DEBUG: loss breakdown: energy_per_atom: 1.0404663978910995, forces: 12.593543043761054, stress: 0.0014495653329523119, 
2026-09-21 13:18:30.707 DEBUG: loss breakdown: energy_per_atom: 0.58784972562053, forces: 19.084269114796566, stress: 0.0010540800548793047, 
2026-09-21 13:18:30.837 DEBUG: loss breakdown: energy_per_atom: 1.4812752013475237, forces: 12.435186431705358, stress: 0.0008381002633742309, 
2026-09-21 13:18:30.978 DEBUG: loss breakdown: energy_per_atom: 1.6457991070183338, forces: 9.67525639617927, stress: 0.0005756116826324838, 
2026-09-21 13:18:31.122 DEBUG: loss breakdown: energy_per_atom: 1.3670808578877824, forces: 13.063812252231155, stress: 0.0007093023940956965, 
2026-09-21 13:18:31.264 DEBUG: loss breakdown: energy_per_atom: 0.6419942984241096, forces: 37.99996501304509, stress: 0.0003137286091807805, 
2026-09-21 13:18:31.407 DEBUG: loss breakdown: energy_per_atom: 0.23737177169992538, forces: 28.66031032363572, stress: 0.000849530610232792, 
2026-09-21 13:18:31.562 DEBUG: loss breakdown: energy_per_atom: 0.3915292536220902, forces: 37.03059068294229, stress: 0.006151622815072309, 
2026-09-21 13:18:31.702 DEBUG: loss breakdown: energy_per_atom: 0.2920041984252757, forces: 17.177831216690418, stress: 0.0011141112747036909, 
2026-09-21 13:18:31.838 DEBUG: loss breakdown: energy_per_atom: 0.6390334674074369, forces: 16.03397083820982, stress: 0.0012398813099740872, 
2026-09-21 13:18:31.967 DEBUG: loss breakdown: energy_per_atom: 1.2808229369594126, forces: 22.845444182044808, stress: 0.0010575808268115366, 
2026-09-21 13:18:32.096 DEBUG: loss breakdown: energy_per_atom: 0.4053794377546075, forces: 27.52397555619745, stress: 0.0018360571343730202, 
2026-09-21 13:18:32.241 DEBUG: loss breakdown: energy_per_atom: 82.64831320259908, forces: 402.65864321159233, stress: 0.0071612798819376345, 
2026-09-21 13:18:32.375 DEBUG: loss breakdown: energy_per_atom: 1.2675707660634095, forces: 70.03743229930146, stress: 0.0017958089946029298, 
2026-09-21 13:18:32.507 DEBUG: loss breakdown: energy_per_atom: 0.9725334243547246, forces: 54.08687879435892, stress: 0.0012087950305130603, 
2026-09-21 13:18:32.659 DEBUG: loss breakdown: energy_per_atom: 0.4502427149242557, forces: 21.472806068552714, stress: 0.0008283849686931177, 
2026-09-21 13:18:32.807 DEBUG: loss breakdown: energy_per_atom: 0.1838793218272194, forces: 20.03728124956664, stress: 0.000604660212078442, 
2026-09-21 13:18:32.958 DEBUG: loss breakdown: energy_per_atom: 0.6242384834383545, forces: 34.88257189423553, stress: 0.0006204324820289254, 
2026-09-21 13:18:33.107 DEBUG: loss breakdown: energy_per_atom: 0.24932408368374132, forces: 7.948978367022278, stress: 0.001149736859621315, 
2026-09-21 13:18:33.249 DEBUG: loss breakdown: energy_per_atom: 8.0106537378113, forces: 21.155308621553694, stress: 0.0012173952229403854, 
2026-09-21 13:18:33.395 DEBUG: loss breakdown: energy_per_atom: 0.35889802110618924, forces: 14.085487319116705, stress: 0.000990903609209164, 
2026-09-21 13:18:33.550 DEBUG: loss breakdown: energy_per_atom: 0.22124652785550086, forces: 15.352208905892525, stress: 0.0009127324522917679, 
2026-09-21 13:18:33.689 DEBUG: loss breakdown: energy_per_atom: 1.2313968684384635, forces: 26.766069559831074, stress: 0.0005693505567872198, 
2026-09-21 13:18:33.813 DEBUG: loss breakdown: energy_per_atom: 0.54686279230278, forces: 19.588316955383803, stress: 0.002646032940973166, 
2026-09-21 13:18:33.940 DEBUG: loss breakdown: energy_per_atom: 0.6036783918214543, forces: 20.96614743498188, stress: 0.0005744301044334087, 
2026-09-21 13:18:34.082 DEBUG: loss breakdown: energy_per_atom: 0.492607877610939, forces: 60.24261905948186, stress: 0.0009030407806572086, 
2026-09-21 13:18:34.227 DEBUG: loss breakdown: energy_per_atom: 0.9208221665213719, forces: 14.996563431408703, stress: 0.0015580966733612512, 
2026-09-21 13:18:34.375 DEBUG: loss breakdown: energy_per_atom: 5.205001147521085, forces: 16.87628951666216, stress: 0.0009549032871539095, 
2026-09-21 13:18:34.513 DEBUG: loss breakdown: energy_per_atom: 15.335769949154013, forces: 15.105585050213755, stress: 0.0002629804862824329, 
2026-09-21 13:18:34.656 DEBUG: loss breakdown: energy_per_atom: 0.8773080928395128, forces: 23.807365427578397, stress: 0.0008091952165751082, 
2026-09-21 13:18:34.812 DEBUG: loss breakdown: energy_per_atom: 0.16006112890563537, forces: 7.508798297826703, stress: 0.00042185626141089317, 
2026-09-21 13:18:34.955 DEBUG: loss breakdown: energy_per_atom: 0.14154748610017653, forces: 12.133439704713677, stress: 0.0009685442448018491, 
2026-09-21 13:18:35.109 DEBUG: loss breakdown: energy_per_atom: 2.0234948032227993, forces: 182.66970360689206, stress: 0.0006129446882732078, 
2026-09-21 13:18:35.267 DEBUG: loss breakdown: energy_per_atom: 4.170176910485573, forces: 24.52009642740277, stress: 0.0009960304938490176, 
2026-09-21 13:18:35.404 DEBUG: loss breakdown: energy_per_atom: 0.6047375411484632, forces: 18.481664345043, stress: 0.0010903482582998603, 
2026-09-21 13:18:35.543 DEBUG: loss breakdown: energy_per_atom: 0.6958278550787946, forces: 14.825298489914033, stress: 0.0013911357663780992, 
2026-09-21 13:18:35.707 DEBUG: loss breakdown: energy_per_atom: 0.4069117676229572, forces: 12.355908652793673, stress: 0.001103667336243468, 
2026-09-21 13:18:35.873 DEBUG: loss breakdown: energy_per_atom: 1.730575851408556, forces: 14.020833846710978, stress: 0.0014306921750093253, 
2026-09-21 13:18:36.216 DEBUG: loss breakdown: energy_per_atom: 0.43115828813289603, forces: 41.00719327224726, stress: 0.000699052270298132, 
2026-09-21 13:18:36.343 DEBUG: loss breakdown: energy_per_atom: 0.7283980366321422, forces: 30.5917887966838, stress: 0.0006211753260325551, 
2026-09-21 13:18:36.486 DEBUG: loss breakdown: energy_per_atom: 5.141836465705952, forces: 41.06600991781303, stress: 0.0005264919573311377, 
2026-09-21 13:18:36.631 DEBUG: loss breakdown: energy_per_atom: 24.823480266010165, forces: 15.111825703461179, stress: 0.0013349081211664997, 
2026-09-21 13:18:36.760 DEBUG: loss breakdown: energy_per_atom: 1.37100326426467, forces: 12.190154875898465, stress: 0.001251681670311188, 
2026-09-21 13:18:36.905 DEBUG: loss breakdown: energy_per_atom: 1.8542248110668091, forces: 24.77319123672007, stress: 0.0008775494086469128, 
2026-09-21 13:18:37.037 DEBUG: loss breakdown: energy_per_atom: 3.204939781220206, forces: 13.446004848348439, stress: 0.006573171008093075, 
2026-09-21 13:18:37.172 DEBUG: loss breakdown: energy_per_atom: 0.2572451850006058, forces: 4.903439112960466, stress: 0.001101376257194257, 
2026-09-21 13:18:37.309 DEBUG: loss breakdown: energy_per_atom: 0.827555084133803, forces: 39.8361978687613, stress: 0.0005485480315793372, 
2026-09-21 13:18:37.448 DEBUG: loss breakdown: energy_per_atom: 0.48296343854998425, forces: 27.028326292150652, stress: 0.000664241643143498, 
2026-09-21 13:18:37.581 DEBUG: loss breakdown: energy_per_atom: 1.3916559769903678, forces: 54.30798208062503, stress: 0.0007506798574334374, 
2026-09-21 13:18:37.718 DEBUG: loss breakdown: energy_per_atom: 17.359915723017934, forces: 23.023171519589216, stress: 0.0005149992622181376, 
2026-09-21 13:18:37.868 DEBUG: loss breakdown: energy_per_atom: 0.728934497257737, forces: 96.73225532026335, stress: 0.005372945297217078, 
2026-09-21 13:18:38.010 DEBUG: loss breakdown: energy_per_atom: 3.0737186410746213, forces: 28.864589000976366, stress: 0.0007895707960680312, 
2026-09-21 13:18:38.149 DEBUG: loss breakdown: energy_per_atom: 1.7433008250945026, forces: 17.933309890072035, stress: 0.0010648987595628637, 
2026-09-21 13:18:38.286 DEBUG: loss breakdown: energy_per_atom: 0.254995676666417, forces: 16.31867969666941, stress: 0.0011807438033576685, 
2026-09-21 13:18:38.451 DEBUG: loss breakdown: energy_per_atom: 6.521859097242576, forces: 19.268639520432586, stress: 0.0008055404694688529, 
2026-09-21 13:18:38.598 DEBUG: loss breakdown: energy_per_atom: 0.4658010248308925, forces: 19.324681591287067, stress: 0.00822349012085069, 
2026-09-21 13:18:38.754 DEBUG: loss breakdown: energy_per_atom: 0.43775070677869077, forces: 16.26049211100081, stress: 0.0009377971476132179, 
2026-09-21 13:18:38.907 DEBUG: loss breakdown: energy_per_atom: 3.816029949947149, forces: 16.9193390701815, stress: 0.0006178626149948365, 
2026-09-21 13:18:39.056 DEBUG: loss breakdown: energy_per_atom: 0.44272000765667097, forces: 17.42404732594214, stress: 0.0008434414423067571, 
2026-09-21 13:18:39.191 DEBUG: loss breakdown: energy_per_atom: 1.774806767962797, forces: 12.043866002724128, stress: 0.00044776855745222715, 
2026-09-21 13:18:39.331 DEBUG: loss breakdown: energy_per_atom: 0.6354606094595655, forces: 30.096598672250735, stress: 0.0006400172914569092, 
2026-09-21 13:18:39.458 DEBUG: loss breakdown: energy_per_atom: 1.5288585052629236, forces: 20.170747432244987, stress: 0.0004375085953352138, 
2026-09-21 13:18:39.568 DEBUG: loss breakdown: energy_per_atom: 0.26427507853211646, forces: 21.901987736649, stress: 0.0006171961003793333, 
2026-09-21 13:18:39.688 DEBUG: loss breakdown: energy_per_atom: 26.416320391829647, forces: 15.618796991399995, stress: 0.0008135340109078918, 
2026-09-21 13:18:39.811 DEBUG: loss breakdown: energy_per_atom: 0.44426391379798635, forces: 23.42428513962788, stress: 0.0006005879593342369, 
2026-09-21 13:18:39.936 DEBUG: loss breakdown: energy_per_atom: 0.4675089573937218, forces: 13.445454004180096, stress: 0.0009484436129931587, 
2026-09-21 13:18:40.052 DEBUG: loss breakdown: energy_per_atom: 6.559413229584669, forces: 13.45929746513448, stress: 0.0009610707204712936, 
2026-09-21 13:18:40.159 DEBUG: loss breakdown: energy_per_atom: 0.20263666217741688, forces: 14.060042713882599, stress: 0.0008485735786429245, 
2026-09-21 13:18:40.278 DEBUG: loss breakdown: energy_per_atom: 1.3871544899034232, forces: 6.921960349729468, stress: 0.0005174772249919114, 
2026-09-21 13:18:40.389 DEBUG: loss breakdown: energy_per_atom: 3.3665848883081333, forces: 11.520843527346438, stress: 0.00040229429666077167, 
2026-09-21 13:18:40.494 DEBUG: loss breakdown: energy_per_atom: 1.2177247685543484, forces: 698.6907035342039, stress: 0.0010024818239393206, 
2026-09-21 13:18:40.600 DEBUG: loss breakdown: energy_per_atom: 3.594296570490659, forces: 12.652939264818983, stress: 0.0005682418439981638, 
2026-09-21 13:18:40.707 DEBUG: loss breakdown: energy_per_atom: 1.4106337263834223, forces: 44.99601743998764, stress: 0.0005507328365342092, 
2026-09-21 13:18:40.813 DEBUG: loss breakdown: energy_per_atom: 2.494345267247631, forces: 16.769308362798547, stress: 0.0009513538282391224, 
2026-09-21 13:18:41.615 DEBUG: Creating converter from 3 to 5
2026-09-21 13:18:41.615 DEBUG: Creating converter from 3 to 5
2026-09-21 13:18:41.616 DEBUG: Creating converter from 3 to 5
2026-09-21 13:18:41.616 DEBUG: Creating converter from 3 to 5
2026-09-21 13:18:41.616 DEBUG: Creating converter from 3 to 5
2026-09-21 13:18:41.617 DEBUG: Creating converter from 3 to 5
2026-09-21 13:18:41.620 DEBUG: Creating converter from 3 to 5
2026-09-21 13:18:41.657 DEBUG: Creating converter from 3 to 5
2026-09-21 13:18:41.749 DEBUG: Creating converter from 3 to 5
2026-09-21 13:18:41.750 DEBUG: Creating converter from 3 to 5
2026-09-21 13:18:41.750 DEBUG: Creating converter from 3 to 5
2026-09-21 13:18:41.750 DEBUG: Creating converter from 3 to 5
2026-09-21 13:18:41.751 DEBUG: Creating converter from 3 to 5
2026-09-21 13:18:41.751 DEBUG: Creating converter from 3 to 5
2026-09-21 13:18:41.752 DEBUG: Creating converter from 3 to 5
2026-09-21 13:18:41.752 DEBUG: Creating converter from 3 to 5
2026-09-21 13:18:41.752 DEBUG: Creating converter from 3 to 5
2026-09-21 13:18:41.753 DEBUG: Creating converter from 3 to 5
2026-09-21 13:18:41.753 DEBUG: Creating converter from 3 to 5
2026-09-21 13:18:41.753 DEBUG: Creating converter from 3 to 5
2026-09-21 13:18:41.755 DEBUG: Creating converter from 3 to 5
2026-09-21 13:18:41.755 DEBUG: Creating converter from 3 to 5
2026-09-21 13:18:41.755 DEBUG: Creating converter from 3 to 5
2026-09-21 13:18:41.755 DEBUG: Creating converter from 3 to 5
2026-09-21 13:18:41.756 DEBUG: Creating converter from 3 to 5
2026-09-21 13:18:41.756 DEBUG: Creating converter from 3 to 5
2026-09-21 13:18:41.756 DEBUG: Creating converter from 3 to 5
2026-09-21 13:18:41.757 DEBUG: Creating converter from 3 to 5
2026-09-21 13:18:41.757 DEBUG: Creating converter from 3 to 5
2026-09-21 13:18:41.757 DEBUG: Creating converter from 3 to 5
2026-09-21 13:18:41.758 DEBUG: Creating converter from 3 to 5
2026-09-21 13:18:41.758 DEBUG: Creating converter from 3 to 5
2026-09-21 13:18:41.759 DEBUG: Creating converter from 3 to 5
2026-09-21 13:18:41.760 DEBUG: Creating converter from 3 to 5
2026-09-21 13:18:41.761 DEBUG: Creating converter from 3 to 5
2026-09-21 13:18:41.762 DEBUG: Creating converter from 3 to 5
2026-09-21 13:18:41.763 DEBUG: Creating converter from 3 to 5
2026-09-21 13:18:41.763 DEBUG: Creating converter from 3 to 5
2026-09-21 13:18:41.763 DEBUG: Creating converter from 3 to 5
2026-09-21 13:18:41.763 DEBUG: Creating converter from 3 to 5
2026-09-21 13:18:41.764 DEBUG: Creating converter from 3 to 5
2026-09-21 13:18:41.765 DEBUG: Creating converter from 3 to 5
2026-09-21 13:18:41.766 DEBUG: Creating converter from 3 to 5
2026-09-21 13:18:41.766 DEBUG: Creating converter from 3 to 5
2026-09-21 13:18:41.766 DEBUG: Creating converter from 3 to 5
2026-09-21 13:18:41.767 DEBUG: Creating converter from 3 to 5
2026-09-21 13:18:41.767 DEBUG: Creating converter from 3 to 5
2026-09-21 13:18:41.768 DEBUG: Creating converter from 3 to 5
2026-09-21 13:18:41.769 DEBUG: Creating converter from 3 to 5
2026-09-21 13:18:41.768 DEBUG: Creating converter from 3 to 5
2026-09-21 13:18:41.770 DEBUG: Creating converter from 3 to 5
2026-09-21 13:18:41.769 DEBUG: Creating converter from 3 to 5
2026-09-21 13:18:41.770 DEBUG: Creating converter from 3 to 5
2026-09-21 13:18:41.770 DEBUG: Creating converter from 3 to 5
2026-09-21 13:18:41.770 DEBUG: Creating converter from 3 to 5
2026-09-21 13:18:41.771 DEBUG: Creating converter from 3 to 5
2026-09-21 13:18:41.771 DEBUG: Creating converter from 3 to 5
2026-09-21 13:18:41.773 DEBUG: Creating converter from 3 to 5
2026-09-21 13:18:41.774 DEBUG: Creating converter from 3 to 5
2026-09-21 13:18:41.780 DEBUG: Creating converter from 3 to 5
2026-09-21 13:18:41.792 DEBUG: Creating converter from 3 to 5
2026-09-21 13:18:41.806 DEBUG: Creating converter from 3 to 5
2026-09-21 13:18:41.815 DEBUG: Creating converter from 3 to 5
2026-09-21 13:18:41.926 DEBUG: Creating converter from 3 to 5
2026-09-21 13:18:43.601 DEBUG: loss breakdown: energy_per_atom: 1.6373122488481453, forces: 35.611149076210594, stress: 0.002790396621840442, 
2026-09-21 13:18:43.999 DEBUG: loss breakdown: energy_per_atom: 0.3683184933334876, forces: 20.346751518952257, stress: 0.000588478954035024, 
2026-09-21 13:18:44.072 DEBUG: loss breakdown: energy_per_atom: 2.665110577834258, forces: 21.57495495765673, stress: 0.001139708106247703, 
2026-09-21 13:18:44.135 DEBUG: loss breakdown: energy_per_atom: 1.1682661875832203, forces: 30.88601890679481, stress: 0.0007286582564743808, 
2026-09-21 13:18:44.220 DEBUG: loss breakdown: energy_per_atom: 2.0937163250197157, forces: 34.834273655354885, stress: 0.0005816116698225262, 
2026-09-21 13:18:44.289 DEBUG: loss breakdown: energy_per_atom: 2.6305394615151885, forces: 15.20813051738881, stress: 0.0006397148271234222, 
2026-09-21 13:18:44.379 DEBUG: loss breakdown: energy_per_atom: 0.5249718799127979, forces: 46.09645653556871, stress: 0.003664657186873208, 
2026-09-21 13:18:44.459 DEBUG: loss breakdown: energy_per_atom: 1.7939907325854236, forces: 55.3523618389894, stress: 0.0006618231936926838, 
2026-09-21 13:18:45.404 DEBUG: loss breakdown: energy_per_atom: 0.8058321859605588, forces: 11.54974294961475, stress: 0.0006199435447001809, 
2026-09-21 13:18:45.478 DEBUG: loss breakdown: energy_per_atom: 0.33433501661735365, forces: 200.0859858420623, stress: 0.003562979168034929, 
2026-09-21 13:18:45.565 DEBUG: loss breakdown: energy_per_atom: 0.6195397500445564, forces: 49.42629675911398, stress: 0.005961575874930749, 
2026-09-21 13:18:45.740 DEBUG: loss breakdown: energy_per_atom: 0.6150144814645514, forces: 24.688381850951217, stress: 0.0008148707184348079, 
2026-09-21 13:18:45.812 DEBUG: loss breakdown: energy_per_atom: 0.36554374883370677, forces: 56.39193330857454, stress: 0.0038783799906796416, 
2026-09-21 13:18:45.893 DEBUG: loss breakdown: energy_per_atom: 2.50291290953208, forces: 62.36652504906779, stress: 0.0066138398546516835, 
2026-09-21 13:18:45.950 DEBUG: loss breakdown: energy_per_atom: 2.142465037707768, forces: 24.673601152642647, stress: 0.0029807989700021786, 
2026-09-21 13:18:46.112 DEBUG: loss breakdown: energy_per_atom: 2.738954287675081, forces: 23.407516128249085, stress: 0.0006238508416743788, 
2026-09-21 13:18:47.319 DEBUG: loss breakdown: energy_per_atom: 1.2386711454214665, forces: 42.30967525825649, stress: 0.0005990372794620004, 
2026-09-21 13:18:47.393 DEBUG: loss breakdown: energy_per_atom: 2.9068931436650627, forces: 18.49325950321789, stress: 0.0007657705766916976, 
2026-09-21 13:18:47.463 DEBUG: loss breakdown: energy_per_atom: 0.3370632555731899, forces: 28.888477420807448, stress: 0.0004494710580299949, 
2026-09-21 13:18:47.537 DEBUG: loss breakdown: energy_per_atom: 0.5266287486474304, forces: 68.14896447428573, stress: 0.0066896076177729085, 
2026-09-21 13:18:47.617 DEBUG: loss breakdown: energy_per_atom: 0.45782291219992305, forces: 13.57104597133662, stress: 0.0010043416975299287, 
2026-09-21 13:18:47.681 DEBUG: loss breakdown: energy_per_atom: 1.924892101189781, forces: 24.509679424362524, stress: 0.0006140756714704227, 
2026-09-21 13:18:47.952 INFO: Epoch 1: loss=43.7783, RMSE_E_per_atom=1235.6 meV, RMSE_F=650.2 meV / A, RMSE_stress_per_atom=7.2 meV / A^3
2026-09-21 13:18:47.956 DEBUG: Deleting old checkpoint file: /global/u1/t/twarford/dev/mace-scf/fit_matpes_vanilla/checkpoints/matpes_vanilla_run-1_stage1_epoch-0.pt
2026-09-21 13:18:47.961 DEBUG: Saving checkpoint: /global/u1/t/twarford/dev/mace-scf/fit_matpes_vanilla/checkpoints/matpes_vanilla_run-1_stage1_epoch-1.pt
2026-09-21 13:18:49.149 DEBUG: Creating converter from 3 to 5
2026-09-21 13:18:49.149 DEBUG: Creating converter from 3 to 5
2026-09-21 13:18:49.150 DEBUG: Creating converter from 3 to 5
2026-09-21 13:18:49.149 DEBUG: Creating converter from 3 to 5
2026-09-21 13:18:49.149 DEBUG: Creating converter from 3 to 5
2026-09-21 13:18:49.150 DEBUG: Creating converter from 3 to 5
2026-09-21 13:18:49.150 DEBUG: Creating converter from 3 to 5
2026-09-21 13:18:49.150 DEBUG: Creating converter from 3 to 5
2026-09-21 13:18:49.274 DEBUG: Creating converter from 3 to 5
2026-09-21 13:18:49.274 DEBUG: Creating converter from 3 to 5
2026-09-21 13:18:49.274 DEBUG: Creating converter from 3 to 5
2026-09-21 13:18:49.275 DEBUG: Creating converter from 3 to 5
2026-09-21 13:18:49.275 DEBUG: Creating converter from 3 to 5
2026-09-21 13:18:49.275 DEBUG: Creating converter from 3 to 5
2026-09-21 13:18:49.275 DEBUG: Creating converter from 3 to 5
2026-09-21 13:18:49.275 DEBUG: Creating converter from 3 to 5
2026-09-21 13:18:49.276 DEBUG: Creating converter from 3 to 5
2026-09-21 13:18:49.275 DEBUG: Creating converter from 3 to 5
2026-09-21 13:18:49.276 DEBUG: Creating converter from 3 to 5
2026-09-21 13:18:49.275 DEBUG: Creating converter from 3 to 5
2026-09-21 13:18:49.276 DEBUG: Creating converter from 3 to 5
2026-09-21 13:18:49.276 DEBUG: Creating converter from 3 to 5
2026-09-21 13:18:49.277 DEBUG: Creating converter from 3 to 5
2026-09-21 13:18:49.282 DEBUG: Creating converter from 3 to 5
2026-09-21 13:18:49.286 DEBUG: Creating converter from 3 to 5
2026-09-21 13:18:49.286 DEBUG: Creating converter from 3 to 5
2026-09-21 13:18:49.286 DEBUG: Creating converter from 3 to 5
2026-09-21 13:18:49.286 DEBUG: Creating converter from 3 to 5
2026-09-21 13:18:49.286 DEBUG: Creating converter from 3 to 5
2026-09-21 13:18:49.287 DEBUG: Creating converter from 3 to 5
2026-09-21 13:18:49.287 DEBUG: Creating converter from 3 to 5
2026-09-21 13:18:49.289 DEBUG: Creating converter from 3 to 5
2026-09-21 13:18:49.289 DEBUG: Creating converter from 3 to 5
2026-09-21 13:18:49.291 DEBUG: Creating converter from 3 to 5
2026-09-21 13:18:49.292 DEBUG: Creating converter from 3 to 5
2026-09-21 13:18:49.290 DEBUG: Creating converter from 3 to 5
2026-09-21 13:18:49.289 DEBUG: Creating converter from 3 to 5
2026-09-21 13:18:49.290 DEBUG: Creating converter from 3 to 5
2026-09-21 13:18:49.290 DEBUG: Creating converter from 3 to 5
2026-09-21 13:18:49.291 DEBUG: Creating converter from 3 to 5
2026-09-21 13:18:49.291 DEBUG: Creating converter from 3 to 5
2026-09-21 13:18:49.293 DEBUG: Creating converter from 3 to 5
2026-09-21 13:18:49.292 DEBUG: Creating converter from 3 to 5
2026-09-21 13:18:49.293 DEBUG: Creating converter from 3 to 5
2026-09-21 13:18:49.293 DEBUG: Creating converter from 3 to 5
2026-09-21 13:18:49.293 DEBUG: Creating converter from 3 to 5
2026-09-21 13:18:49.293 DEBUG: Creating converter from 3 to 5
2026-09-21 13:18:49.294 DEBUG: Creating converter from 3 to 5
2026-09-21 13:18:49.294 DEBUG: Creating converter from 3 to 5
2026-09-21 13:18:49.294 DEBUG: Creating converter from 3 to 5
2026-09-21 13:18:49.294 DEBUG: Creating converter from 3 to 5
2026-09-21 13:18:49.294 DEBUG: Creating converter from 3 to 5
2026-09-21 13:18:49.294 DEBUG: Creating converter from 3 to 5
2026-09-21 13:18:49.295 DEBUG: Creating converter from 3 to 5
2026-09-21 13:18:49.296 DEBUG: Creating converter from 3 to 5
2026-09-21 13:18:49.296 DEBUG: Creating converter from 3 to 5
2026-09-21 13:18:49.296 DEBUG: Creating converter from 3 to 5
2026-09-21 13:18:49.296 DEBUG: Creating converter from 3 to 5
2026-09-21 13:18:49.297 DEBUG: Creating converter from 3 to 5
2026-09-21 13:18:49.299 DEBUG: Creating converter from 3 to 5
2026-09-21 13:18:49.300 DEBUG: Creating converter from 3 to 5
2026-09-21 13:18:49.309 DEBUG: Creating converter from 3 to 5
2026-09-21 13:18:49.310 DEBUG: Creating converter from 3 to 5
2026-09-21 13:18:49.313 DEBUG: Creating converter from 3 to 5
2026-09-21 13:18:50.360 DEBUG: loss breakdown: energy_per_atom: 0.8421393624797042, forces: 27.099707525667544, stress: 0.0006496670671876043, 
2026-09-21 13:18:50.533 DEBUG: loss breakdown: energy_per_atom: 2.3530072592850244, forces: 23.42554225047285, stress: 0.0005175100649558546, 
2026-09-21 13:18:50.694 DEBUG: loss breakdown: energy_per_atom: 0.37583450518889516, forces: 15.92671977754572, stress: 0.0008873432868793096, 
2026-09-21 13:18:50.860 DEBUG: loss breakdown: energy_per_atom: 0.3206920809248242, forces: 30.868403437090592, stress: 0.0006853992807582619, 
2026-09-21 13:18:51.010 DEBUG: loss breakdown: energy_per_atom: 0.38100791655261923, forces: 24.981820900798148, stress: 0.0011882537158181858, 
2026-09-21 13:18:51.163 DEBUG: loss breakdown: energy_per_atom: 0.3950669123395598, forces: 14.089364827364767, stress: 0.0019224317673427426, 
2026-09-21 13:18:51.326 DEBUG: loss breakdown: energy_per_atom: 0.38344714008745723, forces: 10.21891931181737, stress: 0.0012603228973174017, 
2026-09-21 13:18:51.482 DEBUG: loss breakdown: energy_per_atom: 0.5261408254621744, forces: 7.784457597238505, stress: 0.0009438157759936261, 
2026-09-21 13:18:51.635 DEBUG: loss breakdown: energy_per_atom: 1.6180781862633085, forces: 13.54003342424804, stress: 0.0007195722753949757, 
2026-09-21 13:18:51.780 DEBUG: loss breakdown: energy_per_atom: 1.183992686934618, forces: 24.98660658227466, stress: 0.000964723623052343, 
2026-09-21 13:18:51.931 DEBUG: loss breakdown: energy_per_atom: 0.23186869555627762, forces: 10.034481888866289, stress: 0.0011465501606707368, 
2026-09-21 13:18:52.078 DEBUG: loss breakdown: energy_per_atom: 0.30022609661521427, forces: 25.36404980649219, stress: 0.0005956684531291076, 
2026-09-21 13:18:52.209 DEBUG: loss breakdown: energy_per_atom: 1.7207182163992267, forces: 12.018130151285389, stress: 0.0017867150233814339, 
2026-09-21 13:18:52.357 DEBUG: loss breakdown: energy_per_atom: 7.493981436479198, forces: 63.12941609683873, stress: 0.00042239178745856503, 
2026-09-21 13:18:52.501 DEBUG: loss breakdown: energy_per_atom: 1.8187838005903474, forces: 18.449132363052048, stress: 0.0006996543408253334, 
2026-09-21 13:18:52.644 DEBUG: loss breakdown: energy_per_atom: 8.880461045350085, forces: 13.639496030742102, stress: 0.0012999612210391513, 
2026-09-21 13:18:52.818 DEBUG: loss breakdown: energy_per_atom: 5.863800481046419, forces: 26.136563232231442, stress: 0.005627133774504374, 
2026-09-21 13:18:52.975 DEBUG: loss breakdown: energy_per_atom: 0.2707415479116036, forces: 12.435276298424702, stress: 0.0007862083896209422, 
2026-09-21 13:18:53.123 DEBUG: loss breakdown: energy_per_atom: 0.46143894350333253, forces: 16.72006158435135, stress: 0.0008581856180210881, 
2026-09-21 13:18:53.271 DEBUG: loss breakdown: energy_per_atom: 0.5402751878584479, forces: 26.198242624412654, stress: 0.008109115469556255, 
2026-09-21 13:18:53.417 DEBUG: loss breakdown: energy_per_atom: 4.47404463367529, forces: 11.895646074566397, stress: 0.0010408982603682746, 
2026-09-21 13:18:53.569 DEBUG: loss breakdown: energy_per_atom: 4.355390400426278, forces: 19.14868608669766, stress: 0.0008447130533539364, 
2026-09-21 13:18:53.707 DEBUG: loss breakdown: energy_per_atom: 1.292168090222928, forces: 12.74929159984273, stress: 0.000508445898709178, 
2026-09-21 13:18:53.858 DEBUG: loss breakdown: energy_per_atom: 0.4090946004984551, forces: 43.29220338896987, stress: 0.000500706893173473, 
2026-09-21 13:18:54.000 DEBUG: loss breakdown: energy_per_atom: 0.5421507577797381, forces: 43.06010172838722, stress: 0.000632877477150425, 
2026-09-21 13:18:54.140 DEBUG: loss breakdown: energy_per_atom: 13.772095910341704, forces: 8.078261732376482, stress: 0.0007033888854250934, 
2026-09-21 13:18:54.285 DEBUG: loss breakdown: energy_per_atom: 0.4514516743820042, forces: 27.80194521467499, stress: 0.0012089139907111356, 
2026-09-21 13:18:54.436 DEBUG: loss breakdown: energy_per_atom: 0.3893051797115788, forces: 9.818010677124533, stress: 0.0009378635020394565, 
2026-09-21 13:18:54.575 DEBUG: loss breakdown: energy_per_atom: 0.8120664945019784, forces: 19.178703821837672, stress: 0.0012330994515165588, 
2026-09-21 13:18:54.744 DEBUG: loss breakdown: energy_per_atom: 0.48737488393297335, forces: 26.264193567151434, stress: 0.009499959154892804, 
2026-09-21 13:18:54.888 DEBUG: loss breakdown: energy_per_atom: 0.37483477309164054, forces: 26.11795503618245, stress: 0.001016981001282005, 
2026-09-21 13:18:55.035 DEBUG: loss breakdown: energy_per_atom: 0.3697113756466909, forces: 21.843705331872247, stress: 0.0012339077725796092, 
2026-09-21 13:18:55.169 DEBUG: loss breakdown: energy_per_atom: 0.3310431557343298, forces: 28.202586361576444, stress: 0.0006968741135696459, 
2026-09-21 13:18:55.302 DEBUG: loss breakdown: energy_per_atom: 0.9042016510077456, forces: 18.093887218309714, stress: 0.001412913656039378, 
2026-09-21 13:18:55.459 DEBUG: loss breakdown: energy_per_atom: 23.03687133153307, forces: 24.419005125154143, stress: 0.0005586856484792536, 
2026-09-21 13:18:55.611 DEBUG: loss breakdown: energy_per_atom: 0.3913203068575887, forces: 18.306721316168822, stress: 0.0007067226665954223, 
2026-09-21 13:18:55.751 DEBUG: loss breakdown: energy_per_atom: 0.3497490296732658, forces: 13.898921473611637, stress: 0.0006987976678128222, 
2026-09-21 13:18:55.904 DEBUG: loss breakdown: energy_per_atom: 1.2495230550264622, forces: 14.626744662593763, stress: 0.0007804300285752673, 
2026-09-21 13:18:56.044 DEBUG: loss breakdown: energy_per_atom: 0.21770277279306427, forces: 19.84062707652026, stress: 0.0008455839619357365, 
2026-09-21 13:18:56.192 DEBUG: loss breakdown: energy_per_atom: 0.15582681717554991, forces: 134.84166835321807, stress: 0.0011856567575494548, 
2026-09-21 13:18:56.338 DEBUG: loss breakdown: energy_per_atom: 0.4671174107426182, forces: 7.183279011290672, stress: 0.000782951897878872, 
2026-09-21 13:18:56.483 DEBUG: loss breakdown: energy_per_atom: 0.1968137185190997, forces: 30.422488016039868, stress: 0.001399865929840266, 
2026-09-21 13:18:56.633 DEBUG: loss breakdown: energy_per_atom: 0.5729677879367511, forces: 18.379017979218958, stress: 0.0017231278557165671, 
2026-09-21 13:18:56.794 DEBUG: loss breakdown: energy_per_atom: 0.4220033863909265, forces: 22.075174363053176, stress: 0.0010559773379919981, 
2026-09-21 13:18:56.951 DEBUG: loss breakdown: energy_per_atom: 0.19254482505376586, forces: 23.763659392079383, stress: 0.00197558877769853, 
2026-09-21 13:18:57.102 DEBUG: loss breakdown: energy_per_atom: 12.375803022671386, forces: 14.579185982881734, stress: 0.02299876507078577, 
2026-09-21 13:18:57.235 DEBUG: loss breakdown: energy_per_atom: 7.639322903232191, forces: 34.2847783141654, stress: 0.0010988392855450922, 
2026-09-21 13:18:57.381 DEBUG: loss breakdown: energy_per_atom: 0.48069933734265863, forces: 20.5358187569924, stress: 0.0008308959633653071, 
2026-09-21 13:18:57.753 DEBUG: loss breakdown: energy_per_atom: 0.7625401625923278, forces: 36.829309013511526, stress: 0.0006689985797052483, 
2026-09-21 13:18:57.876 DEBUG: loss breakdown: energy_per_atom: 1.50830481411712, forces: 19.460425506629505, stress: 0.005238328832620384, 
2026-09-21 13:18:58.000 DEBUG: loss breakdown: energy_per_atom: 0.2626850246074476, forces: 20.297588532193327, stress: 0.000512273721801565, 
2026-09-21 13:18:58.123 DEBUG: loss breakdown: energy_per_atom: 0.6026292119476298, forces: 46.81527614474909, stress: 0.0010073131219386132, 
2026-09-21 13:18:58.510 DEBUG: loss breakdown: energy_per_atom: 1.3357072967567056, forces: 25.779371730145005, stress: 0.0008230904248715358, 
2026-09-21 13:18:58.656 DEBUG: loss breakdown: energy_per_atom: 2.054637807105685, forces: 15.130816949424103, stress: 0.0007262151434910269, 
2026-09-21 13:18:58.786 DEBUG: loss breakdown: energy_per_atom: 0.6582865759041248, forces: 9.76105435706391, stress: 0.0005631095121021174, 
2026-09-21 13:18:58.909 DEBUG: loss breakdown: energy_per_atom: 1.063271040090873, forces: 15.806987660372268, stress: 0.0009707795209604414, 
2026-09-21 13:18:59.040 DEBUG: loss breakdown: energy_per_atom: 1.160955918387679, forces: 10.328412666160373, stress: 0.0004683087893593501, 
2026-09-21 13:18:59.186 DEBUG: loss breakdown: energy_per_atom: 0.9522023260179487, forces: 49.446769198257414, stress: 0.0018618546493407648, 
2026-09-21 13:18:59.332 DEBUG: loss breakdown: energy_per_atom: 1.5498960294397426, forces: 12.187979909440296, stress: 0.0007861973847546447, 
2026-09-21 13:18:59.466 DEBUG: loss breakdown: energy_per_atom: 0.6165488351563924, forces: 24.578507058244295, stress: 0.0006215173467296152, 
2026-09-21 13:18:59.615 DEBUG: loss breakdown: energy_per_atom: 0.18096272975018268, forces: 17.361022529888707, stress: 0.0011186538627330775, 
2026-09-21 13:18:59.769 DEBUG: loss breakdown: energy_per_atom: 0.7684737666733557, forces: 19.749508473374515, stress: 0.0007338366238966371, 
2026-09-21 13:18:59.928 DEBUG: loss breakdown: energy_per_atom: 1.6860244487664406, forces: 20.339234765109403, stress: 0.0002631413536733192, 
2026-09-21 13:19:00.076 DEBUG: loss breakdown: energy_per_atom: 1.9220141496704963, forces: 34.27951762489275, stress: 0.02394265444035283, 
2026-09-21 13:19:00.231 DEBUG: loss breakdown: energy_per_atom: 1.1641868890701632, forces: 23.6824189782024, stress: 0.0006424039797606876, 
2026-09-21 13:19:00.393 DEBUG: loss breakdown: energy_per_atom: 2.5849849132682285, forces: 18.52635714153305, stress: 0.0014260566531066627, 
2026-09-21 13:19:00.804 DEBUG: loss breakdown: energy_per_atom: 0.1304300350081235, forces: 7.886702226322409, stress: 0.0006956451550979698, 
2026-09-21 13:19:00.940 DEBUG: loss breakdown: energy_per_atom: 0.21836291459659718, forces: 25.57243989977611, stress: 0.0026369171949499844, 
2026-09-21 13:19:01.076 DEBUG: loss breakdown: energy_per_atom: 0.3121114399434894, forces: 9.497683953695727, stress: 0.0006139121668853625, 
2026-09-21 13:19:01.202 DEBUG: loss breakdown: energy_per_atom: 19.66569930921293, forces: 15.133285758815552, stress: 0.0007421804320150825, 
2026-09-21 13:19:01.321 DEBUG: loss breakdown: energy_per_atom: 1.8981272321751972, forces: 64.90330458443121, stress: 0.03509469981954219, 
2026-09-21 13:19:01.445 DEBUG: loss breakdown: energy_per_atom: 1.9600339900568653, forces: 59.06652349527033, stress: 0.01122951732507714, 
2026-09-21 13:19:01.591 DEBUG: loss breakdown: energy_per_atom: 0.7621872121256326, forces: 6.716750716763355, stress: 0.00032559830168523075, 
2026-09-21 13:19:01.729 DEBUG: loss breakdown: energy_per_atom: 0.8250761049402967, forces: 42.18045703712581, stress: 0.0005268696591782165, 
2026-09-21 13:19:01.880 DEBUG: loss breakdown: energy_per_atom: 0.9627279949770279, forces: 9.415545950036805, stress: 0.00046913507400768635, 
2026-09-21 13:19:02.035 DEBUG: loss breakdown: energy_per_atom: 0.7434887719700576, forces: 19.36872091679955, stress: 0.0021119387973318046, 
2026-09-21 13:19:02.176 DEBUG: loss breakdown: energy_per_atom: 1.8098844157079625, forces: 5.557693580136803, stress: 0.007611564806574007, 
2026-09-21 13:19:02.300 DEBUG: loss breakdown: energy_per_atom: 2.470298055738206, forces: 17.38214407559557, stress: 0.001047915635784447, 
2026-09-21 13:19:02.438 DEBUG: loss breakdown: energy_per_atom: 38.24063011771465, forces: 11.337581382042192, stress: 0.0005254050113447403, 
2026-09-21 13:19:02.599 DEBUG: loss breakdown: energy_per_atom: 1.2174529906098084, forces: 25.175798990121383, stress: 0.0008327664284125415, 
2026-09-21 13:19:02.742 DEBUG: loss breakdown: energy_per_atom: 0.4216977690797506, forces: 39.71491314369573, stress: 0.0006113369735623661, 
2026-09-21 13:19:02.877 DEBUG: loss breakdown: energy_per_atom: 0.26685739145187565, forces: 12.724745970591503, stress: 0.001188004382571897, 
2026-09-21 13:19:03.019 DEBUG: loss breakdown: energy_per_atom: 0.9029618281263327, forces: 18.338463329010715, stress: 0.0010280109762744374, 
2026-09-21 13:19:03.147 DEBUG: loss breakdown: energy_per_atom: 0.39912633465156794, forces: 14.734138880096854, stress: 0.001145565020838683, 
2026-09-21 13:19:03.295 DEBUG: loss breakdown: energy_per_atom: 0.6794851486025062, forces: 17.310109210061096, stress: 0.0007244275174738755, 
2026-09-21 13:19:03.428 DEBUG: loss breakdown: energy_per_atom: 8.244567971892286, forces: 13.30311094853617, stress: 0.0011665204531213914, 
2026-09-21 13:19:03.570 DEBUG: loss breakdown: energy_per_atom: 0.6616003553279474, forces: 16.036424666870804, stress: 0.0006355021882162025, 
2026-09-21 13:19:03.730 DEBUG: loss breakdown: energy_per_atom: 0.8817330111736721, forces: 31.085274085106505, stress: 0.015142623901207568, 
2026-09-21 13:19:03.867 DEBUG: loss breakdown: energy_per_atom: 0.4095670131691997, forces: 16.21900380286911, stress: 0.002011253376473676, 
2026-09-21 13:19:03.999 DEBUG: loss breakdown: energy_per_atom: 32.93477936414925, forces: 17.204976930943666, stress: 0.01748422515700817, 
2026-09-21 13:19:04.151 DEBUG: loss breakdown: energy_per_atom: 24.07825399503305, forces: 15.470948261807074, stress: 0.0012543343874937092, 
2026-09-21 13:19:04.305 DEBUG: loss breakdown: energy_per_atom: 1.133328035013156, forces: 19.857127122956367, stress: 0.0020293430949146238, 
2026-09-21 13:19:04.455 DEBUG: loss breakdown: energy_per_atom: 0.2399156774070778, forces: 15.879664893288165, stress: 0.0006632943298967766, 
2026-09-21 13:19:04.598 DEBUG: loss breakdown: energy_per_atom: 8.128488487643258, forces: 30.068384016055273, stress: 0.01144192936644214, 
2026-09-21 13:19:04.732 DEBUG: loss breakdown: energy_per_atom: 3.9203624970047106, forces: 38.690667493818886, stress: 0.0006403421814735089, 
2026-09-21 13:19:04.862 DEBUG: loss breakdown: energy_per_atom: 0.38694014132247895, forces: 17.486061914540738, stress: 0.000432911254534806, 
2026-09-21 13:19:05.003 DEBUG: loss breakdown: energy_per_atom: 0.435693577321097, forces: 26.762372831284015, stress: 0.00044609018288469, 
2026-09-21 13:19:05.163 DEBUG: loss breakdown: energy_per_atom: 0.9732008804332298, forces: 25.44447405386048, stress: 0.0006625027711712551, 
2026-09-21 13:19:05.343 DEBUG: loss breakdown: energy_per_atom: 1.6230644611046368, forces: 16.23525068564616, stress: 0.0008191516336606422, 
2026-09-21 13:19:05.480 DEBUG: loss breakdown: energy_per_atom: 0.4774040328294329, forces: 31.60093752358363, stress: 0.00375406172563357, 
2026-09-21 13:19:05.610 DEBUG: loss breakdown: energy_per_atom: 0.3958649753310949, forces: 22.260777933502894, stress: 0.0021353753111434653, 
2026-09-21 13:19:05.751 DEBUG: loss breakdown: energy_per_atom: 0.7931222048117526, forces: 41.83914251357489, stress: 0.001575991462509965, 
2026-09-21 13:19:05.895 DEBUG: loss breakdown: energy_per_atom: 0.2003210124835955, forces: 18.189186387600515, stress: 0.001887395678836888, 
2026-09-21 13:19:06.040 DEBUG: loss breakdown: energy_per_atom: 0.1276878951235101, forces: 11.97345283278116, stress: 0.0010409244227422396, 
2026-09-21 13:19:06.167 DEBUG: loss breakdown: energy_per_atom: 0.6221097816396809, forces: 22.48647560596199, stress: 0.012809171080790245, 
2026-09-21 13:19:06.320 DEBUG: loss breakdown: energy_per_atom: 0.35591440959040554, forces: 17.083722510115106, stress: 0.0007813309074467822, 
2026-09-21 13:19:06.471 DEBUG: loss breakdown: energy_per_atom: 1.3614142172718842, forces: 32.77730822659666, stress: 0.013117367542869192, 
2026-09-21 13:19:06.620 DEBUG: loss breakdown: energy_per_atom: 1.6425253898926813, forces: 17.81639598219502, stress: 0.0005797294947959999, 
2026-09-21 13:19:06.748 DEBUG: loss breakdown: energy_per_atom: 0.6567925893421773, forces: 6.2933264338577235, stress: 0.012332372119128462, 
2026-09-21 13:19:06.879 DEBUG: loss breakdown: energy_per_atom: 27.798752592290725, forces: 20.87395753431537, stress: 0.0012479816632494178, 
2026-09-21 13:19:07.011 DEBUG: loss breakdown: energy_per_atom: 2.7215189019627637, forces: 12.426862717633472, stress: 0.0009664617835367611, 
2026-09-21 13:19:07.141 DEBUG: loss breakdown: energy_per_atom: 0.5884368351819638, forces: 13.20737201214347, stress: 0.01030470666737195, 
2026-09-21 13:19:07.288 DEBUG: loss breakdown: energy_per_atom: 1.0241809335926826, forces: 53.33868416573699, stress: 0.01713311941548699, 
2026-09-21 13:19:07.430 DEBUG: loss breakdown: energy_per_atom: 0.2756877380264163, forces: 13.560589434524765, stress: 0.0009529202486122791, 
2026-09-21 13:19:07.589 DEBUG: loss breakdown: energy_per_atom: 0.28664427362968803, forces: 5.065832465993912, stress: 0.0007350662901611386, 
2026-09-21 13:19:07.750 DEBUG: loss breakdown: energy_per_atom: 3.642152851815717, forces: 8.067516785245472, stress: 0.011420719401349934, 
2026-09-21 13:19:07.899 DEBUG: loss breakdown: energy_per_atom: 1.771775541360457, forces: 15.107493962773594, stress: 0.0009017757696554358, 
2026-09-21 13:19:08.036 DEBUG: loss breakdown: energy_per_atom: 2.11522809683594, forces: 34.068140768230734, stress: 0.0004785748555105969, 
2026-09-21 13:19:08.170 DEBUG: loss breakdown: energy_per_atom: 0.31720164665029243, forces: 14.317583195572464, stress: 0.0006535395139006728, 
2026-09-21 13:19:08.306 DEBUG: loss breakdown: energy_per_atom: 0.28922763119858863, forces: 12.950286264564948, stress: 0.0005141119958353028, 
2026-09-21 13:19:08.452 DEBUG: loss breakdown: energy_per_atom: 0.3500355381777931, forces: 26.677058493322647, stress: 0.0008305472695716312, 
2026-09-21 13:19:08.577 DEBUG: loss breakdown: energy_per_atom: 2.085402387672718, forces: 9.906887242548743, stress: 0.0006425438703544632, 
2026-09-21 13:19:08.713 DEBUG: loss breakdown: energy_per_atom: 2.0336703357170873, forces: 17.475677341558278, stress: 0.000526637658897156, 
2026-09-21 13:19:08.862 DEBUG: loss breakdown: energy_per_atom: 0.4932637049573468, forces: 34.90663584519055, stress: 0.0013829238002151748, 
2026-09-21 13:19:08.998 DEBUG: loss breakdown: energy_per_atom: 2.3559572064811323, forces: 121.38378841298876, stress: 0.001983784083333764, 
2026-09-21 13:19:09.149 DEBUG: loss breakdown: energy_per_atom: 3.246527440278707, forces: 11.954155543078814, stress: 0.0010622311609432011, 
2026-09-21 13:19:09.308 DEBUG: loss breakdown: energy_per_atom: 0.7481721211850463, forces: 14.747498118366368, stress: 0.0005755601096637441, 
2026-09-21 13:19:09.700 DEBUG: loss breakdown: energy_per_atom: 26.94281754943173, forces: 20.049749991711842, stress: 0.00035379446094035326, 
2026-09-21 13:19:09.841 DEBUG: loss breakdown: energy_per_atom: 3.9467771675085426, forces: 32.555909286622125, stress: 0.0009535244303810542, 
2026-09-21 13:19:09.969 DEBUG: loss breakdown: energy_per_atom: 0.23413010866266687, forces: 47.118261350646065, stress: 0.0006952119958525905, 
2026-09-21 13:19:10.111 DEBUG: loss breakdown: energy_per_atom: 4.177741558751818, forces: 9.551639234276193, stress: 0.0004546724468434758, 
2026-09-21 13:19:10.254 DEBUG: loss breakdown: energy_per_atom: 1.1376357539022912, forces: 18.948071595170575, stress: 0.0005620534627918741, 
2026-09-21 13:19:10.402 DEBUG: loss breakdown: energy_per_atom: 0.3020572088337089, forces: 24.9183190272353, stress: 0.0007304211763964562, 
2026-09-21 13:19:10.544 DEBUG: loss breakdown: energy_per_atom: 3.4046381208802825, forces: 8.00258111409252, stress: 0.0014363165110669088, 
2026-09-21 13:19:10.692 DEBUG: loss breakdown: energy_per_atom: 0.25118865935118484, forces: 18.384032320328433, stress: 0.0017245654016201381, 
2026-09-21 13:19:10.838 DEBUG: loss breakdown: energy_per_atom: 5.599314395176976, forces: 36.48810027071737, stress: 0.020900688140125263, 
2026-09-21 13:19:10.989 DEBUG: loss breakdown: energy_per_atom: 0.2812480416218457, forces: 21.273597210033348, stress: 0.0004000516507639128, 
2026-09-21 13:19:11.132 DEBUG: loss breakdown: energy_per_atom: 0.2981580997316192, forces: 25.274442986184052, stress: 0.0010680830576242516, 
2026-09-21 13:19:11.276 DEBUG: loss breakdown: energy_per_atom: 1.4048943539774401, forces: 18.852383846240578, stress: 0.0005240006022409847, 
2026-09-21 13:19:11.427 DEBUG: loss breakdown: energy_per_atom: 1.2705518096855029, forces: 27.43648981439728, stress: 0.02397349942040029, 
2026-09-21 13:19:11.578 DEBUG: loss breakdown: energy_per_atom: 0.6017892577819209, forces: 16.544133446212438, stress: 0.0004354696000594712, 
2026-09-21 13:19:11.732 DEBUG: loss breakdown: energy_per_atom: 0.8242173111554512, forces: 21.148697773723065, stress: 0.0005068209178168717, 
2026-09-21 13:19:11.876 DEBUG: loss breakdown: energy_per_atom: 0.19414102984392045, forces: 32.07894759202506, stress: 0.000890000537837343, 
2026-09-21 13:19:12.044 DEBUG: loss breakdown: energy_per_atom: 0.3029830424195493, forces: 18.755178885638703, stress: 0.0016622398375805202, 
2026-09-21 13:19:12.189 DEBUG: loss breakdown: energy_per_atom: 3.5137202684330604, forces: 33.01890705479963, stress: 0.0004554047103994744, 
2026-09-21 13:19:12.333 DEBUG: loss breakdown: energy_per_atom: 8.96556976811317, forces: 16.073921521774555, stress: 0.0011158538516145135, 
2026-09-21 13:19:12.470 DEBUG: loss breakdown: energy_per_atom: 0.5461795455547451, forces: 25.26345250791306, stress: 0.013268182520531295, 
2026-09-21 13:19:12.609 DEBUG: loss breakdown: energy_per_atom: 0.4594081244367782, forces: 46.316378117216466, stress: 0.008825857856557364, 
2026-09-21 13:19:12.748 DEBUG: loss breakdown: energy_per_atom: 3.195937417446107, forces: 26.46900513895401, stress: 0.0006882733803280668, 
2026-09-21 13:19:12.872 DEBUG: loss breakdown: energy_per_atom: 0.18678075651710607, forces: 39.875187044338425, stress: 0.001273427665333401, 
2026-09-21 13:19:13.024 DEBUG: loss breakdown: energy_per_atom: 0.3235096163142743, forces: 33.82927398820531, stress: 0.0007468736096322064, 
2026-09-21 13:19:13.154 DEBUG: loss breakdown: energy_per_atom: 0.8679313782701225, forces: 20.77469775348371, stress: 0.0007765300025803786, 
2026-09-21 13:19:13.310 DEBUG: loss breakdown: energy_per_atom: 0.889452239453068, forces: 13.005254179205462, stress: 0.020960104844451814, 
2026-09-21 13:19:13.444 DEBUG: loss breakdown: energy_per_atom: 0.5763355045601103, forces: 49.15309512906695, stress: 0.018907744254363958, 
2026-09-21 13:19:13.594 DEBUG: loss breakdown: energy_per_atom: 8.483632192889651, forces: 15.007621058530482, stress: 0.0006243258974347991, 
2026-09-21 13:19:13.782 DEBUG: loss breakdown: energy_per_atom: 0.28955889821360975, forces: 13.937958171260437, stress: 0.0003719346666168614, 
2026-09-21 13:19:13.909 DEBUG: loss breakdown: energy_per_atom: 0.5321977050787245, forces: 16.302686210486748, stress: 0.0008548783589431579, 
2026-09-21 13:19:14.046 DEBUG: loss breakdown: energy_per_atom: 62.2756673442238, forces: 12.221657248143629, stress: 0.0009240909807362841, 
2026-09-21 13:19:14.194 DEBUG: loss breakdown: energy_per_atom: 3.4478209754910547, forces: 16.859201532341075, stress: 0.0010595135756483992, 
2026-09-21 13:19:14.623 DEBUG: loss breakdown: energy_per_atom: 1.539829014278971, forces: 136.61594076913445, stress: 0.0007336212726796599, 
2026-09-21 13:19:15.032 DEBUG: loss breakdown: energy_per_atom: 7.208362560150344, forces: 17.58603481610806, stress: 0.0012526788170903608, 
2026-09-21 13:19:15.157 DEBUG: loss breakdown: energy_per_atom: 1.413331373166701, forces: 12.819929634380864, stress: 0.0005677948552132288, 
2026-09-21 13:19:15.280 DEBUG: loss breakdown: energy_per_atom: 1.643993656782816, forces: 20.83885513299276, stress: 0.0009022711204468624, 
2026-09-21 13:19:15.403 DEBUG: loss breakdown: energy_per_atom: 0.17269338810400509, forces: 44.315837025589126, stress: 0.00119721685491621, 
2026-09-21 13:19:15.523 DEBUG: loss breakdown: energy_per_atom: 2.3178316442490834, forces: 44.11857975728175, stress: 0.0006081858340179333, 
2026-09-21 13:19:15.652 DEBUG: loss breakdown: energy_per_atom: 1.7946871104384028, forces: 19.163595548198796, stress: 0.00029701907963588484, 
2026-09-21 13:19:15.809 DEBUG: loss breakdown: energy_per_atom: 0.2473534538782578, forces: 38.09933904171093, stress: 0.0022915555698473835, 
2026-09-21 13:19:15.958 DEBUG: loss breakdown: energy_per_atom: 0.6535481468873795, forces: 29.410301271329597, stress: 0.015398651007767121, 
2026-09-21 13:19:16.360 DEBUG: loss breakdown: energy_per_atom: 0.362673722484855, forces: 27.754205676513887, stress: 0.0010657323479493323, 
2026-09-21 13:19:16.504 DEBUG: loss breakdown: energy_per_atom: 0.419320705808504, forces: 81.75139424595889, stress: 0.009687349603652097, 
2026-09-21 13:19:16.627 DEBUG: loss breakdown: energy_per_atom: 0.37071661954237267, forces: 29.69494881657639, stress: 0.00041049562331990863, 
2026-09-21 13:19:16.747 DEBUG: loss breakdown: energy_per_atom: 1.074582392678803, forces: 31.309568634933367, stress: 0.0006642218694185809, 
2026-09-21 13:19:16.866 DEBUG: loss breakdown: energy_per_atom: 0.46305228214411787, forces: 8.640049483826532, stress: 0.00110615253527223, 
2026-09-21 13:19:16.986 DEBUG: loss breakdown: energy_per_atom: 0.2703005634081009, forces: 14.480951584553234, stress: 0.0005155425718651459, 
2026-09-21 13:19:17.153 DEBUG: loss breakdown: energy_per_atom: 5.273147199838161, forces: 21.682239665663946, stress: 0.0007031408412137087, 
2026-09-21 13:19:17.283 DEBUG: loss breakdown: energy_per_atom: 6.0290609350197375, forces: 30.07066545707559, stress: 0.0017833780337566949, 
2026-09-21 13:19:17.419 DEBUG: loss breakdown: energy_per_atom: 2.27713031411768, forces: 15.54605694141316, stress: 0.0016068117743026995, 
2026-09-21 13:19:17.559 DEBUG: loss breakdown: energy_per_atom: 6.8264233736842845, forces: 22.27980381669448, stress: 0.0006944855447536018, 
2026-09-21 13:19:17.702 DEBUG: loss breakdown: energy_per_atom: 0.44948566308581744, forces: 9.001338052164046, stress: 0.0011688329280398967, 
2026-09-21 13:19:17.854 DEBUG: loss breakdown: energy_per_atom: 0.31571445714548796, forces: 15.068081199250436, stress: 0.0013083126199436611, 
2026-09-21 13:19:18.026 DEBUG: loss breakdown: energy_per_atom: 0.6000122441548161, forces: 8.039029104068097, stress: 0.0007602472808133945, 
2026-09-21 13:19:18.185 DEBUG: loss breakdown: energy_per_atom: 0.892741299934311, forces: 13.400511877927007, stress: 0.0014697184544765181, 
2026-09-21 13:19:18.351 DEBUG: loss breakdown: energy_per_atom: 25.825241554887285, forces: 14.247235822196957, stress: 0.004167926396298799, 
2026-09-21 13:19:18.499 DEBUG: loss breakdown: energy_per_atom: 1.0600684686990942, forces: 23.508231253675287, stress: 0.0015555271465334448, 
2026-09-21 13:19:18.645 DEBUG: loss breakdown: energy_per_atom: 0.298457886103161, forces: 11.57962919711889, stress: 0.0008070360568338157, 
2026-09-21 13:19:18.781 DEBUG: loss breakdown: energy_per_atom: 2.128154172287459, forces: 35.48792208139948, stress: 0.0013437147770465339, 
2026-09-21 13:19:18.932 DEBUG: loss breakdown: energy_per_atom: 0.19380210895172356, forces: 18.25080620361029, stress: 0.0011810634497595193, 
2026-09-21 13:19:19.091 DEBUG: loss breakdown: energy_per_atom: 0.4213828349659294, forces: 12.286988937439965, stress: 0.0008166648014552454, 
2026-09-21 13:19:19.233 DEBUG: loss breakdown: energy_per_atom: 0.43956759275891755, forces: 13.845664210274128, stress: 0.000738429467887796, 
2026-09-21 13:19:19.396 DEBUG: loss breakdown: energy_per_atom: 8.954695449252188, forces: 10.675353814644886, stress: 0.0009043874017224483, 
2026-09-21 13:19:19.532 DEBUG: loss breakdown: energy_per_atom: 0.4613453259820786, forces: 18.07855091739713, stress: 0.0006783923479163694, 
2026-09-21 13:19:19.693 DEBUG: loss breakdown: energy_per_atom: 0.6347327555790407, forces: 11.978273512181099, stress: 0.0006710931483095184, 
2026-09-21 13:19:19.854 DEBUG: loss breakdown: energy_per_atom: 7.277020319352811, forces: 36.47303664399607, stress: 0.0008602628311904852, 
2026-09-21 13:19:19.987 DEBUG: loss breakdown: energy_per_atom: 11.161750827669382, forces: 16.943453637807487, stress: 0.0008888734701546913, 
2026-09-21 13:19:20.130 DEBUG: loss breakdown: energy_per_atom: 0.29445036061858376, forces: 21.5623136991229, stress: 0.000758957856810855, 
2026-09-21 13:19:20.268 DEBUG: loss breakdown: energy_per_atom: 0.4187912038850431, forces: 13.537452187545634, stress: 0.0006137185584610619, 
2026-09-21 13:19:20.403 DEBUG: loss breakdown: energy_per_atom: 0.8253938755830172, forces: 21.229232050947438, stress: 0.0011708944763575023, 
2026-09-21 13:19:20.536 DEBUG: loss breakdown: energy_per_atom: 2.352158526922655, forces: 39.890610432143994, stress: 0.0005130385613932245, 
2026-09-21 13:19:20.675 DEBUG: loss breakdown: energy_per_atom: 0.3157661045714111, forces: 13.106070355810154, stress: 0.0009842601876199639, 
2026-09-21 13:19:20.807 DEBUG: loss breakdown: energy_per_atom: 0.5238560666949749, forces: 26.8381976868377, stress: 0.0007780953817967647, 
2026-09-21 13:19:20.950 DEBUG: loss breakdown: energy_per_atom: 1.1830152776788956, forces: 6.758593519581613, stress: 0.0013608277436752522, 
2026-09-21 13:19:21.092 DEBUG: loss breakdown: energy_per_atom: 0.48345728097778773, forces: 11.91822230345624, stress: 0.005961942424584913, 
2026-09-21 13:19:21.232 DEBUG: loss breakdown: energy_per_atom: 0.5485386100549725, forces: 23.39323240773149, stress: 0.00685216324966662, 
2026-09-21 13:19:21.391 DEBUG: loss breakdown: energy_per_atom: 1.5318279737991252, forces: 26.45835785170274, stress: 0.0007125404234435589, 
2026-09-21 13:19:21.548 DEBUG: loss breakdown: energy_per_atom: 1.238362039880975, forces: 18.146425599172545, stress: 0.0007237691840220016, 
2026-09-21 13:19:21.687 DEBUG: loss breakdown: energy_per_atom: 0.5479620908782474, forces: 16.938061333269555, stress: 0.0006526954934672311, 
2026-09-21 13:19:21.821 DEBUG: loss breakdown: energy_per_atom: 4.671881171172591, forces: 12.844744766799487, stress: 0.0060358929439705035, 
2026-09-21 13:19:21.952 DEBUG: loss breakdown: energy_per_atom: 0.753964353430901, forces: 21.043378860900845, stress: 0.0005589637675847069, 
2026-09-21 13:19:22.088 DEBUG: loss breakdown: energy_per_atom: 2.6716314760263824, forces: 111.61257640827682, stress: 0.0009342208325141028, 
2026-09-21 13:19:22.226 DEBUG: loss breakdown: energy_per_atom: 3.1128527761989844, forces: 24.861134100895125, stress: 0.0007425464651012983, 
2026-09-21 13:19:22.362 DEBUG: loss breakdown: energy_per_atom: 0.9820195830326031, forces: 18.709001143000368, stress: 0.0011377034199334063, 
2026-09-21 13:19:22.506 DEBUG: loss breakdown: energy_per_atom: 2.695142336709777, forces: 22.605834355769574, stress: 0.0008649452308562516, 
2026-09-21 13:19:22.651 DEBUG: loss breakdown: energy_per_atom: 0.5953451966836543, forces: 30.550085085958894, stress: 0.0009720689462423614, 
2026-09-21 13:19:22.792 DEBUG: loss breakdown: energy_per_atom: 0.3548038782910744, forces: 18.828916660042168, stress: 0.0007641983262988913, 
2026-09-21 13:19:22.931 DEBUG: loss breakdown: energy_per_atom: 1.7824919279588207, forces: 16.791649139832547, stress: 0.0013420340046203898, 
2026-09-21 13:19:23.069 DEBUG: loss breakdown: energy_per_atom: 0.7639493978148488, forces: 9.862059192811365, stress: 0.0009759855543095253, 
2026-09-21 13:19:23.225 DEBUG: loss breakdown: energy_per_atom: 0.8933625207766659, forces: 18.97144010997236, stress: 0.004448300810618901, 
2026-09-21 13:19:23.377 DEBUG: loss breakdown: energy_per_atom: 3.2626103308119268, forces: 125.62608160895094, stress: 0.0006450209927779881, 
2026-09-21 13:19:23.527 DEBUG: loss breakdown: energy_per_atom: 1.2449308916265567, forces: 17.18194355843518, stress: 0.000664506272497976, 
2026-09-21 13:19:23.668 DEBUG: loss breakdown: energy_per_atom: 0.41101529879685583, forces: 74.4386306470901, stress: 0.0005410153976559595, 
2026-09-21 13:19:23.799 DEBUG: loss breakdown: energy_per_atom: 0.22186202276366396, forces: 11.536858482762934, stress: 0.000589961776287421, 
2026-09-21 13:19:23.939 DEBUG: loss breakdown: energy_per_atom: 0.5780721534046704, forces: 21.346761189752286, stress: 0.0005094460593000793, 
2026-09-21 13:19:24.068 DEBUG: loss breakdown: energy_per_atom: 0.5916297064074143, forces: 18.629794806748563, stress: 0.0006779827270440864, 
2026-09-21 13:19:24.215 DEBUG: loss breakdown: energy_per_atom: 3.009154684524189, forces: 36.82578565351444, stress: 0.005272089907203155, 
2026-09-21 13:19:24.369 DEBUG: loss breakdown: energy_per_atom: 6.137990496570966, forces: 10.774649241139757, stress: 0.0017515426173774573, 
2026-09-21 13:19:24.523 DEBUG: loss breakdown: energy_per_atom: 0.33504536959133385, forces: 16.030019820085545, stress: 0.0008311691225105751, 
2026-09-21 13:19:24.677 DEBUG: loss breakdown: energy_per_atom: 0.7167286822637768, forces: 22.99529862848222, stress: 0.0007408867186805478, 
2026-09-21 13:19:24.834 DEBUG: loss breakdown: energy_per_atom: 2.33301353574497, forces: 7.352930232247379, stress: 0.0009242426775212294, 
2026-09-21 13:19:24.969 DEBUG: loss breakdown: energy_per_atom: 0.6092763468745439, forces: 27.367697895733933, stress: 0.008149165748198612, 
2026-09-21 13:19:25.118 DEBUG: loss breakdown: energy_per_atom: 98.39285486947924, forces: 13.68828295140605, stress: 0.0015028367106846223, 
2026-09-21 13:19:25.249 DEBUG: loss breakdown: energy_per_atom: 11.907133518420832, forces: 18.729552544067953, stress: 0.0005755544799746238, 
2026-09-21 13:19:25.401 DEBUG: loss breakdown: energy_per_atom: 0.6831068977775113, forces: 16.01205722206254, stress: 0.0006278341232270562, 
2026-09-21 13:19:25.543 DEBUG: loss breakdown: energy_per_atom: 0.7596089027516474, forces: 18.327803680352915, stress: 0.0004960201095965763, 
2026-09-21 13:19:25.692 DEBUG: loss breakdown: energy_per_atom: 0.7462143939510728, forces: 78.13037973266833, stress: 0.0002411279386268827, 
2026-09-21 13:19:25.849 DEBUG: loss breakdown: energy_per_atom: 0.8410017891541062, forces: 9.541469390822416, stress: 0.000684951437155442, 
2026-09-21 13:19:25.998 DEBUG: loss breakdown: energy_per_atom: 0.3041383515881779, forces: 14.901779883517033, stress: 0.0011875947730059125, 
2026-09-21 13:19:26.141 DEBUG: loss breakdown: energy_per_atom: 0.29383522228231296, forces: 9.569362373575565, stress: 0.0005324668944610641, 
2026-09-21 13:19:26.289 DEBUG: loss breakdown: energy_per_atom: 17.804048707944578, forces: 7.961730401015418, stress: 0.0008041303515450263, 
2026-09-21 13:19:26.428 DEBUG: loss breakdown: energy_per_atom: 1.6912538159809247, forces: 12.487464996668336, stress: 0.000562138155751588, 
2026-09-21 13:19:26.571 DEBUG: loss breakdown: energy_per_atom: 1.4953398819904609, forces: 31.11093619886868, stress: 0.008203791589891655, 
2026-09-21 13:19:26.722 DEBUG: loss breakdown: energy_per_atom: 6.089128867200778, forces: 11.168352447244375, stress: 0.0007619557258925126, 
2026-09-21 13:19:26.880 DEBUG: loss breakdown: energy_per_atom: 0.14473321923330396, forces: 11.532349354719148, stress: 0.0013903613021321833, 
2026-09-21 13:19:27.026 DEBUG: loss breakdown: energy_per_atom: 0.20836442142259748, forces: 11.431248999679694, stress: 0.00046287287257763213, 
2026-09-21 13:19:27.159 DEBUG: loss breakdown: energy_per_atom: 11.644020083475034, forces: 45.020517099061166, stress: 0.0004918738540482702, 
2026-09-21 13:19:27.294 DEBUG: loss breakdown: energy_per_atom: 5.002412783536655, forces: 12.580448148424944, stress: 0.0006825558222516479, 
2026-09-21 13:19:27.430 DEBUG: loss breakdown: energy_per_atom: 0.30475398636656825, forces: 12.777930802958101, stress: 0.000699072413035307, 
2026-09-21 13:19:27.569 DEBUG: loss breakdown: energy_per_atom: 0.3001053164780403, forces: 39.672944591162654, stress: 0.00043105707415800704, 
2026-09-21 13:19:27.722 DEBUG: loss breakdown: energy_per_atom: 1.1711647999024644, forces: 15.461993013471245, stress: 0.014082888384360948, 
2026-09-21 13:19:27.873 DEBUG: loss breakdown: energy_per_atom: 0.2051572602959206, forces: 14.288496479891686, stress: 0.0004493624662412986, 
2026-09-21 13:19:28.013 DEBUG: loss breakdown: energy_per_atom: 1.4020278036878255, forces: 16.42756292219548, stress: 0.0006051541523225203, 
2026-09-21 13:19:28.146 DEBUG: loss breakdown: energy_per_atom: 0.44657608666134974, forces: 32.77863853391936, stress: 0.0012831412572789972, 
2026-09-21 13:19:28.280 DEBUG: loss breakdown: energy_per_atom: 0.697285134192921, forces: 24.673197859943514, stress: 0.0005123159733201314, 
2026-09-21 13:19:28.412 DEBUG: loss breakdown: energy_per_atom: 0.9297699690386753, forces: 21.711815012519274, stress: 0.0008843549922393328, 
2026-09-21 13:19:28.552 DEBUG: loss breakdown: energy_per_atom: 0.26749365175011386, forces: 15.181680141538484, stress: 0.0005032972072591762, 
2026-09-21 13:19:28.686 DEBUG: loss breakdown: energy_per_atom: 15.542712761458356, forces: 14.172840239236931, stress: 0.0006528252380235428, 
2026-09-21 13:19:28.830 DEBUG: loss breakdown: energy_per_atom: 0.735410805695629, forces: 15.410288822991506, stress: 0.0009727002225981495, 
2026-09-21 13:19:28.952 DEBUG: loss breakdown: energy_per_atom: 17.04769270595937, forces: 10.714782507182953, stress: 0.0009414108555378304, 
2026-09-21 13:19:29.099 DEBUG: loss breakdown: energy_per_atom: 0.4498821329337, forces: 19.436783266662392, stress: 0.0012062461864160673, 
2026-09-21 13:19:29.235 DEBUG: loss breakdown: energy_per_atom: 0.2830122312678628, forces: 17.32165411505282, stress: 0.0007810775981525416, 
2026-09-21 13:19:29.385 DEBUG: loss breakdown: energy_per_atom: 0.2402311435174266, forces: 19.861377331562004, stress: 0.0008116846676620806, 
2026-09-21 13:19:29.530 DEBUG: loss breakdown: energy_per_atom: 0.3236129794699484, forces: 20.5322034492571, stress: 0.001024467505192754, 
2026-09-21 13:19:29.658 DEBUG: loss breakdown: energy_per_atom: 6.91596578191832, forces: 915.6035599494617, stress: 0.004314874983583689, 
2026-09-21 13:19:29.794 DEBUG: loss breakdown: energy_per_atom: 1.0985150377479895, forces: 40.83745771189868, stress: 0.0013278826293021324, 
2026-09-21 13:19:29.926 DEBUG: loss breakdown: energy_per_atom: 0.4267160107878877, forces: 8.681866834674222, stress: 0.0012773086208987805, 
2026-09-21 13:19:30.059 DEBUG: loss breakdown: energy_per_atom: 1.5452922242485445, forces: 10.372223039793905, stress: 0.0005359449261325964, 
2026-09-21 13:19:30.189 DEBUG: loss breakdown: energy_per_atom: 0.166252354752946, forces: 37.902485292834406, stress: 0.001094602343387502, 
2026-09-21 13:19:30.341 DEBUG: loss breakdown: energy_per_atom: 0.7214275930559686, forces: 33.33187443466393, stress: 0.0009219930675976912, 
2026-09-21 13:19:30.493 DEBUG: loss breakdown: energy_per_atom: 4.690664418310767, forces: 19.415820016514346, stress: 0.0011569682118273722, 
2026-09-21 13:19:30.628 DEBUG: loss breakdown: energy_per_atom: 2.0479253378302436, forces: 12.123536730581357, stress: 0.0007237025475650824, 
2026-09-21 13:19:30.783 DEBUG: loss breakdown: energy_per_atom: 0.37050988591195294, forces: 19.031553176783355, stress: 0.016465105996471878, 
2026-09-21 13:19:30.931 DEBUG: loss breakdown: energy_per_atom: 0.4645652070050801, forces: 26.603895172867535, stress: 0.001361854052894507, 
2026-09-21 13:19:31.068 DEBUG: loss breakdown: energy_per_atom: 1.0249832174293245, forces: 22.484271502610138, stress: 0.001052721249985356, 
2026-09-21 13:19:31.195 DEBUG: loss breakdown: energy_per_atom: 0.28080550394484804, forces: 20.032161954810874, stress: 0.0018336500377555108, 
2026-09-21 13:19:31.348 DEBUG: loss breakdown: energy_per_atom: 9.24942848110382, forces: 14.506483392552564, stress: 0.002303671302781819, 
2026-09-21 13:19:31.490 DEBUG: loss breakdown: energy_per_atom: 1.8725422866427341, forces: 15.207921588774548, stress: 0.012000261007730906, 
2026-09-21 13:19:31.624 DEBUG: loss breakdown: energy_per_atom: 24.8413837870352, forces: 17.085417198778654, stress: 0.0018214063460146891, 
2026-09-21 13:19:31.758 DEBUG: loss breakdown: energy_per_atom: 10.06776303909928, forces: 23.91990336759031, stress: 0.0006324981485768718, 
2026-09-21 13:19:31.912 DEBUG: loss breakdown: energy_per_atom: 16.703615497087092, forces: 7.501211116560268, stress: 0.0012922458010047276, 
2026-09-21 13:19:32.070 DEBUG: loss breakdown: energy_per_atom: 0.6069726599513234, forces: 22.28203495120969, stress: 0.0009145325081363347, 
2026-09-21 13:19:32.245 DEBUG: loss breakdown: energy_per_atom: 0.3802539834532116, forces: 6.769548980627141, stress: 0.003294265188131371, 
2026-09-21 13:19:32.386 DEBUG: loss breakdown: energy_per_atom: 1.9198419646710851, forces: 14.122024002988356, stress: 0.0015847903409402435, 
2026-09-21 13:19:32.517 DEBUG: loss breakdown: energy_per_atom: 0.34395883266652183, forces: 14.107079641457778, stress: 0.0005466358766264514, 
2026-09-21 13:19:32.646 DEBUG: loss breakdown: energy_per_atom: 0.581349624583765, forces: 12.460583606239826, stress: 0.0014330533536191388, 
2026-09-21 13:19:32.777 DEBUG: loss breakdown: energy_per_atom: 0.3262284417272217, forces: 1238.9049188495087, stress: 0.0013169168221269958, 
2026-09-21 13:19:32.910 DEBUG: loss breakdown: energy_per_atom: 0.4276861933956151, forces: 21.654249544787, stress: 0.0030238866608129126, 
2026-09-21 13:19:33.058 DEBUG: loss breakdown: energy_per_atom: 0.11795619669166128, forces: 12.082301393335362, stress: 0.0010576939538508906, 
2026-09-21 13:19:33.198 DEBUG: loss breakdown: energy_per_atom: 0.7097986895383732, forces: 22.57706333099545, stress: 0.0007321823523655908, 
2026-09-21 13:19:33.342 DEBUG: loss breakdown: energy_per_atom: 0.9933424842760905, forces: 17.726517393356517, stress: 0.0008313819993552321, 
2026-09-21 13:19:33.479 DEBUG: loss breakdown: energy_per_atom: 14.513968055725272, forces: 29.871728877342658, stress: 0.0009517305588888405, 
2026-09-21 13:19:33.611 DEBUG: loss breakdown: energy_per_atom: 8.342075609025038, forces: 20.71612550512032, stress: 0.0008203478756513607, 
2026-09-21 13:19:33.747 DEBUG: loss breakdown: energy_per_atom: 1.8522337094415482, forces: 10.119736297741959, stress: 0.000661296962316588, 
2026-09-21 13:19:33.890 DEBUG: loss breakdown: energy_per_atom: 0.538288562295247, forces: 11.500852043323738, stress: 0.0008587451764443311, 
2026-09-21 13:19:34.037 DEBUG: loss breakdown: energy_per_atom: 1.063364170467613, forces: 21.543849096292274, stress: 0.0026562473475286444, 
2026-09-21 13:19:34.181 DEBUG: loss breakdown: energy_per_atom: 0.9185408798406306, forces: 20.122157621366306, stress: 0.00053785866022281, 
2026-09-21 13:19:34.327 DEBUG: loss breakdown: energy_per_atom: 1.2501795290436215, forces: 20.49784216571591, stress: 0.0009826721575002517, 
2026-09-21 13:19:34.478 DEBUG: loss breakdown: energy_per_atom: 1.0618003426123794, forces: 26.473315077763193, stress: 0.000650197172304121, 
2026-09-21 13:19:34.614 DEBUG: loss breakdown: energy_per_atom: 0.17956434936599464, forces: 15.275071161589857, stress: 0.001265635197574302, 
2026-09-21 13:19:34.747 DEBUG: loss breakdown: energy_per_atom: 0.9176132132000447, forces: 17.62119474804517, stress: 0.000997218893658187, 
2026-09-21 13:19:34.891 DEBUG: loss breakdown: energy_per_atom: 0.3003213684348928, forces: 14.89687710160213, stress: 0.00043062475497944946, 
2026-09-21 13:19:35.043 DEBUG: loss breakdown: energy_per_atom: 0.2730553175023888, forces: 24.232331096472805, stress: 0.0009949322765997462, 
2026-09-21 13:19:35.192 DEBUG: loss breakdown: energy_per_atom: 1.5058166534508923, forces: 12.213576335712661, stress: 0.000853270688401696, 
2026-09-21 13:19:35.324 DEBUG: loss breakdown: energy_per_atom: 5.386815121791032, forces: 12.201202338419602, stress: 0.013826825517885201, 
2026-09-21 13:19:35.460 DEBUG: loss breakdown: energy_per_atom: 0.5375618375731964, forces: 12.38710358029573, stress: 0.0015747736484318178, 
2026-09-21 13:19:35.616 DEBUG: loss breakdown: energy_per_atom: 13.876447476705662, forces: 28.748270122389393, stress: 0.0015504038957059952, 
2026-09-21 13:19:35.744 DEBUG: loss breakdown: energy_per_atom: 0.9648098034284935, forces: 57.4830056445809, stress: 0.0021064108854418314, 
2026-09-21 13:19:35.880 DEBUG: loss breakdown: energy_per_atom: 0.17260296507184938, forces: 29.188084528099328, stress: 0.0014496142934645575, 
2026-09-21 13:19:36.008 DEBUG: loss breakdown: energy_per_atom: 31.369528930522065, forces: 21.11098211387312, stress: 0.000913622283012437, 
2026-09-21 13:19:36.153 DEBUG: loss breakdown: energy_per_atom: 0.35069810842916566, forces: 38.053126261150624, stress: 0.001724157202259008, 
2026-09-21 13:19:36.287 DEBUG: loss breakdown: energy_per_atom: 4.108597220468651, forces: 18.09798045385568, stress: 0.0010408570241469078, 
2026-09-21 13:19:36.419 DEBUG: loss breakdown: energy_per_atom: 14.27590482662808, forces: 18.585845834394867, stress: 0.000880949510631845, 
2026-09-21 13:19:36.548 DEBUG: loss breakdown: energy_per_atom: 1.2195035050382255, forces: 24.260084211097862, stress: 0.00043849000885163333, 
2026-09-21 13:19:36.685 DEBUG: loss breakdown: energy_per_atom: 36.06616658248504, forces: 161.36535010981177, stress: 0.0005539625601178753, 
2026-09-21 13:19:36.816 DEBUG: loss breakdown: energy_per_atom: 2.5643144326458045, forces: 12.100214033146424, stress: 0.0014678477726385193, 
2026-09-21 13:19:36.970 DEBUG: loss breakdown: energy_per_atom: 0.3224516367280124, forces: 259.67010450946816, stress: 0.0015372191873826893, 
2026-09-21 13:19:37.117 DEBUG: loss breakdown: energy_per_atom: 3.1184263780974817, forces: 13.071071000948994, stress: 0.00134322119811012, 
2026-09-21 13:19:37.264 DEBUG: loss breakdown: energy_per_atom: 0.41775213705998726, forces: 20.730668660876766, stress: 0.0022103125782922785, 
2026-09-21 13:19:37.418 DEBUG: loss breakdown: energy_per_atom: 0.2717295550493952, forces: 47.336217057655375, stress: 0.002329366936184916, 
2026-09-21 13:19:37.584 DEBUG: loss breakdown: energy_per_atom: 0.18067347661564948, forces: 20.911386183688403, stress: 0.0016459941401969595, 
2026-09-21 13:19:37.718 DEBUG: loss breakdown: energy_per_atom: 2.9741904411064306, forces: 15.62479753131937, stress: 0.0012495107609284556, 
2026-09-21 13:19:37.853 DEBUG: loss breakdown: energy_per_atom: 0.6335234277175145, forces: 9.547830959588653, stress: 0.0006910526629822182, 
2026-09-21 13:19:37.990 DEBUG: loss breakdown: energy_per_atom: 4.816040821240849, forces: 7.3778416005768745, stress: 0.0007128601129891781, 
2026-09-21 13:19:38.124 DEBUG: loss breakdown: energy_per_atom: 0.660365908449329, forces: 21.072835810065047, stress: 0.0007530515722959617, 
2026-09-21 13:19:38.263 DEBUG: loss breakdown: energy_per_atom: 0.3027034141556729, forces: 13.630682364318227, stress: 0.000923738490887067, 
2026-09-21 13:19:38.398 DEBUG: loss breakdown: energy_per_atom: 0.23561487478242205, forces: 17.272074012229922, stress: 0.0011311344989426595, 
2026-09-21 13:19:38.542 DEBUG: loss breakdown: energy_per_atom: 0.2583131618813632, forces: 14.685613668052957, stress: 0.000807541676445484, 
2026-09-21 13:19:38.679 DEBUG: loss breakdown: energy_per_atom: 1.1459808013822954, forces: 21.86392568863287, stress: 0.01079257978057581, 
2026-09-21 13:19:38.829 DEBUG: loss breakdown: energy_per_atom: 0.16547059790232943, forces: 18.845689256972975, stress: 0.0012672111896322965, 
2026-09-21 13:19:38.964 DEBUG: loss breakdown: energy_per_atom: 11.879386905665248, forces: 12.703807046563224, stress: 0.0016991955747754292, 
2026-09-21 13:19:39.106 DEBUG: loss breakdown: energy_per_atom: 0.3013103425744952, forces: 31.28104931993616, stress: 0.004402431715443906, 
2026-09-21 13:19:39.263 DEBUG: loss breakdown: energy_per_atom: 0.5483436407401882, forces: 22.70409428802551, stress: 0.0016487346434021204, 
2026-09-21 13:19:39.403 DEBUG: loss breakdown: energy_per_atom: 0.4162108971530073, forces: 11.405978081139335, stress: 0.0006683141064885191, 
2026-09-21 13:19:39.542 DEBUG: loss breakdown: energy_per_atom: 1.2664058643312142, forces: 18.38952628684946, stress: 0.00047932191065047994, 
2026-09-21 13:19:39.687 DEBUG: loss breakdown: energy_per_atom: 1.1675816342069174, forces: 13.073685534361834, stress: 0.0018841901087774016, 
2026-09-21 13:19:39.818 DEBUG: loss breakdown: energy_per_atom: 0.47761350877418385, forces: 18.633014131485933, stress: 0.002953359151044636, 
2026-09-21 13:19:39.967 DEBUG: loss breakdown: energy_per_atom: 0.9437406680852911, forces: 12.666903455187164, stress: 0.0009978249379872309, 
2026-09-21 13:19:40.102 DEBUG: loss breakdown: energy_per_atom: 8.157421528122637, forces: 12.529101941293305, stress: 0.0008058502926383245, 
2026-09-21 13:19:40.236 DEBUG: loss breakdown: energy_per_atom: 1.9321583463152265, forces: 11.458713061450954, stress: 0.0011426751771972815, 
2026-09-21 13:19:40.370 DEBUG: loss breakdown: energy_per_atom: 0.28068010481673944, forces: 40.89519465262444, stress: 0.001537285180757292, 
2026-09-21 13:19:40.501 DEBUG: loss breakdown: energy_per_atom: 0.33578659022576995, forces: 11.997929132184293, stress: 0.0008518311575935532, 
2026-09-21 13:19:40.648 DEBUG: loss breakdown: energy_per_atom: 0.23470147105149358, forces: 14.241684481676634, stress: 0.0009402923492157813, 
2026-09-21 13:19:40.789 DEBUG: loss breakdown: energy_per_atom: 0.25713406790296045, forces: 17.109217736236964, stress: 0.0007246012378980139, 
2026-09-21 13:19:40.943 DEBUG: loss breakdown: energy_per_atom: 0.31271656767762535, forces: 15.654097248688009, stress: 0.0008133442776847743, 
2026-09-21 13:19:41.096 DEBUG: loss breakdown: energy_per_atom: 1.8650799955790522, forces: 10.789258589382621, stress: 0.0034037972277136466, 
2026-09-21 13:19:41.232 DEBUG: loss breakdown: energy_per_atom: 0.2599031976464279, forces: 22.71968471871964, stress: 0.000767009164253346, 
2026-09-21 13:19:41.368 DEBUG: loss breakdown: energy_per_atom: 0.2607825725590329, forces: 16.552835844069737, stress: 0.0010005190681537076, 
2026-09-21 13:19:41.500 DEBUG: loss breakdown: energy_per_atom: 2.030745090471844, forces: 10.193977443772221, stress: 0.000828754240894531, 
2026-09-21 13:19:41.651 DEBUG: loss breakdown: energy_per_atom: 9.92302556647944, forces: 23.023243342902745, stress: 0.0007443544377698733, 
2026-09-21 13:19:41.791 DEBUG: loss breakdown: energy_per_atom: 1.7670559412616331, forces: 13.64567097960524, stress: 0.0005706848228036376, 
2026-09-21 13:19:41.945 DEBUG: loss breakdown: energy_per_atom: 4.839917875361618, forces: 32.33858484726239, stress: 0.0002874089793817042, 
2026-09-21 13:19:42.093 DEBUG: loss breakdown: energy_per_atom: 6.267312828413975, forces: 17.150619758400534, stress: 0.001084169905804919, 
2026-09-21 13:19:42.222 DEBUG: loss breakdown: energy_per_atom: 0.18798759107595875, forces: 10.920110850527994, stress: 0.0009200164642120658, 
2026-09-21 13:19:42.366 DEBUG: loss breakdown: energy_per_atom: 0.3289755675408456, forces: 46.15033136553075, stress: 0.0005897582792340216, 
2026-09-21 13:19:42.520 DEBUG: loss breakdown: energy_per_atom: 3.7325308191947486, forces: 10.423184006624094, stress: 0.0005107726053345881, 
2026-09-21 13:19:42.671 DEBUG: loss breakdown: energy_per_atom: 0.7138677297221241, forces: 17.1643032679653, stress: 0.00045679319019793795, 
2026-09-21 13:19:42.812 DEBUG: loss breakdown: energy_per_atom: 14.944143321719567, forces: 22.075878907372097, stress: 0.0011646073806465475, 
2026-09-21 13:19:42.963 DEBUG: loss breakdown: energy_per_atom: 3.0574202373584116, forces: 23.00290514568096, stress: 0.0003900363443899554, 
2026-09-21 13:19:43.107 DEBUG: loss breakdown: energy_per_atom: 10.289397759822604, forces: 13.820613609627921, stress: 0.0009895348476894493, 
2026-09-21 13:19:43.245 DEBUG: loss breakdown: energy_per_atom: 0.24887499832817114, forces: 14.043487426880327, stress: 0.001034680732098559, 
2026-09-21 13:19:43.383 DEBUG: loss breakdown: energy_per_atom: 0.42701547294150505, forces: 24.261568012304, stress: 0.0005605532857538059, 
2026-09-21 13:19:43.516 DEBUG: loss breakdown: energy_per_atom: 2.454803594974479, forces: 63.48218996285241, stress: 0.0005123480628025806, 
2026-09-21 13:19:43.662 DEBUG: loss breakdown: energy_per_atom: 0.36293985564099485, forces: 64.93280230297577, stress: 0.006427631294549057, 
2026-09-21 13:19:43.814 DEBUG: loss breakdown: energy_per_atom: 0.351115521085533, forces: 9.99250252180208, stress: 0.001074559975164952, 
2026-09-21 13:19:43.958 DEBUG: loss breakdown: energy_per_atom: 4.353717775549922, forces: 12.716540233724643, stress: 0.0004454237820100066, 
2026-09-21 13:19:44.112 DEBUG: loss breakdown: energy_per_atom: 1.5924775865583727, forces: 20.59736096211993, stress: 0.0006842640447935611, 
2026-09-21 13:19:44.247 DEBUG: loss breakdown: energy_per_atom: 9.719930835667158, forces: 11.536694024380417, stress: 0.0004194286603474654, 
2026-09-21 13:19:44.383 DEBUG: loss breakdown: energy_per_atom: 7.09217104072109, forces: 18.842947798841713, stress: 0.0007438558921054635, 
2026-09-21 13:19:44.539 DEBUG: loss breakdown: energy_per_atom: 7.084525624623582, forces: 16.55314863075248, stress: 0.0005106210937430932, 
2026-09-21 13:19:44.694 DEBUG: loss breakdown: energy_per_atom: 0.16590263063027122, forces: 41.98264191386574, stress: 0.0011365888575461673, 
2026-09-21 13:19:44.830 DEBUG: loss breakdown: energy_per_atom: 0.1514876025906958, forces: 18.627018321987485, stress: 0.015195486216125079, 
2026-09-21 13:19:44.977 DEBUG: loss breakdown: energy_per_atom: 0.8609274543550474, forces: 45.438214785938015, stress: 0.0008143200960692067, 
2026-09-21 13:19:45.127 DEBUG: loss breakdown: energy_per_atom: 0.5834843824544909, forces: 17.104943643383162, stress: 0.0010452399737875782, 
2026-09-21 13:19:45.264 DEBUG: loss breakdown: energy_per_atom: 0.6417558289882429, forces: 11.373167605415325, stress: 0.0004453489844932076, 
2026-09-21 13:19:45.408 DEBUG: loss breakdown: energy_per_atom: 0.41423728863933396, forces: 23.490427101058707, stress: 0.01897452466653523, 
2026-09-21 13:19:45.543 DEBUG: loss breakdown: energy_per_atom: 0.2025556628727715, forces: 18.549748615289616, stress: 0.0009055501694053051, 
2026-09-21 13:19:45.682 DEBUG: loss breakdown: energy_per_atom: 26.10340137732402, forces: 17.88991340672076, stress: 0.01636862776828076, 
2026-09-21 13:19:45.822 DEBUG: loss breakdown: energy_per_atom: 0.9386692934827566, forces: 12.571526421965803, stress: 0.0012543932984447484, 
2026-09-21 13:19:45.966 DEBUG: loss breakdown: energy_per_atom: 0.359188885538156, forces: 27.53034565635381, stress: 0.001010284243550122, 
2026-09-21 13:19:46.103 DEBUG: loss breakdown: energy_per_atom: 0.47017468479527114, forces: 17.761077589366003, stress: 0.0007376969801460016, 
2026-09-21 13:19:46.256 DEBUG: loss breakdown: energy_per_atom: 0.618946372123661, forces: 27.116469801382603, stress: 0.0003623678649814613, 
2026-09-21 13:19:46.412 DEBUG: loss breakdown: energy_per_atom: 38.28055507797554, forces: 24.467759775500856, stress: 0.000775070543916819, 
2026-09-21 13:19:46.548 DEBUG: loss breakdown: energy_per_atom: 1.682741002486795, forces: 26.41266789117487, stress: 0.0005696411274568583, 
2026-09-21 13:19:46.688 DEBUG: loss breakdown: energy_per_atom: 0.8081600735595823, forces: 30.33855848653334, stress: 0.000555304622297759, 
2026-09-21 13:19:46.824 DEBUG: loss breakdown: energy_per_atom: 1.0955213322110557, forces: 17.585749940104183, stress: 0.0009188591714109582, 
2026-09-21 13:19:46.960 DEBUG: loss breakdown: energy_per_atom: 1.7351482361905428, forces: 29.243814860419874, stress: 0.0009660853179129371, 
2026-09-21 13:19:47.111 DEBUG: loss breakdown: energy_per_atom: 1.160883430595947, forces: 139.81485368785343, stress: 0.0012175841173638338, 
2026-09-21 13:19:47.263 DEBUG: loss breakdown: energy_per_atom: 0.24528689856116642, forces: 35.51793072535134, stress: 0.0017304284528308405, 
2026-09-21 13:19:47.405 DEBUG: loss breakdown: energy_per_atom: 0.45596492041775, forces: 13.289296298008042, stress: 0.0008962950090112168, 
2026-09-21 13:19:47.536 DEBUG: loss breakdown: energy_per_atom: 3.2114307287159454, forces: 25.69087056333136, stress: 0.0010266698976060954, 
2026-09-21 13:19:47.672 DEBUG: loss breakdown: energy_per_atom: 0.327455653389694, forces: 37.779874062360406, stress: 0.0006916129281854741, 
2026-09-21 13:19:47.812 DEBUG: loss breakdown: energy_per_atom: 4.515946291708664, forces: 12.553189018296203, stress: 0.0008474058471165997, 
2026-09-21 13:19:47.947 DEBUG: loss breakdown: energy_per_atom: 1.4395734418896795, forces: 8.10275653340353, stress: 0.0007831051700647073, 
2026-09-21 13:19:48.099 DEBUG: loss breakdown: energy_per_atom: 0.5559079627798202, forces: 13.364670716450137, stress: 0.001007315253785002, 
2026-09-21 13:19:48.239 DEBUG: loss breakdown: energy_per_atom: 0.31172593880652405, forces: 20.205527860713765, stress: 0.0006748812697464766, 
2026-09-21 13:19:48.372 DEBUG: loss breakdown: energy_per_atom: 0.25555186878059033, forces: 8.545298342577539, stress: 0.0012117465917933427, 
2026-09-21 13:19:48.520 DEBUG: loss breakdown: energy_per_atom: 0.34539671507441605, forces: 28.556999034705065, stress: 0.0020391786984315674, 
2026-09-21 13:19:48.654 DEBUG: loss breakdown: energy_per_atom: 1.224700911399626, forces: 10.647895744687744, stress: 0.0011967952277264686, 
2026-09-21 13:19:48.797 DEBUG: loss breakdown: energy_per_atom: 0.460667755298981, forces: 34.76795409512352, stress: 0.001776901969232355, 
2026-09-21 13:19:48.935 DEBUG: loss breakdown: energy_per_atom: 2.120647517293821, forces: 14.544270603376589, stress: 0.0010066099991780475, 
2026-09-21 13:19:49.076 DEBUG: loss breakdown: energy_per_atom: 1.3378719799187238, forces: 24.859767055213368, stress: 0.0005223658428980191, 
2026-09-21 13:19:49.215 DEBUG: loss breakdown: energy_per_atom: 0.41764987998869263, forces: 62.72538965891159, stress: 0.000463547735476049, 
2026-09-21 13:19:49.354 DEBUG: loss breakdown: energy_per_atom: 18.178542783030117, forces: 7.549756689381408, stress: 0.0010644454040957842, 
2026-09-21 13:19:49.487 DEBUG: loss breakdown: energy_per_atom: 2.4466194183540493, forces: 11.437893831844113, stress: 0.02073950157706363, 
2026-09-21 13:19:49.629 DEBUG: loss breakdown: energy_per_atom: 0.16621000092314359, forces: 25.14565221547057, stress: 0.0011449482719630096, 
2026-09-21 13:19:49.768 DEBUG: loss breakdown: energy_per_atom: 2.4824152232721635, forces: 14.651210459643933, stress: 0.0013059067887925516, 
2026-09-21 13:19:49.925 DEBUG: loss breakdown: energy_per_atom: 17.784198208992635, forces: 16.84289621990875, stress: 0.001806739774694396, 
2026-09-21 13:19:50.084 DEBUG: loss breakdown: energy_per_atom: 2.281434478550176, forces: 22.415922922767002, stress: 0.0010199006944500992, 
2026-09-21 13:19:50.239 DEBUG: loss breakdown: energy_per_atom: 1.7425632723472873, forces: 14.512230991037677, stress: 0.0010406588269370456, 
2026-09-21 13:19:50.379 DEBUG: loss breakdown: energy_per_atom: 1.8235885159652763, forces: 15.206131298793732, stress: 0.014962226172947821, 
2026-09-21 13:19:50.507 DEBUG: loss breakdown: energy_per_atom: 1.4881829790868848, forces: 16.50575380789828, stress: 0.012976276767739998, 
2026-09-21 13:19:50.671 DEBUG: loss breakdown: energy_per_atom: 0.2858376576495639, forces: 13.155173466121314, stress: 0.0003954182616839029, 
2026-09-21 13:19:50.828 DEBUG: loss breakdown: energy_per_atom: 0.7536201372738792, forces: 15.535282301795375, stress: 0.0005320458607471741, 
2026-09-21 13:19:50.975 DEBUG: loss breakdown: energy_per_atom: 0.5167806782628532, forces: 26.39091388828307, stress: 0.0006622370691094034, 
2026-09-21 13:19:51.115 DEBUG: loss breakdown: energy_per_atom: 0.9649594756662235, forces: 27.8438366405319, stress: 0.009715104474973575, 
2026-09-21 13:19:51.268 DEBUG: loss breakdown: energy_per_atom: 2.277653115770618, forces: 11.31862353255602, stress: 0.0007490016842572114, 
2026-09-21 13:19:51.409 DEBUG: loss breakdown: energy_per_atom: 2.7111761470972082, forces: 26.02180725029376, stress: 0.011027367388735424, 
2026-09-21 13:19:51.561 DEBUG: loss breakdown: energy_per_atom: 0.35033578839796364, forces: 18.134026437456924, stress: 0.0005042336798405207, 
2026-09-21 13:19:51.721 DEBUG: loss breakdown: energy_per_atom: 3.379571880252822, forces: 17.638633137280653, stress: 0.0007516937790455979, 
2026-09-21 13:19:51.865 DEBUG: loss breakdown: energy_per_atom: 0.3305514534537143, forces: 16.121175645269695, stress: 0.000670037724547686, 
2026-09-21 13:19:52.006 DEBUG: loss breakdown: energy_per_atom: 9.625414557029048, forces: 15.70189622386606, stress: 0.010374982392940565, 
2026-09-21 13:19:52.135 DEBUG: loss breakdown: energy_per_atom: 0.8624861457860038, forces: 11.189628595839947, stress: 0.0008268310851412049, 
2026-09-21 13:19:52.274 DEBUG: loss breakdown: energy_per_atom: 5.8576681106597634, forces: 16.125244360250047, stress: 0.0005440851853237843, 
2026-09-21 13:19:52.404 DEBUG: loss breakdown: energy_per_atom: 0.6358878997690247, forces: 27.270871811978413, stress: 0.01661356613912746, 
2026-09-21 13:19:52.550 DEBUG: loss breakdown: energy_per_atom: 0.9447405746439757, forces: 7.643724311695693, stress: 0.000717282564883852, 
2026-09-21 13:19:52.699 DEBUG: loss breakdown: energy_per_atom: 26.39299064448657, forces: 15.99290371400427, stress: 0.015785238668117235, 
2026-09-21 13:19:52.843 DEBUG: loss breakdown: energy_per_atom: 0.6427789074508692, forces: 16.644056445460155, stress: 0.0007981737711079055, 
2026-09-21 13:19:52.977 DEBUG: loss breakdown: energy_per_atom: 14.905065262972325, forces: 26.479015929507018, stress: 0.0008558513328800661, 
2026-09-21 13:19:53.131 DEBUG: loss breakdown: energy_per_atom: 5.417909871674016, forces: 16.717645247030646, stress: 0.000699359934038277, 
2026-09-21 13:19:53.279 DEBUG: loss breakdown: energy_per_atom: 2.8521802670795555, forces: 22.799054140507046, stress: 0.0009242223507344174, 
2026-09-21 13:19:53.409 DEBUG: loss breakdown: energy_per_atom: 0.356706692260631, forces: 49.437868583094854, stress: 0.0009551672201915172, 
2026-09-21 13:19:53.560 DEBUG: loss breakdown: energy_per_atom: 0.36172590921603265, forces: 19.16906738383949, stress: 0.0007519689995393969, 
2026-09-21 13:19:53.703 DEBUG: loss breakdown: energy_per_atom: 1.0630589836298647, forces: 17.01506442068168, stress: 0.0020510790547101313, 
2026-09-21 13:19:53.844 DEBUG: loss breakdown: energy_per_atom: 1.4107560346308896, forces: 18.044894742380915, stress: 0.0009113021319260288, 
2026-09-21 13:19:53.991 DEBUG: loss breakdown: energy_per_atom: 7.075832859186663, forces: 16.75336525382387, stress: 0.0007660697356595978, 
2026-09-21 13:19:54.133 DEBUG: loss breakdown: energy_per_atom: 0.31358938054490426, forces: 19.018129574922646, stress: 0.011422355548004722, 
2026-09-21 13:19:54.279 DEBUG: loss breakdown: energy_per_atom: 0.36886639699547585, forces: 25.09270840531887, stress: 0.0007653216782815168, 
2026-09-21 13:19:54.432 DEBUG: loss breakdown: energy_per_atom: 0.23581190359601426, forces: 13.416111766050335, stress: 0.0007136524271172442, 
2026-09-21 13:19:54.572 DEBUG: loss breakdown: energy_per_atom: 8.055837220393624, forces: 10.791735880576955, stress: 0.013720585131567972, 
2026-09-21 13:19:54.716 DEBUG: loss breakdown: energy_per_atom: 0.5070779889316874, forces: 57.14292044983229, stress: 0.010845242425760987, 
2026-09-21 13:19:54.858 DEBUG: loss breakdown: energy_per_atom: 1.2415953801238344, forces: 228.72935545682554, stress: 0.0112519899365607, 
2026-09-21 13:19:54.996 DEBUG: loss breakdown: energy_per_atom: 5.243845422300439, forces: 20.841902248240892, stress: 0.0020997148458838746, 
2026-09-21 13:19:55.124 DEBUG: loss breakdown: energy_per_atom: 0.30828137067811406, forces: 11.859017850190282, stress: 0.0008522863248506941, 
2026-09-21 13:19:55.274 DEBUG: loss breakdown: energy_per_atom: 0.3248950802005201, forces: 44.150599496197785, stress: 0.0006999392727503298, 
2026-09-21 13:19:55.424 DEBUG: loss breakdown: energy_per_atom: 25.54298035003278, forces: 28.4756242875638, stress: 0.0008944855002399588, 
2026-09-21 13:19:55.570 DEBUG: loss breakdown: energy_per_atom: 0.3277201302320627, forces: 54.43577088676247, stress: 0.0009631661775458887, 
2026-09-21 13:19:55.702 DEBUG: loss breakdown: energy_per_atom: 0.5659209534424847, forces: 29.05101632540327, stress: 0.0007555400321113709, 
2026-09-21 13:19:55.829 DEBUG: loss breakdown: energy_per_atom: 6.908609159557562, forces: 18.689336930329286, stress: 0.0010874554946464618, 
2026-09-21 13:19:55.971 DEBUG: loss breakdown: energy_per_atom: 0.3030654718318638, forces: 26.04211954022353, stress: 0.0005748352863707453, 
2026-09-21 13:19:56.120 DEBUG: loss breakdown: energy_per_atom: 6.209547646131539, forces: 24.08656518555397, stress: 0.0005196320951876098, 
2026-09-21 13:19:56.245 DEBUG: loss breakdown: energy_per_atom: 3.0339556622895825, forces: 14.438123553469639, stress: 0.0005155510631816033, 
2026-09-21 13:19:56.390 DEBUG: loss breakdown: energy_per_atom: 1.9746779963609449, forces: 16.34257178093365, stress: 0.0007981641888767086, 
2026-09-21 13:19:56.545 DEBUG: loss breakdown: energy_per_atom: 4.809099870865436, forces: 23.936324277226145, stress: 0.008747734446209235, 
2026-09-21 13:19:56.689 DEBUG: loss breakdown: energy_per_atom: 8.613268026116776, forces: 11.460606198800525, stress: 0.0009988347471878054, 
2026-09-21 13:19:56.851 DEBUG: loss breakdown: energy_per_atom: 0.391786857687774, forces: 13.185115561359877, stress: 0.0009411831121794353, 
2026-09-21 13:19:56.989 DEBUG: loss breakdown: energy_per_atom: 0.3467216778545577, forces: 9.20656919635304, stress: 0.00849225713995384, 
2026-09-21 13:19:57.126 DEBUG: loss breakdown: energy_per_atom: 0.25660393770375506, forces: 8.263201614152994, stress: 0.0007983483585716648, 
2026-09-21 13:19:57.264 DEBUG: loss breakdown: energy_per_atom: 0.22126464400810497, forces: 26.36320169325141, stress: 0.0016357212104277906, 
2026-09-21 13:19:57.419 DEBUG: loss breakdown: energy_per_atom: 0.24888603526987643, forces: 32.14032952320313, stress: 0.0008806092363379249, 
2026-09-21 13:19:57.576 DEBUG: loss breakdown: energy_per_atom: 0.7475959631701563, forces: 77.65562843616921, stress: 0.0008638615981051419, 
2026-09-21 13:19:57.720 DEBUG: loss breakdown: energy_per_atom: 0.379455283591553, forces: 27.297772516422835, stress: 0.0005516546909123617, 
2026-09-21 13:19:57.849 DEBUG: loss breakdown: energy_per_atom: 1.7574249545425946, forces: 14.68196191704598, stress: 0.0011903349032648448, 
2026-09-21 13:19:57.988 DEBUG: loss breakdown: energy_per_atom: 31.267133643858365, forces: 52.399306515059806, stress: 0.000976642752424988, 
2026-09-21 13:19:58.128 DEBUG: loss breakdown: energy_per_atom: 0.2689409728278765, forces: 22.68956162084, stress: 0.0005124290332324832, 
2026-09-21 13:19:58.281 DEBUG: loss breakdown: energy_per_atom: 24.131976503988582, forces: 16.642077471702265, stress: 0.0005908555234292791, 
2026-09-21 13:19:58.418 DEBUG: loss breakdown: energy_per_atom: 5.466511514140101, forces: 63.11296645488521, stress: 0.0003646678609591804, 
2026-09-21 13:19:58.552 DEBUG: loss breakdown: energy_per_atom: 0.13349616948802562, forces: 26.596977699193758, stress: 0.0005974305252299481, 
2026-09-21 13:19:58.693 DEBUG: loss breakdown: energy_per_atom: 28.60610527547323, forces: 11.195508352191604, stress: 0.0007056657882519209, 
2026-09-21 13:19:58.852 DEBUG: loss breakdown: energy_per_atom: 0.15635888621039207, forces: 21.182146673046766, stress: 0.000991274300188038, 
2026-09-21 13:19:58.989 DEBUG: loss breakdown: energy_per_atom: 3.7053678734314364, forces: 14.513025216259559, stress: 0.001277914774608362, 
2026-09-21 13:19:59.122 DEBUG: loss breakdown: energy_per_atom: 1.5702537495206603, forces: 19.366861587990496, stress: 0.005309649385805503, 
2026-09-21 13:19:59.268 DEBUG: loss breakdown: energy_per_atom: 1.0711517204755345, forces: 19.025855138010424, stress: 0.0010063693721425375, 
2026-09-21 13:19:59.402 DEBUG: loss breakdown: energy_per_atom: 0.9432503933980929, forces: 15.887858727224478, stress: 0.0009398125692354172, 
2026-09-21 13:19:59.546 DEBUG: loss breakdown: energy_per_atom: 78.65377647360962, forces: 12.902510242401119, stress: 0.00048274990086841603, 
2026-09-21 13:19:59.698 DEBUG: loss breakdown: energy_per_atom: 0.48750262098149666, forces: 18.265853341679765, stress: 0.0004810560353126619, 
2026-09-21 13:19:59.831 DEBUG: loss breakdown: energy_per_atom: 2.5640980906864725, forces: 18.189552166818206, stress: 0.0008470776779120827, 
2026-09-21 13:19:59.958 DEBUG: loss breakdown: energy_per_atom: 0.4612331020353708, forces: 28.730092368671258, stress: 0.0003372714596193573, 
2026-09-21 13:20:00.087 DEBUG: loss breakdown: energy_per_atom: 0.3745760826420823, forces: 11.555713420321952, stress: 0.0004064826030407124, 
2026-09-21 13:20:00.216 DEBUG: loss breakdown: energy_per_atom: 2.560567200647983, forces: 27.447542237894563, stress: 0.00048460286353771035, 
2026-09-21 13:20:00.347 DEBUG: loss breakdown: energy_per_atom: 5.305667347909148, forces: 10.292583507110223, stress: 0.0005980513728291443, 
2026-09-21 13:20:00.474 DEBUG: loss breakdown: energy_per_atom: 0.4367229333863333, forces: 16.330683191166408, stress: 0.0011393324571047315, 
2026-09-21 13:20:00.609 DEBUG: loss breakdown: energy_per_atom: 4.110429670252512, forces: 25.316854464629508, stress: 0.0004540297720580787, 
2026-09-21 13:20:00.743 DEBUG: loss breakdown: energy_per_atom: 0.22785158617467588, forces: 13.02827486834186, stress: 0.0011457497717880095, 
2026-09-21 13:20:00.882 DEBUG: loss breakdown: energy_per_atom: 0.3674361529501453, forces: 13.830369457346666, stress: 0.001480516880633994, 
2026-09-21 13:20:01.025 DEBUG: loss breakdown: energy_per_atom: 0.193806474474205, forces: 72.81967195666712, stress: 0.002452225824947938, 
2026-09-21 13:20:01.157 DEBUG: loss breakdown: energy_per_atom: 0.4746279098348807, forces: 18.145904832498278, stress: 0.0009177236114029209, 
2026-09-21 13:20:01.289 DEBUG: loss breakdown: energy_per_atom: 0.6128302002770136, forces: 29.366013542696844, stress: 0.0005314524449938496, 
2026-09-21 13:20:01.426 DEBUG: loss breakdown: energy_per_atom: 0.4062257266169521, forces: 16.994192571596713, stress: 0.0003863892048376027, 
2026-09-21 13:20:01.565 DEBUG: loss breakdown: energy_per_atom: 0.17718356304147276, forces: 16.299740821736677, stress: 0.0005004182002296767, 
2026-09-21 13:20:01.712 DEBUG: loss breakdown: energy_per_atom: 0.8985328177942162, forces: 47.26658435043264, stress: 0.006974289690231904, 
2026-09-21 13:20:01.852 DEBUG: loss breakdown: energy_per_atom: 0.6650499579967905, forces: 13.935692018177562, stress: 0.0004892969441672111, 
2026-09-21 13:20:01.994 DEBUG: loss breakdown: energy_per_atom: 0.12203370140860276, forces: 36.29336985788711, stress: 0.0009479766234547243, 
2026-09-21 13:20:02.129 DEBUG: loss breakdown: energy_per_atom: 0.33636498133504356, forces: 18.472883765282422, stress: 0.0013930995316879745, 
2026-09-21 13:20:02.280 DEBUG: loss breakdown: energy_per_atom: 1.2926423888459537, forces: 20.829129700990784, stress: 0.0010691164372906331, 
2026-09-21 13:20:02.438 DEBUG: loss breakdown: energy_per_atom: 0.6305623103364715, forces: 30.503226423469677, stress: 0.0008329641306372417, 
2026-09-21 13:20:02.579 DEBUG: loss breakdown: energy_per_atom: 0.2299881944738129, forces: 24.89489086850064, stress: 0.0009697962428659689, 
2026-09-21 13:20:02.715 DEBUG: loss breakdown: energy_per_atom: 0.6981111439356398, forces: 26.893896876216694, stress: 0.007483003067141404, 
2026-09-21 13:20:02.852 DEBUG: loss breakdown: energy_per_atom: 7.067113724918063, forces: 11.161789632074864, stress: 0.0003155055081854432, 
2026-09-21 13:20:02.994 DEBUG: loss breakdown: energy_per_atom: 1.4222036935535018, forces: 15.424225081518284, stress: 0.006919052232042775, 
2026-09-21 13:20:03.140 DEBUG: loss breakdown: energy_per_atom: 0.5071082805485981, forces: 42.15052326925175, stress: 0.0006259914921569711, 
2026-09-21 13:20:03.286 DEBUG: loss breakdown: energy_per_atom: 8.364770049004361, forces: 9.984717035797228, stress: 0.006300629326768534, 
2026-09-21 13:20:03.422 DEBUG: loss breakdown: energy_per_atom: 4.180583500873154, forces: 20.94095968381428, stress: 0.0004537835820065728, 
2026-09-21 13:20:03.583 DEBUG: loss breakdown: energy_per_atom: 0.36994955829623016, forces: 22.89978518556413, stress: 0.0006223765235338734, 
2026-09-21 13:20:03.738 DEBUG: loss breakdown: energy_per_atom: 8.16741358107791, forces: 9.157287272674646, stress: 0.0013400734072216073, 
2026-09-21 13:20:03.888 DEBUG: loss breakdown: energy_per_atom: 0.22821090891249537, forces: 17.18717079802933, stress: 0.0019962383636710737, 
2026-09-21 13:20:04.035 DEBUG: loss breakdown: energy_per_atom: 0.35525734365270967, forces: 17.421841385570456, stress: 0.0022274456241322773, 
2026-09-21 13:20:04.168 DEBUG: loss breakdown: energy_per_atom: 2.719718057737262, forces: 25.112495187352007, stress: 0.0021278658614632875, 
2026-09-21 13:20:04.303 DEBUG: loss breakdown: energy_per_atom: 0.4727112530660833, forces: 15.192639294903914, stress: 0.0008423370598362467, 
2026-09-21 13:20:04.441 DEBUG: loss breakdown: energy_per_atom: 3.836840410599816, forces: 13.619450308058386, stress: 0.0006319170806387532, 
2026-09-21 13:20:04.592 DEBUG: loss breakdown: energy_per_atom: 1.070485241530685, forces: 14.45451651247764, stress: 0.0016308536138869816, 
2026-09-21 13:20:04.739 DEBUG: loss breakdown: energy_per_atom: 0.1209087307135235, forces: 34.18186946219486, stress: 0.0008708876484779504, 
2026-09-21 13:20:04.876 DEBUG: loss breakdown: energy_per_atom: 0.37450908636789515, forces: 14.395913900584393, stress: 0.0014861565795208057, 
2026-09-21 13:20:05.012 DEBUG: loss breakdown: energy_per_atom: 0.7060258124157635, forces: 18.260067136046693, stress: 0.0018201924146109538, 
2026-09-21 13:20:05.160 DEBUG: loss breakdown: energy_per_atom: 0.4965268452349205, forces: 23.89649153675632, stress: 0.0006911642275428128, 
2026-09-21 13:20:05.314 DEBUG: loss breakdown: energy_per_atom: 5.130438123190094, forces: 9.338489781455408, stress: 0.0009667403026366731, 
2026-09-21 13:20:05.462 DEBUG: loss breakdown: energy_per_atom: 9.694321988287365, forces: 18.984510883756023, stress: 0.001884758372581646, 
2026-09-21 13:20:05.623 DEBUG: loss breakdown: energy_per_atom: 0.1777816762340654, forces: 73.35794801547546, stress: 0.0015093686265825641, 
2026-09-21 13:20:05.781 DEBUG: loss breakdown: energy_per_atom: 0.4635181543471255, forces: 27.52484773335986, stress: 0.000840242466161473, 
2026-09-21 13:20:05.925 DEBUG: loss breakdown: energy_per_atom: 0.7619685494852799, forces: 14.942087651205213, stress: 0.0005205482778212677, 
2026-09-21 13:20:06.088 DEBUG: loss breakdown: energy_per_atom: 1.5101607747900014, forces: 17.07119346874511, stress: 0.0004372022583124934, 
2026-09-21 13:20:06.223 DEBUG: loss breakdown: energy_per_atom: 0.8453221319275074, forces: 12.972334572488775, stress: 0.0071085428916175435, 
2026-09-21 13:20:06.355 DEBUG: loss breakdown: energy_per_atom: 0.2795869711986809, forces: 17.384839701712785, stress: 0.0007235555201418067, 
2026-09-21 13:20:06.492 DEBUG: loss breakdown: energy_per_atom: 0.2526707009376896, forces: 25.778133266940557, stress: 0.0004306635234349372, 
2026-09-21 13:20:06.640 DEBUG: loss breakdown: energy_per_atom: 0.25703579044431973, forces: 10.999322015304463, stress: 0.0005044516325702955, 
2026-09-21 13:20:06.788 DEBUG: loss breakdown: energy_per_atom: 0.43576451533984084, forces: 24.822499211448033, stress: 0.011272928302641764, 
2026-09-21 13:20:06.935 DEBUG: loss breakdown: energy_per_atom: 0.2147907572532183, forces: 19.833122409284705, stress: 0.0009018160606885001, 
2026-09-21 13:20:07.069 DEBUG: loss breakdown: energy_per_atom: 4.114270878207405, forces: 12.007639399752744, stress: 0.0009169975369602642, 
2026-09-21 13:20:07.197 DEBUG: loss breakdown: energy_per_atom: 1.026492536613901, forces: 16.525491134811684, stress: 0.0004269615994640808, 
2026-09-21 13:20:07.344 DEBUG: loss breakdown: energy_per_atom: 0.32090249527672027, forces: 20.9387724684076, stress: 0.0008960912836072547, 
2026-09-21 13:20:07.475 DEBUG: loss breakdown: energy_per_atom: 0.7409418865408165, forces: 14.084861271616008, stress: 0.01102057140345767, 
2026-09-21 13:20:07.613 DEBUG: loss breakdown: energy_per_atom: 0.6838863168717909, forces: 9.583860567018736, stress: 0.0004967099588437548, 
2026-09-21 13:20:07.760 DEBUG: loss breakdown: energy_per_atom: 0.29653571666468326, forces: 32.35050406068181, stress: 0.0005780014752215732, 
2026-09-21 13:20:07.896 DEBUG: loss breakdown: energy_per_atom: 17.8257531395315, forces: 19.162424709821146, stress: 0.0011313783000952585, 
2026-09-21 13:20:08.050 DEBUG: loss breakdown: energy_per_atom: 1.36294343443585, forces: 14.141407786043775, stress: 0.0004671827475272025, 
2026-09-21 13:20:08.199 DEBUG: loss breakdown: energy_per_atom: 3.2575616744637235, forces: 74.74859169795236, stress: 0.009520026429796317, 
2026-09-21 13:20:08.354 DEBUG: loss breakdown: energy_per_atom: 0.47879695066577155, forces: 21.611169927472915, stress: 0.000553113325643468, 
2026-09-21 13:20:08.493 DEBUG: loss breakdown: energy_per_atom: 0.846650016479787, forces: 175.01119076511273, stress: 0.0018870444758234298, 
2026-09-21 13:20:08.622 DEBUG: loss breakdown: energy_per_atom: 2.100648554638427, forces: 10.131302377575926, stress: 0.001201961616282462, 
2026-09-21 13:20:08.777 DEBUG: loss breakdown: energy_per_atom: 1.6718753248879044, forces: 18.563330222724705, stress: 0.000798101036200498, 
2026-09-21 13:20:08.921 DEBUG: loss breakdown: energy_per_atom: 1.6379808361331536, forces: 18.910510421912697, stress: 0.011507743726867345, 
2026-09-21 13:20:09.069 DEBUG: loss breakdown: energy_per_atom: 1.1476216462670565, forces: 189.2198981296449, stress: 0.0036564558521005827, 
2026-09-21 13:20:09.225 DEBUG: loss breakdown: energy_per_atom: 0.37643140856006296, forces: 11.846312642451958, stress: 0.0014230967048315451, 
2026-09-21 13:20:09.394 DEBUG: loss breakdown: energy_per_atom: 0.2572822199012944, forces: 15.434652917629087, stress: 0.0007083319524535873, 
2026-09-21 13:20:09.558 DEBUG: loss breakdown: energy_per_atom: 0.18892079899683017, forces: 14.60253691354762, stress: 0.0009084347011628412, 
2026-09-21 13:20:09.701 DEBUG: loss breakdown: energy_per_atom: 3.6263062401015174, forces: 32.71533419220419, stress: 0.000668490662768253, 
2026-09-21 13:20:09.853 DEBUG: loss breakdown: energy_per_atom: 0.2138241124317755, forces: 56.944943514280276, stress: 0.00133172414755144, 
2026-09-21 13:20:09.997 DEBUG: loss breakdown: energy_per_atom: 0.29243297150469383, forces: 50.51630707569874, stress: 0.0009981604666511948, 
2026-09-21 13:20:10.132 DEBUG: loss breakdown: energy_per_atom: 0.5588693619496653, forces: 19.718947663721746, stress: 0.0004028138944904939, 
2026-09-21 13:20:10.259 DEBUG: loss breakdown: energy_per_atom: 0.5529624761967747, forces: 21.19795927799077, stress: 0.0013222136845396073, 
2026-09-21 13:20:10.404 DEBUG: loss breakdown: energy_per_atom: 4.586439989646006, forces: 20.788693515153536, stress: 0.0011405976682416054, 
2026-09-21 13:20:10.541 DEBUG: loss breakdown: energy_per_atom: 13.123831477416717, forces: 11.888328964582797, stress: 0.0006057362237171971, 
2026-09-21 13:20:10.704 DEBUG: loss breakdown: energy_per_atom: 1.2143634993471033, forces: 16.115913254154005, stress: 0.0007801879816889592, 
2026-09-21 13:20:10.837 DEBUG: loss breakdown: energy_per_atom: 1.128143203083704, forces: 36.155495989099606, stress: 0.0004988884797922544, 
2026-09-21 13:20:11.006 DEBUG: loss breakdown: energy_per_atom: 1.687598885330374, forces: 26.624861724651588, stress: 0.0009182137095552098, 
2026-09-21 13:20:11.134 DEBUG: loss breakdown: energy_per_atom: 8.244685209775414, forces: 15.677238212191947, stress: 0.0009018096780721353, 
2026-09-21 13:20:11.261 DEBUG: loss breakdown: energy_per_atom: 4.74038826841854, forces: 7.264572403234714, stress: 0.0004413934701293599, 
2026-09-21 13:20:11.384 DEBUG: loss breakdown: energy_per_atom: 0.2358547793309046, forces: 7.8189595410525214, stress: 0.0005582297034572915, 
2026-09-21 13:20:11.518 DEBUG: loss breakdown: energy_per_atom: 0.7833999655999454, forces: 122.57675572259103, stress: 0.0011419968667194386, 
2026-09-21 13:20:11.649 DEBUG: loss breakdown: energy_per_atom: 8.929096323881632, forces: 30.697770290903776, stress: 0.0005187177240419153, 
2026-09-21 13:20:11.782 DEBUG: loss breakdown: energy_per_atom: 0.19764664688763298, forces: 21.62777530006772, stress: 0.0009006493066267908, 
2026-09-21 13:20:11.918 DEBUG: loss breakdown: energy_per_atom: 0.9892550972266891, forces: 23.186076694686236, stress: 0.0011231329677017054, 
2026-09-21 13:20:12.061 DEBUG: loss breakdown: energy_per_atom: 0.28107770467508836, forces: 11.09806525487025, stress: 0.0009564576938602234, 
2026-09-21 13:20:12.193 DEBUG: loss breakdown: energy_per_atom: 0.1331083295346075, forces: 18.88324501312312, stress: 0.0007007733778286033, 
2026-09-21 13:20:12.329 DEBUG: loss breakdown: energy_per_atom: 0.802976593718385, forces: 14.724914367176895, stress: 0.0006490771867707064, 
2026-09-21 13:20:12.466 DEBUG: loss breakdown: energy_per_atom: 0.211131543860738, forces: 44.423765682793295, stress: 0.0011061956282703799, 
2026-09-21 13:20:12.607 DEBUG: loss breakdown: energy_per_atom: 0.9181916214647368, forces: 20.441625358098424, stress: 0.0005448928493766548, 
2026-09-21 13:20:12.750 DEBUG: loss breakdown: energy_per_atom: 1.9488954526722226, forces: 21.04754502963372, stress: 0.0008342570330686963, 
2026-09-21 13:20:12.877 DEBUG: loss breakdown: energy_per_atom: 0.5512272292216444, forces: 18.329536719273932, stress: 0.0009240530710370303, 
2026-09-21 13:20:13.033 DEBUG: loss breakdown: energy_per_atom: 0.6340288635149294, forces: 13.64145088987968, stress: 0.0068690972470806895, 
2026-09-21 13:20:13.189 DEBUG: loss breakdown: energy_per_atom: 0.7906594418482349, forces: 11.943767853254275, stress: 0.0005173706706467353, 
2026-09-21 13:20:13.330 DEBUG: loss breakdown: energy_per_atom: 0.3846315919281721, forces: 8.529512458283293, stress: 0.0004706249377777483, 
2026-09-21 13:20:13.485 DEBUG: loss breakdown: energy_per_atom: 1.940167449677129, forces: 14.267671611779589, stress: 0.0007414316348552615, 
2026-09-21 13:20:13.630 DEBUG: loss breakdown: energy_per_atom: 1.3407338153741537, forces: 13.304356569988817, stress: 0.0007524584805329629, 
2026-09-21 13:20:13.778 DEBUG: loss breakdown: energy_per_atom: 2.317719240183578, forces: 22.843440285171344, stress: 0.0015920088289358698, 
2026-09-21 13:20:13.922 DEBUG: loss breakdown: energy_per_atom: 5.780296783098867, forces: 13.011951042642655, stress: 0.010929985234365051, 
2026-09-21 13:20:14.050 DEBUG: loss breakdown: energy_per_atom: 1.9518234230992966, forces: 22.8327302070049, stress: 0.0006586494271579967, 
2026-09-21 13:20:14.173 DEBUG: loss breakdown: energy_per_atom: 2.3455363750959277, forces: 11.766494535497358, stress: 0.0008088434604365207, 
2026-09-21 13:20:14.295 DEBUG: loss breakdown: energy_per_atom: 1.117387307091505, forces: 20.279459935446866, stress: 0.00034624470949860163, 
2026-09-21 13:20:14.419 DEBUG: loss breakdown: energy_per_atom: 0.17463358106015314, forces: 12.731776865853803, stress: 0.0014050292755697872, 
2026-09-21 13:20:14.551 DEBUG: loss breakdown: energy_per_atom: 0.19295386570037562, forces: 64.80816406274383, stress: 0.000600975317707279, 
2026-09-21 13:20:14.700 DEBUG: loss breakdown: energy_per_atom: 0.3808823527936714, forces: 16.759387248532608, stress: 0.001381598262276884, 
2026-09-21 13:20:14.845 DEBUG: loss breakdown: energy_per_atom: 0.2769689992518925, forces: 24.12857607755957, stress: 0.0007758868092821338, 
2026-09-21 13:20:15.001 DEBUG: loss breakdown: energy_per_atom: 3.3847470499892705, forces: 14.295316351854462, stress: 0.009452937140881783, 
2026-09-21 13:20:15.152 DEBUG: loss breakdown: energy_per_atom: 0.10528516251692444, forces: 27.21423246248007, stress: 0.0004926405192575679, 
2026-09-21 13:20:15.284 DEBUG: loss breakdown: energy_per_atom: 3.9181057018212715, forces: 18.655395653407822, stress: 0.0008495163682224972, 
2026-09-21 13:20:15.425 DEBUG: loss breakdown: energy_per_atom: 9.16804950667737, forces: 61.974577059148274, stress: 0.0009885384373335047, 
2026-09-21 13:20:15.566 DEBUG: loss breakdown: energy_per_atom: 0.22322438183025572, forces: 15.511058227416585, stress: 0.0004895568469051265, 
2026-09-21 13:20:15.698 DEBUG: loss breakdown: energy_per_atom: 2.129106791406081, forces: 12.524763859744603, stress: 0.0006579082118881453, 
2026-09-21 13:20:15.835 DEBUG: loss breakdown: energy_per_atom: 0.7113218278318858, forces: 17.064775247506596, stress: 0.0008424097836899351, 
2026-09-21 13:20:15.983 DEBUG: loss breakdown: energy_per_atom: 0.6160652398998026, forces: 20.63636490926644, stress: 0.0008350237172467602, 
2026-09-21 13:20:16.113 DEBUG: loss breakdown: energy_per_atom: 0.3284278185078019, forces: 8.013678995135445, stress: 0.0012262830708733156, 
2026-09-21 13:20:16.253 DEBUG: loss breakdown: energy_per_atom: 0.2306876233964927, forces: 14.267978526047461, stress: 0.0007989381671539986, 
2026-09-21 13:20:16.391 DEBUG: loss breakdown: energy_per_atom: 18.8157613062496, forces: 140.42231753825106, stress: 0.0008986815108776974, 
2026-09-21 13:20:16.542 DEBUG: loss breakdown: energy_per_atom: 22.34167042109533, forces: 18.768095446411024, stress: 0.0004806080525596448, 
2026-09-21 13:20:16.699 DEBUG: loss breakdown: energy_per_atom: 0.19148264094126732, forces: 15.065704512764007, stress: 0.0005190525517641116, 
2026-09-21 13:20:16.830 DEBUG: loss breakdown: energy_per_atom: 0.49040265610421674, forces: 14.274507845534664, stress: 0.00036139471847344785, 
2026-09-21 13:20:16.974 DEBUG: loss breakdown: energy_per_atom: 0.19055437189832464, forces: 13.68075421142765, stress: 0.0004602955207987996, 
2026-09-21 13:20:17.112 DEBUG: loss breakdown: energy_per_atom: 5.83064498444028, forces: 43.66079800987924, stress: 0.0068570892843213705, 
2026-09-21 13:20:17.252 DEBUG: loss breakdown: energy_per_atom: 0.9001420886093282, forces: 15.694551665356393, stress: 0.0007100735461051958, 
2026-09-21 13:20:17.397 DEBUG: loss breakdown: energy_per_atom: 2.670066921452219, forces: 10.65958601954261, stress: 0.0008298728511381874, 
2026-09-21 13:20:17.530 DEBUG: loss breakdown: energy_per_atom: 13.471249675818392, forces: 14.638290229965948, stress: 0.0020917802979392324, 
2026-09-21 13:20:17.687 DEBUG: loss breakdown: energy_per_atom: 12.942171974022873, forces: 31.76592331241216, stress: 0.000833316516550621, 
2026-09-21 13:20:17.828 DEBUG: loss breakdown: energy_per_atom: 0.25777479218715377, forces: 19.900870048446848, stress: 0.0011394569703312768, 
2026-09-21 13:20:17.968 DEBUG: loss breakdown: energy_per_atom: 0.3770517811503394, forces: 25.002808557962, stress: 0.0012013882188560432, 
2026-09-21 13:20:18.109 DEBUG: loss breakdown: energy_per_atom: 7.119704169407822, forces: 13.008481013914109, stress: 0.009678901160770489, 
2026-09-21 13:20:18.243 DEBUG: loss breakdown: energy_per_atom: 0.23122938971001922, forces: 131.3405308700715, stress: 0.007969868860141253, 
2026-09-21 13:20:18.387 DEBUG: loss breakdown: energy_per_atom: 0.7546882994875572, forces: 51.43497695073954, stress: 0.0007777481797936701, 
2026-09-21 13:20:18.533 DEBUG: loss breakdown: energy_per_atom: 34.82573626689614, forces: 16.934625932895006, stress: 0.0004743709469604067, 
2026-09-21 13:20:18.677 DEBUG: loss breakdown: energy_per_atom: 0.9034539290332931, forces: 27.830026068833092, stress: 0.00033573597095473283, 
2026-09-21 13:20:18.834 DEBUG: loss breakdown: energy_per_atom: 0.13644699783791342, forces: 8.462987504521367, stress: 0.0007342482454575804, 
2026-09-21 13:20:18.969 DEBUG: loss breakdown: energy_per_atom: 7.610963494596254, forces: 14.275748234276639, stress: 0.00034691326919678185, 
2026-09-21 13:20:19.115 DEBUG: loss breakdown: energy_per_atom: 0.32856802862522433, forces: 28.964898885201862, stress: 0.003193188553684154, 
2026-09-21 13:20:19.257 DEBUG: loss breakdown: energy_per_atom: 0.4977042020564587, forces: 17.469611097122094, stress: 0.0012142375217342924, 
2026-09-21 13:20:19.403 DEBUG: loss breakdown: energy_per_atom: 0.22008324260763273, forces: 11.640066136739227, stress: 0.0010145659956227202, 
2026-09-21 13:20:19.544 DEBUG: loss breakdown: energy_per_atom: 0.19384376904124007, forces: 25.36349236548424, stress: 0.0012812581601096937, 
2026-09-21 13:20:19.691 DEBUG: loss breakdown: energy_per_atom: 3.4513903465106055, forces: 12.426052104406992, stress: 0.002386779206245154, 
2026-09-21 13:20:19.838 DEBUG: loss breakdown: energy_per_atom: 1.1656327834047164, forces: 7.643767107467125, stress: 0.0012438033625498282, 
2026-09-21 13:20:19.977 DEBUG: loss breakdown: energy_per_atom: 1.199723011410574, forces: 14.977639538295232, stress: 0.0016474895880537349, 
2026-09-21 13:20:20.146 DEBUG: loss breakdown: energy_per_atom: 0.5967749903844376, forces: 32.267442409120264, stress: 0.0008462306818370143, 
2026-09-21 13:20:20.306 DEBUG: loss breakdown: energy_per_atom: 0.41208597578225603, forces: 47.106512367859494, stress: 0.005090166176766501, 
2026-09-21 13:20:20.450 DEBUG: loss breakdown: energy_per_atom: 0.2970406425417674, forces: 22.823789966256104, stress: 0.0006047138740030494, 
2026-09-21 13:20:20.600 DEBUG: loss breakdown: energy_per_atom: 0.7510120874088168, forces: 22.188848020748075, stress: 0.0006376812623733152, 
2026-09-21 13:20:20.728 DEBUG: loss breakdown: energy_per_atom: 0.4332740151301032, forces: 13.367249289071282, stress: 0.0008600157737511699, 
2026-09-21 13:20:20.877 DEBUG: loss breakdown: energy_per_atom: 0.23771928532127495, forces: 14.451347668989783, stress: 0.0008753372127986328, 
2026-09-21 13:20:21.017 DEBUG: loss breakdown: energy_per_atom: 0.18568299779822445, forces: 20.4268500452103, stress: 0.002315615338578693, 
2026-09-21 13:20:21.169 DEBUG: loss breakdown: energy_per_atom: 1.9805146963289788, forces: 21.193517795691342, stress: 0.0006068108246489194, 
2026-09-21 13:20:21.320 DEBUG: loss breakdown: energy_per_atom: 6.529556691108992, forces: 11.29191208125246, stress: 0.0009991887856064243, 
2026-09-21 13:20:21.470 DEBUG: loss breakdown: energy_per_atom: 1.5363275383760167, forces: 34.574389518641766, stress: 0.0011792572871159024, 
2026-09-21 13:20:21.614 DEBUG: loss breakdown: energy_per_atom: 2.8474677605382084, forces: 12.02157710059817, stress: 0.0025622115791338776, 
2026-09-21 13:20:21.747 DEBUG: loss breakdown: energy_per_atom: 3.0294282349060375, forces: 41.1424868572171, stress: 0.0008118379826237885, 
2026-09-21 13:20:21.877 DEBUG: loss breakdown: energy_per_atom: 0.6103983736326573, forces: 10.668978797245126, stress: 0.003401439056147335, 
2026-09-21 13:20:22.011 DEBUG: loss breakdown: energy_per_atom: 0.6435761243312554, forces: 12.020437817582918, stress: 0.0005578309785966415, 
2026-09-21 13:20:22.161 DEBUG: loss breakdown: energy_per_atom: 0.4204582136557502, forces: 33.94354289631437, stress: 0.0004920934277081045, 
2026-09-21 13:20:22.307 DEBUG: loss breakdown: energy_per_atom: 0.37565980238967134, forces: 16.509577989725344, stress: 0.0007287283633139422, 
2026-09-21 13:20:22.456 DEBUG: loss breakdown: energy_per_atom: 26.557195729837947, forces: 19.584061765621, stress: 0.0007865070097901714, 
2026-09-21 13:20:22.609 DEBUG: loss breakdown: energy_per_atom: 0.5535042052713552, forces: 14.577975633547698, stress: 0.007717156003954688, 
2026-09-21 13:20:22.786 DEBUG: loss breakdown: energy_per_atom: 0.4214321617319705, forces: 24.233256194344076, stress: 0.0010192772968662964, 
2026-09-21 13:20:22.925 DEBUG: loss breakdown: energy_per_atom: 0.33317696929503804, forces: 14.078708506814996, stress: 0.0008809222089078248, 
2026-09-21 13:20:23.057 DEBUG: loss breakdown: energy_per_atom: 0.26822642658776985, forces: 27.888390591938805, stress: 0.0007629804450533712, 
2026-09-21 13:20:23.207 DEBUG: loss breakdown: energy_per_atom: 9.10741215199443, forces: 20.65436122898054, stress: 0.0007473239482805073, 
2026-09-21 13:20:23.347 DEBUG: loss breakdown: energy_per_atom: 0.4780207564659374, forces: 16.31408155378166, stress: 0.0005746446965593835, 
2026-09-21 13:20:23.503 DEBUG: loss breakdown: energy_per_atom: 0.5053839475517977, forces: 19.411990687527812, stress: 0.0009811793986404898, 
2026-09-21 13:20:23.651 DEBUG: loss breakdown: energy_per_atom: 0.8048299783330589, forces: 14.089352390692857, stress: 0.0015025995272196129, 
2026-09-21 13:20:23.811 DEBUG: loss breakdown: energy_per_atom: 0.9431488929202143, forces: 29.62831372235506, stress: 0.0008650243445325037, 
2026-09-21 13:20:23.974 DEBUG: loss breakdown: energy_per_atom: 0.9630206770329759, forces: 29.907415204072407, stress: 0.006783575876518819, 
2026-09-21 13:20:24.116 DEBUG: loss breakdown: energy_per_atom: 1.5919556062409124, forces: 18.059776894669234, stress: 0.0009933557374820266, 
2026-09-21 13:20:24.264 DEBUG: loss breakdown: energy_per_atom: 0.16247601681890358, forces: 14.487490292114952, stress: 0.0009235760560904885, 
2026-09-21 13:20:24.411 DEBUG: loss breakdown: energy_per_atom: 0.3555792541891063, forces: 20.111930222754566, stress: 0.005545916192698355, 
2026-09-21 13:20:24.551 DEBUG: loss breakdown: energy_per_atom: 24.401005755072475, forces: 16.08073034821846, stress: 0.0004943396415866268, 
2026-09-21 13:20:24.682 DEBUG: loss breakdown: energy_per_atom: 0.3666641694374432, forces: 28.628001467137203, stress: 0.00035296661030834983, 
2026-09-21 13:20:24.822 DEBUG: loss breakdown: energy_per_atom: 0.25476343235552035, forces: 23.241979997391127, stress: 0.0006579505475636085, 
2026-09-21 13:20:24.967 DEBUG: loss breakdown: energy_per_atom: 1.0873422632816026, forces: 13.512338415736613, stress: 0.0007370617276787372, 
2026-09-21 13:20:25.111 DEBUG: loss breakdown: energy_per_atom: 0.26429258817593904, forces: 52.63223388563381, stress: 0.0005728775257621197, 
2026-09-21 13:20:25.261 DEBUG: loss breakdown: energy_per_atom: 0.662645124152039, forces: 16.464615261953313, stress: 0.0004630632854108858, 
2026-09-21 13:20:25.412 DEBUG: loss breakdown: energy_per_atom: 0.751802211574282, forces: 16.84909843505035, stress: 0.003320426937997839, 
2026-09-21 13:20:25.551 DEBUG: loss breakdown: energy_per_atom: 19.74010036704447, forces: 19.101602886372866, stress: 0.0005722024293017423, 
2026-09-21 13:20:25.695 DEBUG: loss breakdown: energy_per_atom: 0.3340104357005924, forces: 22.824334453333396, stress: 0.0012643451696987803, 
2026-09-21 13:20:25.834 DEBUG: loss breakdown: energy_per_atom: 0.5558155595319539, forces: 23.93226695195243, stress: 0.0004884818683993774, 
2026-09-21 13:20:25.974 DEBUG: loss breakdown: energy_per_atom: 29.648680345180114, forces: 30.264010171488447, stress: 0.012067273309474503, 
2026-09-21 13:20:26.107 DEBUG: loss breakdown: energy_per_atom: 0.8105218822231189, forces: 7.330154463980445, stress: 0.0009333791478983826, 
2026-09-21 13:20:26.241 DEBUG: loss breakdown: energy_per_atom: 0.2757405665988907, forces: 21.87803558139952, stress: 0.0011134196169396333, 
2026-09-21 13:20:26.377 DEBUG: loss breakdown: energy_per_atom: 5.556670142912197, forces: 12.67141236276654, stress: 0.0009303548349759986, 
2026-09-21 13:20:26.515 DEBUG: loss breakdown: energy_per_atom: 51.618806695873594, forces: 32.2325960149701, stress: 0.008450361698453934, 
2026-09-21 13:20:26.651 DEBUG: loss breakdown: energy_per_atom: 0.3643306424174735, forces: 24.746219636489915, stress: 0.001114896646001555, 
2026-09-21 13:20:26.815 DEBUG: loss breakdown: energy_per_atom: 1.5500203765180796, forces: 21.962409248127525, stress: 0.0014778141711056575, 
2026-09-21 13:20:26.964 DEBUG: loss breakdown: energy_per_atom: 13.194942513247117, forces: 12.072828442219786, stress: 0.0042318530508711595, 
2026-09-21 13:20:27.118 DEBUG: loss breakdown: energy_per_atom: 0.28980213058973936, forces: 27.05432542906851, stress: 0.002604494108152343, 
2026-09-21 13:20:27.258 DEBUG: loss breakdown: energy_per_atom: 1.3499279422775416, forces: 11.213365577690109, stress: 0.0007190365573938915, 
2026-09-21 13:20:27.428 DEBUG: loss breakdown: energy_per_atom: 1.6286599084133118, forces: 57.56758002680139, stress: 0.0009083198301687997, 
2026-09-21 13:20:27.573 DEBUG: loss breakdown: energy_per_atom: 11.226978065546636, forces: 5.784404976773643, stress: 0.0041610140440579285, 
2026-09-21 13:20:27.714 DEBUG: loss breakdown: energy_per_atom: 0.17371979013006186, forces: 28.48486176827244, stress: 0.00041978166086031204, 
2026-09-21 13:20:27.857 DEBUG: loss breakdown: energy_per_atom: 0.7597388488510943, forces: 16.65753083607741, stress: 0.0006820975995601831, 
2026-09-21 13:20:27.988 DEBUG: loss breakdown: energy_per_atom: 4.436218963915717, forces: 25.018921363449888, stress: 0.0005547862991845722, 
2026-09-21 13:20:28.119 DEBUG: loss breakdown: energy_per_atom: 0.3412361761282491, forces: 10.802383061987886, stress: 0.0004859535563538436, 
2026-09-21 13:20:28.275 DEBUG: loss breakdown: energy_per_atom: 40.14550096131761, forces: 43.03732899399447, stress: 0.0003228732465795691, 
2026-09-21 13:20:28.410 DEBUG: loss breakdown: energy_per_atom: 0.6269869171495082, forces: 44.47728822392122, stress: 0.0009949869933848733, 
2026-09-21 13:20:28.552 DEBUG: loss breakdown: energy_per_atom: 3.5921868578474543, forces: 18.238864566595694, stress: 0.0004287717501141199, 
2026-09-21 13:20:28.697 DEBUG: loss breakdown: energy_per_atom: 0.7956884160603928, forces: 20.966548471059284, stress: 0.00039080694684130897, 
2026-09-21 13:20:28.837 DEBUG: loss breakdown: energy_per_atom: 6.221428955620727, forces: 14.054545043746666, stress: 0.0008238854287253265, 
2026-09-21 13:20:28.976 DEBUG: loss breakdown: energy_per_atom: 1.76667093479301, forces: 21.806947799555196, stress: 0.0008419198823797551, 
2026-09-21 13:20:29.125 DEBUG: loss breakdown: energy_per_atom: 0.4860070576123244, forces: 53.85709888842588, stress: 0.00048476682404593633, 
2026-09-21 13:20:29.260 DEBUG: loss breakdown: energy_per_atom: 0.4282885114592001, forces: 12.859285105547565, stress: 0.000975333133556131, 
2026-09-21 13:20:29.398 DEBUG: loss breakdown: energy_per_atom: 1.6556691011054778, forces: 30.030765505344405, stress: 0.00486654017507852, 
2026-09-21 13:20:29.559 DEBUG: loss breakdown: energy_per_atom: 0.16308105484140126, forces: 10.728225790615738, stress: 0.0006302661466505328, 
2026-09-21 13:20:29.718 DEBUG: loss breakdown: energy_per_atom: 0.2991386879147506, forces: 8.920190563373554, stress: 0.000606240917931085, 
2026-09-21 13:20:29.861 DEBUG: loss breakdown: energy_per_atom: 0.5013286211852108, forces: 13.64315750967011, stress: 0.0007299576623572931, 
2026-09-21 13:20:29.992 DEBUG: loss breakdown: energy_per_atom: 0.38974017858185106, forces: 12.645642621839484, stress: 0.001321170090654938, 
2026-09-21 13:20:30.136 DEBUG: loss breakdown: energy_per_atom: 1.4133556669504876, forces: 12.49767063956263, stress: 0.0007238913028950915, 
2026-09-21 13:20:30.286 DEBUG: loss breakdown: energy_per_atom: 0.32867731754903456, forces: 13.452379952118548, stress: 0.0012236509377840771, 
2026-09-21 13:20:30.443 DEBUG: loss breakdown: energy_per_atom: 0.7478571277067334, forces: 21.391722792364266, stress: 0.0005257070408543616, 
2026-09-21 13:20:30.607 DEBUG: loss breakdown: energy_per_atom: 0.3614354216052007, forces: 7.102462651339849, stress: 0.0012487893222540025, 
2026-09-21 13:20:30.747 DEBUG: loss breakdown: energy_per_atom: 0.3063592819065948, forces: 19.653566712104087, stress: 0.0014954286417372788, 
2026-09-21 13:20:30.880 DEBUG: loss breakdown: energy_per_atom: 0.36274603320680554, forces: 12.630526465668604, stress: 0.0012406655469777471, 
2026-09-21 13:20:31.025 DEBUG: loss breakdown: energy_per_atom: 5.191023791940719, forces: 13.447493275074196, stress: 0.0005413636062987565, 
2026-09-21 13:20:31.158 DEBUG: loss breakdown: energy_per_atom: 0.41203802445379906, forces: 14.628435344098694, stress: 0.0006553371791651853, 
2026-09-21 13:20:31.291 DEBUG: loss breakdown: energy_per_atom: 0.14188255052968857, forces: 11.129409405508984, stress: 0.0006077669144265108, 
2026-09-21 13:20:31.422 DEBUG: loss breakdown: energy_per_atom: 34.24917253370207, forces: 25.45392838007406, stress: 0.00038650110126605075, 
2026-09-21 13:20:31.571 DEBUG: loss breakdown: energy_per_atom: 2.1115145099713106, forces: 22.69474235089931, stress: 0.0003641802861710822, 
2026-09-21 13:20:31.725 DEBUG: loss breakdown: energy_per_atom: 0.5242948481877913, forces: 19.714959685832508, stress: 0.00061373341300244, 
2026-09-21 13:20:31.875 DEBUG: loss breakdown: energy_per_atom: 0.28555982786673434, forces: 12.345936273414857, stress: 0.0007579828239850213, 
2026-09-21 13:20:32.023 DEBUG: loss breakdown: energy_per_atom: 6.473323738423846, forces: 109.32619339360461, stress: 0.004730533731431495, 
2026-09-21 13:20:32.154 DEBUG: loss breakdown: energy_per_atom: 1.6653102242502764, forces: 13.581170929466824, stress: 0.0010393352367117812, 
2026-09-21 13:20:32.315 DEBUG: loss breakdown: energy_per_atom: 1.3883774983728885, forces: 22.237099795844355, stress: 0.0009502351127301076, 
2026-09-21 13:20:32.467 DEBUG: loss breakdown: energy_per_atom: 0.12483985385126942, forces: 21.968083484432352, stress: 0.0006797346981789592, 
2026-09-21 13:20:32.614 DEBUG: loss breakdown: energy_per_atom: 0.8844291062816364, forces: 10.291428981158813, stress: 0.024463891108717297, 
2026-09-21 13:20:32.755 DEBUG: loss breakdown: energy_per_atom: 1.2850494334015028, forces: 20.923590237555285, stress: 0.005479584038912646, 
2026-09-21 13:20:32.888 DEBUG: loss breakdown: energy_per_atom: 0.4992002489342342, forces: 16.313817472330573, stress: 0.0010766788989237746, 
2026-09-21 13:20:33.021 DEBUG: loss breakdown: energy_per_atom: 1.101866231162629, forces: 10.364358744789104, stress: 0.002359701823195401, 
2026-09-21 13:20:33.173 DEBUG: loss breakdown: energy_per_atom: 0.361850837293766, forces: 14.70540544268406, stress: 0.0011292301301153926, 
2026-09-21 13:20:33.334 DEBUG: loss breakdown: energy_per_atom: 0.308988361185792, forces: 25.8657331813922, stress: 0.0006935261049389532, 
2026-09-21 13:20:33.502 DEBUG: loss breakdown: energy_per_atom: 1.2258728017914644, forces: 29.949673268352186, stress: 0.0012788944013523548, 
2026-09-21 13:20:33.648 DEBUG: loss breakdown: energy_per_atom: 6.376121866589288, forces: 37.910524196774944, stress: 0.05019956653894291, 
2026-09-21 13:20:33.784 DEBUG: loss breakdown: energy_per_atom: 0.27496260347399637, forces: 16.106591460722697, stress: 0.0008405361109494871, 
2026-09-21 13:20:33.936 DEBUG: loss breakdown: energy_per_atom: 11.97445983634754, forces: 13.229500588846788, stress: 0.0007349352219829621, 
2026-09-21 13:20:34.081 DEBUG: loss breakdown: energy_per_atom: 8.955858317484584, forces: 16.47347081740282, stress: 0.0020081331788519862, 
2026-09-21 13:20:34.230 DEBUG: loss breakdown: energy_per_atom: 0.39681779297236747, forces: 17.507082554491728, stress: 0.0007702683552769236, 
2026-09-21 13:20:34.375 DEBUG: loss breakdown: energy_per_atom: 0.7417782128049348, forces: 6.511790303807436, stress: 0.0013472113732866128, 
2026-09-21 13:20:34.512 DEBUG: loss breakdown: energy_per_atom: 0.43868931758994517, forces: 8.284927755409852, stress: 0.0008280677136809876, 
2026-09-21 13:20:34.671 DEBUG: loss breakdown: energy_per_atom: 0.32154580402344, forces: 19.29273574365429, stress: 0.001985218065378472, 
2026-09-21 13:20:34.816 DEBUG: loss breakdown: energy_per_atom: 1.6478850207313362, forces: 10.62872391154345, stress: 0.001752675387061419, 
2026-09-21 13:20:34.981 DEBUG: loss breakdown: energy_per_atom: 18.96753062204139, forces: 13.378942795824605, stress: 0.0010451084280819324, 
2026-09-21 13:20:35.117 DEBUG: loss breakdown: energy_per_atom: 10.169946232712169, forces: 11.717037847878602, stress: 0.0007989549268021072, 
2026-09-21 13:20:35.249 DEBUG: loss breakdown: energy_per_atom: 1.2005674275098963, forces: 13.799363819807617, stress: 0.0008362565374217509, 
2026-09-21 13:20:35.384 DEBUG: loss breakdown: energy_per_atom: 0.3659743857632043, forces: 11.767011805044193, stress: 0.001448330164543465, 
2026-09-21 13:20:35.521 DEBUG: loss breakdown: energy_per_atom: 0.5562318698403685, forces: 32.38708781148357, stress: 0.0011088135773719117, 
2026-09-21 13:20:35.680 DEBUG: loss breakdown: energy_per_atom: 30.278479047755173, forces: 11.367032890846493, stress: 0.00046359181848345924, 
2026-09-21 13:20:35.835 DEBUG: loss breakdown: energy_per_atom: 0.19010139901533074, forces: 10.976838603781069, stress: 0.0009204538324602447, 
2026-09-21 13:20:35.989 DEBUG: loss breakdown: energy_per_atom: 0.82623867002134, forces: 11.688016999023226, stress: 0.006557817272216053, 
2026-09-21 13:20:36.134 DEBUG: loss breakdown: energy_per_atom: 0.4465375390809682, forces: 31.767410788846817, stress: 0.001421780426840124, 
2026-09-21 13:20:36.282 DEBUG: loss breakdown: energy_per_atom: 0.20093805989099367, forces: 17.012161187156536, stress: 0.0010412465496231582, 
2026-09-21 13:20:36.442 DEBUG: loss breakdown: energy_per_atom: 1.03020541972296, forces: 23.004445184495996, stress: 0.0010938364159020575, 
2026-09-21 13:20:36.593 DEBUG: loss breakdown: energy_per_atom: 0.921630059330021, forces: 32.390816154686874, stress: 0.0006060062049822667, 
2026-09-21 13:20:36.730 DEBUG: loss breakdown: energy_per_atom: 1.7730558787430075, forces: 18.65105293228941, stress: 0.000584582767156764, 
2026-09-21 13:20:36.875 DEBUG: loss breakdown: energy_per_atom: 53.90179946383782, forces: 13.656312536833589, stress: 0.0005189750696308037, 
2026-09-21 13:20:37.019 DEBUG: loss breakdown: energy_per_atom: 2.757833075476913, forces: 8.745947508712716, stress: 0.0004252302158654747, 
2026-09-21 13:20:37.164 DEBUG: loss breakdown: energy_per_atom: 0.44150474279634017, forces: 13.623623951805856, stress: 0.007422491801276868, 
2026-09-21 13:20:37.316 DEBUG: loss breakdown: energy_per_atom: 0.8164998838322046, forces: 10.669468071690883, stress: 0.0005154000550318521, 
2026-09-21 13:20:37.466 DEBUG: loss breakdown: energy_per_atom: 0.22759278651515286, forces: 14.157986667478873, stress: 0.000621325086473515, 
2026-09-21 13:20:37.626 DEBUG: loss breakdown: energy_per_atom: 4.4392026756394705, forces: 11.771211534932192, stress: 0.0006992100746273833, 
2026-09-21 13:20:37.772 DEBUG: loss breakdown: energy_per_atom: 56.62816481302093, forces: 18.98835282828422, stress: 0.0011176131497205484, 
2026-09-21 13:20:37.914 DEBUG: loss breakdown: energy_per_atom: 0.3415748022330056, forces: 30.842765013767327, stress: 0.001292484892213819, 
2026-09-21 13:20:38.074 DEBUG: loss breakdown: energy_per_atom: 0.881945077211865, forces: 15.200037829412134, stress: 0.000515044942690026, 
2026-09-21 13:20:38.215 DEBUG: loss breakdown: energy_per_atom: 30.188712365207678, forces: 26.334617522093527, stress: 0.0008947586673752335, 
2026-09-21 13:20:38.362 DEBUG: loss breakdown: energy_per_atom: 17.891742064466797, forces: 10.330372952326965, stress: 0.0004710603477171294, 
2026-09-21 13:20:38.505 DEBUG: loss breakdown: energy_per_atom: 9.71687143949367, forces: 20.70022159112408, stress: 0.0007169370566533699, 
2026-09-21 13:20:38.645 DEBUG: loss breakdown: energy_per_atom: 20.915930115433028, forces: 9.697652909327974, stress: 0.0004610054872598662, 
2026-09-21 13:20:38.799 DEBUG: loss breakdown: energy_per_atom: 0.3628380405378723, forces: 13.757603579704178, stress: 0.0004385394415904846, 
2026-09-21 13:20:38.946 DEBUG: loss breakdown: energy_per_atom: 1.029353379037572, forces: 42.44144074037271, stress: 0.0006424587156555919, 
2026-09-21 13:20:39.095 DEBUG: loss breakdown: energy_per_atom: 0.2522738714114504, forces: 54.422727091884326, stress: 0.0007069633154075148, 
2026-09-21 13:20:39.247 DEBUG: loss breakdown: energy_per_atom: 0.5705077603565087, forces: 16.649996847167365, stress: 0.0009106453528724682, 
2026-09-21 13:20:39.384 DEBUG: loss breakdown: energy_per_atom: 0.25566711948618626, forces: 16.799104299740062, stress: 0.0006717839378603882, 
2026-09-21 13:20:39.538 DEBUG: loss breakdown: energy_per_atom: 5.585751486335509, forces: 24.4199440684069, stress: 0.010811913099259305, 
2026-09-21 13:20:39.679 DEBUG: loss breakdown: energy_per_atom: 0.22867958381876102, forces: 15.707999608063647, stress: 0.0005524686742581028, 
2026-09-21 13:20:39.827 DEBUG: loss breakdown: energy_per_atom: 2.79503322765703, forces: 16.472744949807094, stress: 0.001169526022838612, 
2026-09-21 13:20:39.972 DEBUG: loss breakdown: energy_per_atom: 0.4720018454707932, forces: 12.227777311894164, stress: 0.0012601872503987667, 
2026-09-21 13:20:40.122 DEBUG: loss breakdown: energy_per_atom: 0.306257103562871, forces: 13.460351306156044, stress: 0.00044674242509198914, 
2026-09-21 13:20:40.260 DEBUG: loss breakdown: energy_per_atom: 0.1638840390285011, forces: 44.071330432941885, stress: 0.0009649829086116481, 
2026-09-21 13:20:40.390 DEBUG: loss breakdown: energy_per_atom: 0.20382800824340488, forces: 16.95848883375917, stress: 0.00078643417185673, 
2026-09-21 13:20:40.523 DEBUG: loss breakdown: energy_per_atom: 0.5119985647483649, forces: 12.897831482051272, stress: 0.001193440041507389, 
2026-09-21 13:20:40.654 DEBUG: loss breakdown: energy_per_atom: 1.2829992310504128, forces: 11.947317719216718, stress: 0.0010931448499068765, 
2026-09-21 13:20:40.788 DEBUG: loss breakdown: energy_per_atom: 0.48903127129705615, forces: 11.552016465367782, stress: 0.0009360266042743984, 
2026-09-21 13:20:40.921 DEBUG: loss breakdown: energy_per_atom: 0.38076829214476837, forces: 8.78334251798338, stress: 0.0009635670855989057, 
2026-09-21 13:20:41.065 DEBUG: loss breakdown: energy_per_atom: 0.3025867418027802, forces: 67.88215559460036, stress: 0.0007872903212715858, 
2026-09-21 13:20:41.227 DEBUG: loss breakdown: energy_per_atom: 0.6131674206014184, forces: 15.15595356440326, stress: 0.0004565040259598933, 
2026-09-21 13:20:41.367 DEBUG: loss breakdown: energy_per_atom: 0.35438445564992116, forces: 39.01802009764291, stress: 0.0007778707865227868, 
2026-09-21 13:20:41.500 DEBUG: loss breakdown: energy_per_atom: 0.6421700920054351, forces: 16.730732973657204, stress: 0.00035575223286710627, 
2026-09-21 13:20:41.641 DEBUG: loss breakdown: energy_per_atom: 50.272883881976824, forces: 16.789770703227543, stress: 0.00028708600870818536, 
2026-09-21 13:20:41.772 DEBUG: loss breakdown: energy_per_atom: 1.1517573923982865, forces: 9.635441593951795, stress: 0.0007194466449964528, 
2026-09-21 13:20:41.931 DEBUG: loss breakdown: energy_per_atom: 0.3156467230301754, forces: 27.461877453086224, stress: 0.0011002947631994552, 
2026-09-21 13:20:42.082 DEBUG: loss breakdown: energy_per_atom: 1.0673932266355106, forces: 38.61735325454485, stress: 0.0011136639160501801, 
2026-09-21 13:20:42.221 DEBUG: loss breakdown: energy_per_atom: 39.28704193242509, forces: 9.756214586291131, stress: 0.0015287978431774685, 
2026-09-21 13:20:42.362 DEBUG: loss breakdown: energy_per_atom: 0.8129482364187374, forces: 26.109503933442905, stress: 0.00047704171874911056, 
2026-09-21 13:20:42.489 DEBUG: loss breakdown: energy_per_atom: 4.662497629349083, forces: 13.50454192937037, stress: 0.0011674472070028442, 
2026-09-21 13:20:42.621 DEBUG: loss breakdown: energy_per_atom: 0.322301192964519, forces: 34.49644879997981, stress: 0.000727446014219516, 
2026-09-21 13:20:42.772 DEBUG: loss breakdown: energy_per_atom: 7.955461984519842, forces: 14.489236424324353, stress: 0.00039038501236430347, 
2026-09-21 13:20:42.911 DEBUG: loss breakdown: energy_per_atom: 0.4003018496891975, forces: 24.593605216653813, stress: 0.0006327804119226837, 
2026-09-21 13:20:43.081 DEBUG: loss breakdown: energy_per_atom: 0.3264742539877452, forces: 28.377952694935566, stress: 0.0011649646793205142, 
2026-09-21 13:20:43.238 DEBUG: loss breakdown: energy_per_atom: 0.20365675210638415, forces: 9.864022042886786, stress: 0.0008183444068126584, 
2026-09-21 13:20:43.391 DEBUG: loss breakdown: energy_per_atom: 3.3682959405884807, forces: 26.232282289337384, stress: 0.0011582461108198007, 
2026-09-21 13:20:43.526 DEBUG: loss breakdown: energy_per_atom: 1.533230357515181, forces: 10.545167596237428, stress: 0.0006836948711803244, 
2026-09-21 13:20:43.661 DEBUG: loss breakdown: energy_per_atom: 0.28239613853268886, forces: 17.036205648801044, stress: 0.0012428148122013189, 
2026-09-21 13:20:43.789 DEBUG: loss breakdown: energy_per_atom: 0.4036745308485634, forces: 21.457227880538, stress: 0.0011692966917967737, 
2026-09-21 13:20:43.934 DEBUG: loss breakdown: energy_per_atom: 0.6604618126133324, forces: 13.097783862910331, stress: 0.0010854009347560664, 
2026-09-21 13:20:44.079 DEBUG: loss breakdown: energy_per_atom: 2.6321466536702336, forces: 22.259660396588508, stress: 0.007267250006688149, 
2026-09-21 13:20:44.227 DEBUG: loss breakdown: energy_per_atom: 2.911424742573902, forces: 51.98638099168226, stress: 0.0004281287107504542, 
2026-09-21 13:20:44.382 DEBUG: loss breakdown: energy_per_atom: 0.572500483369828, forces: 9.160121937429684, stress: 0.00044503277466619354, 
2026-09-21 13:20:44.533 DEBUG: loss breakdown: energy_per_atom: 0.18716365407243335, forces: 9.939287724411287, stress: 0.0007899601175043358, 
2026-09-21 13:20:44.676 DEBUG: loss breakdown: energy_per_atom: 9.157743976107943, forces: 14.475020368788744, stress: 0.00041551671691554917, 
2026-09-21 13:20:44.832 DEBUG: loss breakdown: energy_per_atom: 0.36985522880795585, forces: 20.89322140571646, stress: 0.0003595934397132465, 
2026-09-21 13:20:44.980 DEBUG: loss breakdown: energy_per_atom: 0.12421119360902612, forces: 12.998310155170467, stress: 0.0011906883067934301, 
2026-09-21 13:20:45.116 DEBUG: loss breakdown: energy_per_atom: 1.0426680311892889, forces: 18.444083204031823, stress: 0.0009212649881167841, 
2026-09-21 13:20:45.257 DEBUG: loss breakdown: energy_per_atom: 18.425887031728283, forces: 15.410315123639215, stress: 0.0007360350584471403, 
2026-09-21 13:20:45.400 DEBUG: loss breakdown: energy_per_atom: 0.3162410931591538, forces: 21.53054043024025, stress: 0.012167292977380558, 
2026-09-21 13:20:45.559 DEBUG: loss breakdown: energy_per_atom: 1.5744305944902273, forces: 28.783769125550684, stress: 0.0014029313429289, 
2026-09-21 13:20:45.726 DEBUG: loss breakdown: energy_per_atom: 10.013058639534894, forces: 28.249337969754716, stress: 0.0011799600927422582, 
2026-09-21 13:20:45.870 DEBUG: loss breakdown: energy_per_atom: 0.479103648423067, forces: 22.53264859228494, stress: 0.0015043477027134957, 
2026-09-21 13:20:46.025 DEBUG: loss breakdown: energy_per_atom: 0.2450181211406493, forces: 11.107224221004603, stress: 0.0006701510708476603, 
2026-09-21 13:20:46.174 DEBUG: loss breakdown: energy_per_atom: 0.8347833001573999, forces: 12.350343080501167, stress: 0.0008346958419638637, 
2026-09-21 13:20:46.327 DEBUG: loss breakdown: energy_per_atom: 0.8531505316348187, forces: 23.887984330479757, stress: 0.0008280884416478501, 
2026-09-21 13:20:46.478 DEBUG: loss breakdown: energy_per_atom: 2.7226725922293253, forces: 16.606714839242574, stress: 0.0007828540336970489, 
2026-09-21 13:20:46.617 DEBUG: loss breakdown: energy_per_atom: 0.56702030380529, forces: 15.577785326219434, stress: 0.0006732802193883035, 
2026-09-21 13:20:46.752 DEBUG: loss breakdown: energy_per_atom: 0.37700338008844947, forces: 17.773036070699597, stress: 0.0005823894229992668, 
2026-09-21 13:20:46.894 DEBUG: loss breakdown: energy_per_atom: 0.6661650463488967, forces: 15.102007125026468, stress: 0.0004475113454474328, 
2026-09-21 13:20:47.044 DEBUG: loss breakdown: energy_per_atom: 0.6904809812769876, forces: 12.390248145618541, stress: 0.01012780757276887, 
2026-09-21 13:20:47.199 DEBUG: loss breakdown: energy_per_atom: 93.07874913124625, forces: 23.492408737724706, stress: 0.0007191878541294273, 
2026-09-21 13:20:47.341 DEBUG: loss breakdown: energy_per_atom: 1.3494562878505574, forces: 29.23826324538358, stress: 0.0005397282822270617, 
2026-09-21 13:20:47.476 DEBUG: loss breakdown: energy_per_atom: 0.44932032098872626, forces: 34.79713281041003, stress: 0.0006826773820137724, 
2026-09-21 13:20:47.602 DEBUG: loss breakdown: energy_per_atom: 1.4387023613498178, forces: 10.200804549432, stress: 0.005746649467668662, 
2026-09-21 13:20:47.735 DEBUG: loss breakdown: energy_per_atom: 0.5752195843836041, forces: 21.322755683641606, stress: 0.0006110280231502586, 
2026-09-21 13:20:47.873 DEBUG: loss breakdown: energy_per_atom: 14.46248128444986, forces: 45.6730525032341, stress: 0.0036367904499581224, 
2026-09-21 13:20:48.016 DEBUG: loss breakdown: energy_per_atom: 17.29099570548866, forces: 6.126267724973262, stress: 0.0004307595174463971, 
2026-09-21 13:20:48.151 DEBUG: loss breakdown: energy_per_atom: 0.439990375090187, forces: 9.157559909774886, stress: 0.0009068149101515519, 
2026-09-21 13:20:48.290 DEBUG: loss breakdown: energy_per_atom: 0.8028352343267156, forces: 12.28360117244122, stress: 0.0005276941552005668, 
2026-09-21 13:20:48.420 DEBUG: loss breakdown: energy_per_atom: 1.5916506869109004, forces: 19.42132119040804, stress: 0.0008326325581544369, 
2026-09-21 13:20:48.553 DEBUG: loss breakdown: energy_per_atom: 18.085896850772162, forces: 16.873908039387242, stress: 0.0006828442546239396, 
2026-09-21 13:20:48.694 DEBUG: loss breakdown: energy_per_atom: 0.6435962898460281, forces: 12.16702529336676, stress: 0.0009291133025937713, 
2026-09-21 13:20:48.834 DEBUG: loss breakdown: energy_per_atom: 0.251854244403252, forces: 5.160804502090381, stress: 0.0009343909310346119, 
2026-09-21 13:20:48.986 DEBUG: loss breakdown: energy_per_atom: 0.40491324318459776, forces: 6.519278389161751, stress: 0.0012745517349080564, 
2026-09-21 13:20:49.132 DEBUG: loss breakdown: energy_per_atom: 0.2638782839325515, forces: 11.370436007197453, stress: 0.001473542772359784, 
2026-09-21 13:20:49.279 DEBUG: loss breakdown: energy_per_atom: 0.3272373670864537, forces: 14.353207820973616, stress: 0.0025045250319533042, 
2026-09-21 13:20:49.429 DEBUG: loss breakdown: energy_per_atom: 0.8159306870186385, forces: 19.93271914757144, stress: 0.0012019509987084207, 
2026-09-21 13:20:49.570 DEBUG: loss breakdown: energy_per_atom: 13.529150922957278, forces: 12.350307999975382, stress: 0.0006063303976348492, 
2026-09-21 13:20:49.712 DEBUG: loss breakdown: energy_per_atom: 0.49115117029728633, forces: 14.034188878547033, stress: 0.000786970947498825, 
2026-09-21 13:20:49.857 DEBUG: loss breakdown: energy_per_atom: 4.062948987371924, forces: 16.359491588010876, stress: 0.0012750926307168618, 
2026-09-21 13:20:50.019 DEBUG: loss breakdown: energy_per_atom: 0.22423680798989074, forces: 18.229296774820373, stress: 0.0014561079652883622, 
2026-09-21 13:20:50.169 DEBUG: loss breakdown: energy_per_atom: 1.4740225447367834, forces: 43.33890700750776, stress: 0.0007857770792179126, 
2026-09-21 13:20:50.313 DEBUG: loss breakdown: energy_per_atom: 0.2318912650482316, forces: 13.224011510842551, stress: 0.0007350247524435505, 
2026-09-21 13:20:50.452 DEBUG: loss breakdown: energy_per_atom: 0.5426307938969841, forces: 59.56604145496392, stress: 0.004590003318507788, 
2026-09-21 13:20:50.589 DEBUG: loss breakdown: energy_per_atom: 2.186164291969842, forces: 12.683780466760492, stress: 0.0004780240143808643, 
2026-09-21 13:20:50.719 DEBUG: loss breakdown: energy_per_atom: 0.759262809805025, forces: 14.760107761836933, stress: 0.00043128636731064334, 
2026-09-21 13:20:50.855 DEBUG: loss breakdown: energy_per_atom: 0.12823282760769333, forces: 17.065277907280286, stress: 0.0005143503341226319, 
2026-09-21 13:20:50.989 DEBUG: loss breakdown: energy_per_atom: 0.37517761373815034, forces: 11.892012363695315, stress: 0.0007732328009286012, 
2026-09-21 13:20:51.143 DEBUG: loss breakdown: energy_per_atom: 0.46502978051991567, forces: 11.89378554885894, stress: 0.0004045464153954858, 
2026-09-21 13:20:51.300 DEBUG: loss breakdown: energy_per_atom: 1.1455364331874631, forces: 8.821550064557632, stress: 0.0008096073681429037, 
2026-09-21 13:20:51.458 DEBUG: loss breakdown: energy_per_atom: 12.516169420822866, forces: 6.164738398481769, stress: 0.00047728203431175097, 
2026-09-21 13:20:51.615 DEBUG: loss breakdown: energy_per_atom: 3.3612502739762773, forces: 11.358144638089096, stress: 0.0005168148586335101, 
2026-09-21 13:20:51.747 DEBUG: loss breakdown: energy_per_atom: 0.1704399063326366, forces: 7.45527011548181, stress: 0.0015724815142678546, 
2026-09-21 13:20:51.887 DEBUG: loss breakdown: energy_per_atom: 0.8261298625297129, forces: 14.330743728457577, stress: 0.0012025532582777638, 
2026-09-21 13:20:52.022 DEBUG: loss breakdown: energy_per_atom: 7.4317144087458855, forces: 9.214013928383459, stress: 0.0009907820508603595, 
2026-09-21 13:20:52.159 DEBUG: loss breakdown: energy_per_atom: 0.38383773069821175, forces: 9.885044236330646, stress: 0.0008093205279532927, 
2026-09-21 13:20:52.294 DEBUG: loss breakdown: energy_per_atom: 2.5716475689873146, forces: 15.000454414962533, stress: 0.0007722099309830195, 
2026-09-21 13:20:52.425 DEBUG: loss breakdown: energy_per_atom: 2.592444621127283, forces: 47.02330308777433, stress: 0.0006485683487047262, 
2026-09-21 13:20:52.557 DEBUG: loss breakdown: energy_per_atom: 0.30723931652565656, forces: 10.072064445136752, stress: 0.001165256524219976, 
2026-09-21 13:20:52.722 DEBUG: loss breakdown: energy_per_atom: 0.2700062292981029, forces: 12.315653558142381, stress: 0.0008868371230615919, 
2026-09-21 13:20:52.876 DEBUG: loss breakdown: energy_per_atom: 1.7869345996417363, forces: 11.654503599241675, stress: 0.0019432060076268484, 
2026-09-21 13:20:53.027 DEBUG: loss breakdown: energy_per_atom: 9.920632055686609, forces: 21.61146975454112, stress: 0.0003934155135618265, 
2026-09-21 13:20:53.159 DEBUG: loss breakdown: energy_per_atom: 10.392437712596262, forces: 22.043307951744175, stress: 0.000524104600983141, 
2026-09-21 13:20:53.288 DEBUG: loss breakdown: energy_per_atom: 0.25826517637582685, forces: 17.202467499400303, stress: 0.0073281008255890396, 
2026-09-21 13:20:53.418 DEBUG: loss breakdown: energy_per_atom: 1.6265039979760738, forces: 16.172983140982932, stress: 0.0006534966401726996, 
2026-09-21 13:20:53.556 DEBUG: loss breakdown: energy_per_atom: 0.6244591108476943, forces: 9.462437730415163, stress: 0.001268124346701382, 
2026-09-21 13:20:53.706 DEBUG: loss breakdown: energy_per_atom: 4.726819416199861, forces: 15.151765706114967, stress: 0.0006346311711538288, 
2026-09-21 13:20:53.860 DEBUG: loss breakdown: energy_per_atom: 1.0728964923363922, forces: 379.42318843685587, stress: 0.0017974760734505088, 
2026-09-21 13:20:54.003 DEBUG: loss breakdown: energy_per_atom: 0.2853829821023204, forces: 7.566193302492444, stress: 0.0005041794493779188, 
2026-09-21 13:20:54.147 DEBUG: loss breakdown: energy_per_atom: 0.2521370381769531, forces: 23.492618431293437, stress: 0.0005537941799590234, 
2026-09-21 13:20:54.294 DEBUG: loss breakdown: energy_per_atom: 0.7574812792541209, forces: 37.86009628374834, stress: 0.001074750876326338, 
2026-09-21 13:20:54.425 DEBUG: loss breakdown: energy_per_atom: 7.176596447263922, forces: 16.822201748063634, stress: 0.0009560449643900982, 
2026-09-21 13:20:54.571 DEBUG: loss breakdown: energy_per_atom: 0.2850249706357329, forces: 11.005029676305297, stress: 0.004698764133499111, 
2026-09-21 13:20:54.717 DEBUG: loss breakdown: energy_per_atom: 0.2758133984544827, forces: 19.55663813805541, stress: 0.0013081356373239132, 
2026-09-21 13:20:54.876 DEBUG: loss breakdown: energy_per_atom: 0.7316731118692974, forces: 39.04150400692331, stress: 0.0014064828011418624, 
2026-09-21 13:20:55.048 DEBUG: loss breakdown: energy_per_atom: 0.5572251187922332, forces: 202.97583756479062, stress: 0.0008465776124369054, 
2026-09-21 13:20:55.195 DEBUG: loss breakdown: energy_per_atom: 0.25161440767351656, forces: 30.05706107299987, stress: 0.0011724055409957207, 
2026-09-21 13:20:55.330 DEBUG: loss breakdown: energy_per_atom: 6.399923623728357, forces: 18.69069842287505, stress: 0.0006192061571654179, 
2026-09-21 13:20:55.465 DEBUG: loss breakdown: energy_per_atom: 5.01475267504012, forces: 16.09426860999398, stress: 0.0006239525149677763, 
2026-09-21 13:20:55.602 DEBUG: loss breakdown: energy_per_atom: 0.35144221018066923, forces: 23.337737045960104, stress: 0.0003470499315515375, 
2026-09-21 13:20:55.734 DEBUG: loss breakdown: energy_per_atom: 0.33885291158172104, forces: 29.26753648836978, stress: 0.000595318380820931, 
2026-09-21 13:20:55.875 DEBUG: loss breakdown: energy_per_atom: 6.648505529727568, forces: 15.92989015836348, stress: 0.0005867258482423725, 
2026-09-21 13:20:56.006 DEBUG: loss breakdown: energy_per_atom: 1.5530306828915532, forces: 14.782032555758292, stress: 0.0004937658119530656, 
2026-09-21 13:20:56.142 DEBUG: loss breakdown: energy_per_atom: 28.264016303626498, forces: 17.852114571894624, stress: 0.0006625346509153676, 
2026-09-21 13:20:56.291 DEBUG: loss breakdown: energy_per_atom: 0.36533768854729437, forces: 23.001670964161942, stress: 0.00046087678980315044, 
2026-09-21 13:20:56.446 DEBUG: loss breakdown: energy_per_atom: 0.11588495219396176, forces: 9.512005625501699, stress: 0.001664900144189903, 
2026-09-21 13:20:56.575 DEBUG: loss breakdown: energy_per_atom: 4.650793635973609, forces: 10.339563381002248, stress: 0.0008836573428430613, 
2026-09-21 13:20:56.709 DEBUG: loss breakdown: energy_per_atom: 0.30284244979023744, forces: 12.00445183986955, stress: 0.0006778961075348459, 
2026-09-21 13:20:56.845 DEBUG: loss breakdown: energy_per_atom: 21.477827564647317, forces: 12.323533887971713, stress: 0.0006385349323787799, 
2026-09-21 13:20:57.010 DEBUG: loss breakdown: energy_per_atom: 8.273840828638951, forces: 25.25445109986774, stress: 0.00046298314331227354, 
2026-09-21 13:20:57.138 DEBUG: loss breakdown: energy_per_atom: 0.3267377470675521, forces: 12.967450746660141, stress: 0.0006174150199416564, 
2026-09-21 13:20:57.285 DEBUG: loss breakdown: energy_per_atom: 0.7213439561415499, forces: 30.170688705581476, stress: 0.0009766748370205701, 
2026-09-21 13:20:57.423 DEBUG: loss breakdown: energy_per_atom: 0.3856473397569609, forces: 7.305490167991094, stress: 0.0006504821729942844, 
2026-09-21 13:20:57.576 DEBUG: loss breakdown: energy_per_atom: 0.28361831884478295, forces: 14.01904923847383, stress: 0.0012382935926515592, 
2026-09-21 13:20:57.714 DEBUG: loss breakdown: energy_per_atom: 0.3891489694886902, forces: 12.213291608878754, stress: 0.0009868795294011008, 
2026-09-21 13:20:57.871 DEBUG: loss breakdown: energy_per_atom: 0.4377036192740352, forces: 20.00609374690213, stress: 0.0010333794389140478, 
2026-09-21 13:20:58.024 DEBUG: loss breakdown: energy_per_atom: 2.3772148043860946, forces: 109.16101086252334, stress: 0.0008431403934438029, 
2026-09-21 13:20:58.154 DEBUG: loss breakdown: energy_per_atom: 6.705312642599999, forces: 57.13293567042825, stress: 0.0010502566886084668, 
2026-09-21 13:20:58.290 DEBUG: loss breakdown: energy_per_atom: 0.7513825657155395, forces: 15.402432756431317, stress: 0.000813138887261238, 
2026-09-21 13:20:58.427 DEBUG: loss breakdown: energy_per_atom: 5.7677611580234505, forces: 25.72589110039749, stress: 0.0009258282475834256, 
2026-09-21 13:20:58.554 DEBUG: loss breakdown: energy_per_atom: 61.12849584258662, forces: 12.068268609583601, stress: 0.0005577709828822325, 
2026-09-21 13:20:58.702 DEBUG: loss breakdown: energy_per_atom: 0.4759355041127933, forces: 15.587387435160732, stress: 0.0005668842661675152, 
2026-09-21 13:20:58.850 DEBUG: loss breakdown: energy_per_atom: 0.3561310137738757, forces: 15.678824476527634, stress: 0.0007420348353658125, 
2026-09-21 13:20:59.005 DEBUG: loss breakdown: energy_per_atom: 1.8890330501971992, forces: 16.509991188929973, stress: 0.003684710700747547, 
2026-09-21 13:20:59.144 DEBUG: loss breakdown: energy_per_atom: 0.7115580865326132, forces: 10.913491885739123, stress: 0.0007690995019850578, 
2026-09-21 13:20:59.292 DEBUG: loss breakdown: energy_per_atom: 40.219087845712124, forces: 8.518444493092694, stress: 0.009946527282779383, 
2026-09-21 13:20:59.443 DEBUG: loss breakdown: energy_per_atom: 0.5781719538979933, forces: 18.90146496339935, stress: 0.0006364258823823395, 
2026-09-21 13:20:59.590 DEBUG: loss breakdown: energy_per_atom: 12.026217352066118, forces: 13.87514485894339, stress: 0.0006456412418070165, 
2026-09-21 13:20:59.733 DEBUG: loss breakdown: energy_per_atom: 0.9137624469040515, forces: 115.70441437774682, stress: 0.0047301210163588625, 
2026-09-21 13:20:59.890 DEBUG: loss breakdown: energy_per_atom: 0.6013626019555783, forces: 16.593432697317375, stress: 0.00096324213986698, 
2026-09-21 13:21:00.059 DEBUG: loss breakdown: energy_per_atom: 0.5539374945613608, forces: 13.58253981001667, stress: 0.00047827837156236595, 
2026-09-21 13:21:00.214 DEBUG: loss breakdown: energy_per_atom: 0.13977690359523295, forces: 9.489703037673165, stress: 0.0009674159493058113, 
2026-09-21 13:21:00.363 DEBUG: loss breakdown: energy_per_atom: 0.2367085503297945, forces: 15.095305741247717, stress: 0.0007110946593607525, 
2026-09-21 13:21:00.518 DEBUG: loss breakdown: energy_per_atom: 0.1316898549416473, forces: 21.539686148725956, stress: 0.0007748845052910971, 
2026-09-21 13:21:00.676 DEBUG: loss breakdown: energy_per_atom: 0.436771497924084, forces: 9.425171996327105, stress: 0.0007253255974542528, 
2026-09-21 13:21:00.814 DEBUG: loss breakdown: energy_per_atom: 4.157348733613672, forces: 23.06644193173056, stress: 0.0078306377880082, 
2026-09-21 13:21:00.966 DEBUG: loss breakdown: energy_per_atom: 0.18271349369492848, forces: 11.811488608456974, stress: 0.0007159403271038965, 
2026-09-21 13:21:01.112 DEBUG: loss breakdown: energy_per_atom: 0.7009701756423556, forces: 12.480319062754951, stress: 0.0005551681371464948, 
2026-09-21 13:21:01.242 DEBUG: loss breakdown: energy_per_atom: 1.4473317072190548, forces: 15.31857901829504, stress: 0.0003830399681528455, 
2026-09-21 13:21:01.372 DEBUG: loss breakdown: energy_per_atom: 1.3322285714345843, forces: 13.989857562267483, stress: 0.00045672525089983325, 
2026-09-21 13:21:01.513 DEBUG: loss breakdown: energy_per_atom: 0.33706217645403497, forces: 28.48694379151178, stress: 0.0020307654149487884, 
2026-09-21 13:21:01.649 DEBUG: loss breakdown: energy_per_atom: 0.3590463236906348, forces: 10.154698403131977, stress: 0.0007690591255895443, 
2026-09-21 13:21:01.800 DEBUG: loss breakdown: energy_per_atom: 0.6298493005938984, forces: 20.831607520840922, stress: 0.0007646773001549783, 
2026-09-21 13:21:01.955 DEBUG: loss breakdown: energy_per_atom: 66.8989700851403, forces: 17.493494555095175, stress: 0.0006019519595311111, 
2026-09-21 13:21:02.121 DEBUG: loss breakdown: energy_per_atom: 1.340060949215129, forces: 9.00556782044459, stress: 0.0012093613958226472, 
2026-09-21 13:21:02.268 DEBUG: loss breakdown: energy_per_atom: 0.5010496063260684, forces: 19.169925199757916, stress: 0.0008408952353405769, 
2026-09-21 13:21:02.426 DEBUG: loss breakdown: energy_per_atom: 0.2440209250050253, forces: 21.68795389169739, stress: 0.011137066818209184, 
2026-09-21 13:21:02.577 DEBUG: loss breakdown: energy_per_atom: 2.029430467552845, forces: 14.308247856008762, stress: 0.0009280343177211097, 
2026-09-21 13:21:02.712 DEBUG: loss breakdown: energy_per_atom: 0.1008507066441984, forces: 10.357353790341959, stress: 0.0008249313153815249, 
2026-09-21 13:21:02.857 DEBUG: loss breakdown: energy_per_atom: 0.5869307231659098, forces: 10.431701369515935, stress: 0.0010492593718838638, 
2026-09-21 13:21:02.993 DEBUG: loss breakdown: energy_per_atom: 5.358083032674447, forces: 13.642348242429325, stress: 0.0008519502521699292, 
2026-09-21 13:21:03.135 DEBUG: loss breakdown: energy_per_atom: 0.3289779635493984, forces: 15.242144895829506, stress: 0.0011030257354397626, 
2026-09-21 13:21:03.263 DEBUG: loss breakdown: energy_per_atom: 0.4208106294012634, forces: 17.559873492993024, stress: 0.0003884312235822515, 
2026-09-21 13:21:03.413 DEBUG: loss breakdown: energy_per_atom: 1.0550441702821431, forces: 15.725553729890892, stress: 0.0008389666258610334, 
2026-09-21 13:21:03.560 DEBUG: loss breakdown: energy_per_atom: 4.488798474557032, forces: 27.278125330367807, stress: 0.000581934402615883, 
2026-09-21 13:21:03.703 DEBUG: loss breakdown: energy_per_atom: 0.23830266525720173, forces: 22.719569060957397, stress: 0.00043998825067013557, 
2026-09-21 13:21:03.845 DEBUG: loss breakdown: energy_per_atom: 2.4247530373802344, forces: 10.702356062196168, stress: 0.0003685447760283505, 
2026-09-21 13:21:03.994 DEBUG: loss breakdown: energy_per_atom: 0.41613630146726144, forces: 13.640396358132437, stress: 0.000506094112076099, 
2026-09-21 13:21:04.170 DEBUG: loss breakdown: energy_per_atom: 0.3423739232394598, forces: 8.128295586964535, stress: 0.0002942374232056999, 
2026-09-21 13:21:04.348 DEBUG: loss breakdown: energy_per_atom: 1.457522313236619, forces: 11.806370588181549, stress: 0.0005978237270034565, 
2026-09-21 13:21:04.500 DEBUG: loss breakdown: energy_per_atom: 0.23623742727575875, forces: 6.9530533238472065, stress: 0.0006947564043787205, 
2026-09-21 13:21:04.664 DEBUG: loss breakdown: energy_per_atom: 4.252180964043883, forces: 5.807460331990791, stress: 0.0006935208792590964, 
2026-09-21 13:21:04.826 DEBUG: loss breakdown: energy_per_atom: 4.208053893193974, forces: 14.070354545747293, stress: 0.0005924441533411074, 
2026-09-21 13:21:04.984 DEBUG: loss breakdown: energy_per_atom: 0.24847961102720112, forces: 30.161473367143177, stress: 0.0006066107132870406, 
2026-09-21 13:21:05.137 DEBUG: loss breakdown: energy_per_atom: 0.557167948537609, forces: 5.578973691600123, stress: 0.0005729210071584365, 
2026-09-21 13:21:05.278 DEBUG: loss breakdown: energy_per_atom: 0.8658891909604937, forces: 18.05612429359731, stress: 0.0011624545950897104, 
2026-09-21 13:21:05.419 DEBUG: loss breakdown: energy_per_atom: 0.7338685183198422, forces: 30.289394517580554, stress: 0.0005180088161085075, 
2026-09-21 13:21:05.564 DEBUG: loss breakdown: energy_per_atom: 3.3555105202372806, forces: 10.930323204918576, stress: 0.005551167643153784, 
2026-09-21 13:21:05.715 DEBUG: loss breakdown: energy_per_atom: 0.3716234181845808, forces: 24.573198599953052, stress: 0.0008125108593442773, 
2026-09-21 13:21:05.875 DEBUG: loss breakdown: energy_per_atom: 0.20162212696047263, forces: 18.780195542716765, stress: 0.0010030575390906334, 
2026-09-21 13:21:06.025 DEBUG: loss breakdown: energy_per_atom: 1.0740135311888612, forces: 11.080549397486662, stress: 0.0005602038193027742, 
2026-09-21 13:21:06.157 DEBUG: loss breakdown: energy_per_atom: 0.2519587347891513, forces: 9.722919117038787, stress: 0.011031266228497445, 
2026-09-21 13:21:06.287 DEBUG: loss breakdown: energy_per_atom: 6.386836173407308, forces: 15.936583850064592, stress: 0.0009485305918178631, 
2026-09-21 13:21:06.428 DEBUG: loss breakdown: energy_per_atom: 0.5357386631107969, forces: 15.816206945758458, stress: 0.0007610027350039339, 
2026-09-21 13:21:06.570 DEBUG: loss breakdown: energy_per_atom: 0.7611974131085919, forces: 15.053717237738098, stress: 0.0005927024865532315, 
2026-09-21 13:21:06.717 DEBUG: loss breakdown: energy_per_atom: 4.56849680642364, forces: 21.804090245481746, stress: 0.00040566051219926365, 
2026-09-21 13:21:06.848 DEBUG: loss breakdown: energy_per_atom: 77.49041595383434, forces: 15.811572961129022, stress: 0.0007086237436688, 
2026-09-21 13:21:06.975 DEBUG: loss breakdown: energy_per_atom: 0.9702572320745815, forces: 11.361453467162367, stress: 0.0005850910013087255, 
2026-09-21 13:21:07.109 DEBUG: loss breakdown: energy_per_atom: 0.94885960424478, forces: 13.919822508211416, stress: 0.000727216439422388, 
2026-09-21 13:21:07.258 DEBUG: loss breakdown: energy_per_atom: 0.4861368561268207, forces: 21.31220973840356, stress: 0.0005820781537397893, 
2026-09-21 13:21:07.400 DEBUG: loss breakdown: energy_per_atom: 0.7219888426760281, forces: 8.72519845885029, stress: 0.0010917508035375215, 
2026-09-21 13:21:07.549 DEBUG: loss breakdown: energy_per_atom: 0.6295319671112704, forces: 21.153746390820665, stress: 0.0005585351470190164, 
2026-09-21 13:21:07.690 DEBUG: loss breakdown: energy_per_atom: 0.5595703829629864, forces: 9.24002286165142, stress: 0.00070927434362643, 
2026-09-21 13:21:07.819 DEBUG: loss breakdown: energy_per_atom: 1.025162158910729, forces: 43.762424215730434, stress: 0.0008856294084330224, 
2026-09-21 13:21:07.950 DEBUG: loss breakdown: energy_per_atom: 0.5024504882080852, forces: 30.37349869299116, stress: 0.00026996206262911023, 
2026-09-21 13:21:08.085 DEBUG: loss breakdown: energy_per_atom: 0.6727878213482859, forces: 13.681026336848252, stress: 0.0005455256608231193, 
2026-09-21 13:21:08.223 DEBUG: loss breakdown: energy_per_atom: 0.7448468009111476, forces: 52.265672332430924, stress: 0.004106775843038621, 
2026-09-21 13:21:08.375 DEBUG: loss breakdown: energy_per_atom: 5.427000983418173, forces: 10.98847700821689, stress: 0.0007037483763944874, 
2026-09-21 13:21:08.519 DEBUG: loss breakdown: energy_per_atom: 0.35350535944655626, forces: 12.283051223568757, stress: 0.0005938052637712765, 
2026-09-21 13:21:08.650 DEBUG: loss breakdown: energy_per_atom: 0.46661739199290886, forces: 11.20456357956254, stress: 0.019324187964282813, 
2026-09-21 13:21:08.800 DEBUG: loss breakdown: energy_per_atom: 0.7342227666715715, forces: 8.036926066861275, stress: 0.0008963429015914849, 
2026-09-21 13:21:08.940 DEBUG: loss breakdown: energy_per_atom: 54.0160601213427, forces: 31.605203660966456, stress: 0.0010844343703641187, 
2026-09-21 13:21:09.073 DEBUG: loss breakdown: energy_per_atom: 1.1281300770880216, forces: 11.195123977714609, stress: 0.0009150187178052912, 
2026-09-21 13:21:09.230 DEBUG: loss breakdown: energy_per_atom: 0.69976051330332, forces: 20.246750480444625, stress: 0.0006366402125310963, 
2026-09-21 13:21:09.358 DEBUG: loss breakdown: energy_per_atom: 6.981440397891329, forces: 7.572512293130458, stress: 0.006178104543950009, 
2026-09-21 13:21:09.495 DEBUG: loss breakdown: energy_per_atom: 2.1138220987583147, forces: 23.040389227420345, stress: 0.0005415469583853292, 
2026-09-21 13:21:09.626 DEBUG: loss breakdown: energy_per_atom: 0.3463963355485558, forces: 21.521570285038177, stress: 0.002500076170662346, 
2026-09-21 13:21:09.781 DEBUG: loss breakdown: energy_per_atom: 11.762698720883927, forces: 16.332357086967093, stress: 0.0006821694504184518, 
2026-09-21 13:21:09.921 DEBUG: loss breakdown: energy_per_atom: 0.21697611962782976, forces: 33.351778417781084, stress: 0.0005281380574765262, 
2026-09-21 13:21:10.067 DEBUG: loss breakdown: energy_per_atom: 0.5276353667035197, forces: 18.793502343160036, stress: 0.0007004087278735002, 
2026-09-21 13:21:10.207 DEBUG: loss breakdown: energy_per_atom: 0.19316968203025742, forces: 6.361938458286301, stress: 0.0009217131990592568, 
2026-09-21 13:21:10.343 DEBUG: loss breakdown: energy_per_atom: 1.2888966272307902, forces: 22.85597507681954, stress: 0.0007544826353899466, 
2026-09-21 13:21:10.482 DEBUG: loss breakdown: energy_per_atom: 51.20641256223079, forces: 10.405764281972436, stress: 0.0062519289016459, 
2026-09-21 13:21:10.632 DEBUG: loss breakdown: energy_per_atom: 0.9122068796832696, forces: 14.44220953580001, stress: 0.00034945355643288263, 
2026-09-21 13:21:10.788 DEBUG: loss breakdown: energy_per_atom: 1.1819121942693782, forces: 11.826280310442215, stress: 0.0008221664162794084, 
2026-09-21 13:21:10.962 DEBUG: loss breakdown: energy_per_atom: 4.914118575119785, forces: 14.104789687877078, stress: 0.0008564924054305179, 
2026-09-21 13:21:11.106 DEBUG: loss breakdown: energy_per_atom: 0.32743423924506776, forces: 24.375954017081195, stress: 0.0011282325343047227, 
2026-09-21 13:21:11.249 DEBUG: loss breakdown: energy_per_atom: 0.8603375836852727, forces: 20.483681312858078, stress: 0.003821047269655092, 
2026-09-21 13:21:11.395 DEBUG: loss breakdown: energy_per_atom: 14.373822028878731, forces: 12.079819790955106, stress: 0.0016037126037854261, 
2026-09-21 13:21:11.555 DEBUG: loss breakdown: energy_per_atom: 1.1945530205312134, forces: 17.859176469589805, stress: 0.014768098081704869, 
2026-09-21 13:21:11.707 DEBUG: loss breakdown: energy_per_atom: 2.5194337513262988, forces: 39.011344271250756, stress: 0.0006237392615506263, 
2026-09-21 13:21:11.849 DEBUG: loss breakdown: energy_per_atom: 0.42008421926118633, forces: 34.872498648714696, stress: 0.012936848471209393, 
2026-09-21 13:21:11.992 DEBUG: loss breakdown: energy_per_atom: 0.40041992899680506, forces: 12.61791276333717, stress: 0.0005982620142348615, 
2026-09-21 13:21:12.139 DEBUG: loss breakdown: energy_per_atom: 2.532159609359268, forces: 15.985950792540008, stress: 0.0005833895088456363, 
2026-09-21 13:21:12.279 DEBUG: loss breakdown: energy_per_atom: 22.2578901845106, forces: 24.9116854449703, stress: 0.0007761441738489564, 
2026-09-21 13:21:12.424 DEBUG: loss breakdown: energy_per_atom: 0.5467522117634784, forces: 20.367966381026932, stress: 0.00033958546643596634, 
2026-09-21 13:21:12.564 DEBUG: loss breakdown: energy_per_atom: 0.6277563837010207, forces: 9.562572193119511, stress: 0.0006783252537119884, 
2026-09-21 13:21:12.700 DEBUG: loss breakdown: energy_per_atom: 0.30430528296882875, forces: 11.165596533932618, stress: 0.0006082739520175838, 
2026-09-21 13:21:12.831 DEBUG: loss breakdown: energy_per_atom: 14.921046441269747, forces: 14.161044526925885, stress: 0.0004202472282150544, 
2026-09-21 13:21:12.965 DEBUG: loss breakdown: energy_per_atom: 1.1374654234049781, forces: 29.136786791460878, stress: 0.007413003344081915, 
2026-09-21 13:21:13.098 DEBUG: loss breakdown: energy_per_atom: 2.473850521074951, forces: 10.64440661693515, stress: 0.011077003498786687, 
2026-09-21 13:21:13.235 DEBUG: loss breakdown: energy_per_atom: 0.3594726311450216, forces: 17.468168296706374, stress: 0.0004919483092488558, 
2026-09-21 13:21:13.389 DEBUG: loss breakdown: energy_per_atom: 0.38776808943244273, forces: 44.27330608057717, stress: 0.0012010681538722075, 
2026-09-21 13:21:13.523 DEBUG: loss breakdown: energy_per_atom: 11.062353763824644, forces: 19.345447284958016, stress: 0.000753256104189532, 
2026-09-21 13:21:13.669 DEBUG: loss breakdown: energy_per_atom: 0.379154374918812, forces: 40.79849266988756, stress: 0.0009568997864358565, 
2026-09-21 13:21:13.817 DEBUG: loss breakdown: energy_per_atom: 0.2270127216483163, forces: 30.66050492024896, stress: 0.0006003806126858577, 
2026-09-21 13:21:13.963 DEBUG: loss breakdown: energy_per_atom: 0.4014904755086567, forces: 21.222413580703346, stress: 0.0005690928702215877, 
2026-09-21 13:21:14.111 DEBUG: loss breakdown: energy_per_atom: 0.36963116460677214, forces: 13.625434017171914, stress: 0.0024281449671113013, 
2026-09-21 13:21:14.261 DEBUG: loss breakdown: energy_per_atom: 2.7453127255997183, forces: 17.878556597798774, stress: 0.00047360744008869267, 
2026-09-21 13:21:14.413 DEBUG: loss breakdown: energy_per_atom: 7.515633539357506, forces: 39.54588177091407, stress: 0.0005506138864371635, 
2026-09-21 13:21:14.574 DEBUG: loss breakdown: energy_per_atom: 0.23179304006854867, forces: 59.63783627025854, stress: 0.000721542525570542, 
2026-09-21 13:21:14.719 DEBUG: loss breakdown: energy_per_atom: 0.34193279925403763, forces: 190.71270578616014, stress: 0.0053793305976306965, 
2026-09-21 13:21:14.857 DEBUG: loss breakdown: energy_per_atom: 5.151856314777433, forces: 25.183882783491107, stress: 0.00448270100265777, 
2026-09-21 13:21:15.002 DEBUG: loss breakdown: energy_per_atom: 0.18936871777430475, forces: 68.40980555827521, stress: 0.0010562274063359905, 
2026-09-21 13:21:15.151 DEBUG: loss breakdown: energy_per_atom: 0.9408011647456018, forces: 14.837776456151122, stress: 0.0007658846468951487, 
2026-09-21 13:21:15.299 DEBUG: loss breakdown: energy_per_atom: 4.68975815027551, forces: 16.737156551192882, stress: 0.0009525132739407113, 
2026-09-21 13:21:15.450 DEBUG: loss breakdown: energy_per_atom: 0.2618598969869341, forces: 19.57629303896003, stress: 0.0009807529916352638, 
2026-09-21 13:21:15.577 DEBUG: loss breakdown: energy_per_atom: 3.6862702745336398, forces: 15.971343626662977, stress: 0.0004586267388199175, 
2026-09-21 13:21:15.711 DEBUG: loss breakdown: energy_per_atom: 10.85402464426131, forces: 8.990344028810037, stress: 0.012074889395138755, 
2026-09-21 13:21:15.855 DEBUG: loss breakdown: energy_per_atom: 0.21628038721571272, forces: 120.59770468115434, stress: 0.0005853764625498069, 
2026-09-21 13:21:15.986 DEBUG: loss breakdown: energy_per_atom: 0.6772687177570774, forces: 9.28550111276994, stress: 0.0022172180399895763, 
2026-09-21 13:21:16.121 DEBUG: loss breakdown: energy_per_atom: 2.823785151400322, forces: 15.852664797577749, stress: 0.0002444541672883328, 
2026-09-21 13:21:16.260 DEBUG: loss breakdown: energy_per_atom: 0.8612705601498323, forces: 22.71880047977097, stress: 0.00058646782707512, 
2026-09-21 13:21:16.419 DEBUG: loss breakdown: energy_per_atom: 9.642852440459464, forces: 24.042931647243456, stress: 0.0033931590697794957, 
2026-09-21 13:21:16.571 DEBUG: loss breakdown: energy_per_atom: 0.6368702687145817, forces: 17.215058181418787, stress: 0.01177334474153579, 
2026-09-21 13:21:16.720 DEBUG: loss breakdown: energy_per_atom: 4.604436488815004, forces: 13.942414256464641, stress: 0.000539289329283977, 
2026-09-21 13:21:16.869 DEBUG: loss breakdown: energy_per_atom: 0.7431351719584125, forces: 26.301676229986697, stress: 0.000424250446073232, 
2026-09-21 13:21:17.002 DEBUG: loss breakdown: energy_per_atom: 0.4373307337503821, forces: 10.745580571408054, stress: 0.0009044387190417492, 
2026-09-21 13:21:17.143 DEBUG: loss breakdown: energy_per_atom: 0.17621918866600994, forces: 4.389394323912681, stress: 0.0006091363412162895, 
2026-09-21 13:21:17.283 DEBUG: loss breakdown: energy_per_atom: 5.435835310440466, forces: 15.45672809199116, stress: 0.0006567043316638232, 
2026-09-21 13:21:17.435 DEBUG: loss breakdown: energy_per_atom: 1.6982412030414396, forces: 12.498387921555432, stress: 0.00033976437549948203, 
2026-09-21 13:21:17.592 DEBUG: loss breakdown: energy_per_atom: 0.46890339600675945, forces: 13.213658276451001, stress: 0.0019454909131777147, 
2026-09-21 13:21:17.745 DEBUG: loss breakdown: energy_per_atom: 1.2768417681092061, forces: 11.898028342307004, stress: 0.0008128354417996582, 
2026-09-21 13:21:17.872 DEBUG: loss breakdown: energy_per_atom: 0.4158442193027843, forces: 32.546354375267896, stress: 0.0010686188601449263, 
2026-09-21 13:21:18.023 DEBUG: loss breakdown: energy_per_atom: 0.8428728399406574, forces: 15.084185775501716, stress: 0.0008885497454986362, 
2026-09-21 13:21:18.174 DEBUG: loss breakdown: energy_per_atom: 0.3218843439098066, forces: 12.351353099121667, stress: 0.00206592017773158, 
2026-09-21 13:21:18.324 DEBUG: loss breakdown: energy_per_atom: 0.9364441131980318, forces: 11.362152737687017, stress: 0.0012392018365115864, 
2026-09-21 13:21:18.479 DEBUG: loss breakdown: energy_per_atom: 0.7045747180888208, forces: 16.093371714074827, stress: 0.0012127122146440967, 
2026-09-21 13:21:18.609 DEBUG: loss breakdown: energy_per_atom: 26.28520675423154, forces: 10.755565313172053, stress: 0.0009152808205345924, 
2026-09-21 13:21:18.749 DEBUG: loss breakdown: energy_per_atom: 0.2222168064414765, forces: 9.100096601499363, stress: 0.0008184214202853695, 
2026-09-21 13:21:18.885 DEBUG: loss breakdown: energy_per_atom: 0.3325515549503434, forces: 13.102465361026686, stress: 0.0013594183246086612, 
2026-09-21 13:21:19.019 DEBUG: loss breakdown: energy_per_atom: 0.767850711412216, forces: 43.10242796884165, stress: 0.0008366336859865348, 
2026-09-21 13:21:19.171 DEBUG: loss breakdown: energy_per_atom: 2.642584073889368, forces: 24.534777318748393, stress: 0.001196192278711445, 
2026-09-21 13:21:19.308 DEBUG: loss breakdown: energy_per_atom: 2.380286885220186, forces: 44.27523330977791, stress: 0.006683854545473027, 
2026-09-21 13:21:19.456 DEBUG: loss breakdown: energy_per_atom: 1.0976543152711007, forces: 9.879520618979729, stress: 0.0008060210020200304, 
2026-09-21 13:21:19.604 DEBUG: loss breakdown: energy_per_atom: 1.9193701793994942, forces: 12.683487225532911, stress: 0.0008084842086990896, 
2026-09-21 13:21:19.755 DEBUG: loss breakdown: energy_per_atom: 0.21604113716379303, forces: 11.192153931651813, stress: 0.0005398878216136318, 
2026-09-21 13:21:19.913 DEBUG: loss breakdown: energy_per_atom: 0.5549474102529608, forces: 9.229358579642172, stress: 0.0009235330601571064, 
2026-09-21 13:21:20.064 DEBUG: loss breakdown: energy_per_atom: 1.017891730545333, forces: 19.277507880466104, stress: 0.0003164532574657314, 
2026-09-21 13:21:20.223 DEBUG: loss breakdown: energy_per_atom: 0.36703654848225975, forces: 17.983400321824185, stress: 0.009761779383789358, 
2026-09-21 13:21:20.367 DEBUG: loss breakdown: energy_per_atom: 1.0806346210688145, forces: 32.82203985392898, stress: 0.000497461840332797, 
2026-09-21 13:21:20.496 DEBUG: loss breakdown: energy_per_atom: 36.77803509468714, forces: 24.101936580758206, stress: 0.00043824643905926344, 
2026-09-21 13:21:20.653 DEBUG: loss breakdown: energy_per_atom: 0.913045021661666, forces: 20.026216226397445, stress: 0.00047655368110917845, 
2026-09-21 13:21:20.814 DEBUG: loss breakdown: energy_per_atom: 0.5963063056184361, forces: 69.91054457826839, stress: 0.005794278516821558, 
2026-09-21 13:21:20.960 DEBUG: loss breakdown: energy_per_atom: 0.49455802880434674, forces: 13.11986219302488, stress: 0.0003745989107175748, 
2026-09-21 13:21:21.104 DEBUG: loss breakdown: energy_per_atom: 0.5281949778790365, forces: 18.436967802310598, stress: 0.0003590380093000146, 
2026-09-21 13:21:21.241 DEBUG: loss breakdown: energy_per_atom: 4.643543875043136, forces: 21.55551111110353, stress: 0.000615628535484474, 
2026-09-21 13:21:21.371 DEBUG: loss breakdown: energy_per_atom: 0.2745108792516775, forces: 28.03677955303561, stress: 0.00032819216606588694, 
2026-09-21 13:21:21.521 DEBUG: loss breakdown: energy_per_atom: 0.22647891461028324, forces: 12.058222933673326, stress: 0.0007530405885977424, 
2026-09-21 13:21:21.670 DEBUG: loss breakdown: energy_per_atom: 0.6229561414770685, forces: 16.337258750608765, stress: 0.000775085676960595, 
2026-09-21 13:21:21.843 DEBUG: loss breakdown: energy_per_atom: 0.8384696875783831, forces: 19.80177045302637, stress: 0.0007303575890322099, 
2026-09-21 13:21:21.980 DEBUG: loss breakdown: energy_per_atom: 12.521135119588468, forces: 10.404745616880456, stress: 0.00041303305444367324, 
2026-09-21 13:21:22.124 DEBUG: loss breakdown: energy_per_atom: 2.959249967560333, forces: 24.988259553366834, stress: 0.0004557129118269866, 
2026-09-21 13:21:22.261 DEBUG: loss breakdown: energy_per_atom: 19.921523020510303, forces: 16.72694100531954, stress: 0.001007113744884528, 
2026-09-21 13:21:22.405 DEBUG: loss breakdown: energy_per_atom: 0.778373106482256, forces: 20.469523541584735, stress: 0.002153375450219085, 
2026-09-21 13:21:22.539 DEBUG: loss breakdown: energy_per_atom: 32.80129558480227, forces: 17.534230242966846, stress: 0.0012419116478380831, 
2026-09-21 13:21:22.665 DEBUG: loss breakdown: energy_per_atom: 70.35792346154861, forces: 9.080752097352333, stress: 0.0010511459536880477, 
2026-09-21 13:21:22.799 DEBUG: loss breakdown: energy_per_atom: 0.48223907867101723, forces: 11.492824087767008, stress: 0.0015579580344497813, 
2026-09-21 13:21:22.944 DEBUG: loss breakdown: energy_per_atom: 5.4052897752844276, forces: 51.76838283554116, stress: 0.0009065590947876115, 
2026-09-21 13:21:23.075 DEBUG: loss breakdown: energy_per_atom: 0.5130031780803315, forces: 23.467172826359022, stress: 0.0009600751207035914, 
2026-09-21 13:21:23.221 DEBUG: loss breakdown: energy_per_atom: 0.24053116105701, forces: 33.95968398203875, stress: 0.0011439811132382275, 
2026-09-21 13:21:23.350 DEBUG: loss breakdown: energy_per_atom: 3.0728261322286783, forces: 12.755248370886852, stress: 0.0018796766750140271, 
2026-09-21 13:21:23.479 DEBUG: loss breakdown: energy_per_atom: 0.5476837195858468, forces: 10.524022931375091, stress: 0.0008950501557924381, 
2026-09-21 13:21:23.620 DEBUG: loss breakdown: energy_per_atom: 1.3091124377455645, forces: 89.00069662525945, stress: 0.0012850866181319885, 
2026-09-21 13:21:23.767 DEBUG: loss breakdown: energy_per_atom: 10.716668116468755, forces: 10.205808016545626, stress: 0.0012459452232783423, 
2026-09-21 13:21:23.917 DEBUG: loss breakdown: energy_per_atom: 1.8223213367239852, forces: 17.478099003765404, stress: 0.0008879158343600709, 
2026-09-21 13:21:24.052 DEBUG: loss breakdown: energy_per_atom: 3.419494125222379, forces: 57.5311732856492, stress: 0.001283474121539368, 
2026-09-21 13:21:24.182 DEBUG: loss breakdown: energy_per_atom: 0.435322306639831, forces: 9.864528865415314, stress: 0.000612428681802026, 
2026-09-21 13:21:24.306 DEBUG: loss breakdown: energy_per_atom: 1.863320075250377, forces: 22.566378571126318, stress: 0.0008088072847612162, 
2026-09-21 13:21:24.436 DEBUG: loss breakdown: energy_per_atom: 5.312945255365031, forces: 10.521639203072347, stress: 0.0009956631061431417, 
2026-09-21 13:21:24.567 DEBUG: loss breakdown: energy_per_atom: 3.9345187650218865, forces: 9.823093993581887, stress: 0.0005938676785166139, 
2026-09-21 13:21:24.696 DEBUG: loss breakdown: energy_per_atom: 0.33980998615897007, forces: 15.516720190563172, stress: 0.0007987929219319998, 
2026-09-21 13:21:24.825 DEBUG: loss breakdown: energy_per_atom: 0.32617558433806504, forces: 18.277995558646932, stress: 0.0008750959663941924, 
2026-09-21 13:21:24.961 DEBUG: loss breakdown: energy_per_atom: 1.7167826030058921, forces: 19.267710695034555, stress: 0.0003012622823458141, 
2026-09-21 13:21:25.122 DEBUG: loss breakdown: energy_per_atom: 0.2884341363097398, forces: 9.259859452222228, stress: 0.007076240865695906, 
2026-09-21 13:21:25.285 DEBUG: loss breakdown: energy_per_atom: 0.4394698521702902, forces: 30.381352657642346, stress: 0.009567816017188908, 
2026-09-21 13:21:25.433 DEBUG: loss breakdown: energy_per_atom: 0.808037244974703, forces: 24.144162105950237, stress: 0.0006411980376434029, 
2026-09-21 13:21:25.566 DEBUG: loss breakdown: energy_per_atom: 0.20643698152531187, forces: 33.478556651684684, stress: 0.00041305055237658657, 
2026-09-21 13:21:25.703 DEBUG: loss breakdown: energy_per_atom: 2.8369465665977334, forces: 16.670461324039714, stress: 0.0007208147019466912, 
2026-09-21 13:21:25.836 DEBUG: loss breakdown: energy_per_atom: 12.014275878883824, forces: 9.00277508270914, stress: 0.0008832637509972774, 
2026-09-21 13:21:25.988 DEBUG: loss breakdown: energy_per_atom: 0.39763823036522933, forces: 32.426885613003094, stress: 0.0009593340556387497, 
2026-09-21 13:21:26.139 DEBUG: loss breakdown: energy_per_atom: 0.39592099308163226, forces: 15.37638351829157, stress: 0.0010412447269560273, 
2026-09-21 13:21:26.296 DEBUG: loss breakdown: energy_per_atom: 0.5556741537323387, forces: 13.118880902539539, stress: 0.0007458152064857348, 
2026-09-21 13:21:26.441 DEBUG: loss breakdown: energy_per_atom: 6.845080983950343, forces: 9.29415322321109, stress: 0.0007685214291183281, 
2026-09-21 13:21:26.580 DEBUG: loss breakdown: energy_per_atom: 0.5133400190962711, forces: 18.9852493812464, stress: 0.001018817986484107, 
2026-09-21 13:21:26.720 DEBUG: loss breakdown: energy_per_atom: 2.796536034128119, forces: 35.581974706565745, stress: 0.015266110435211248, 
2026-09-21 13:21:26.858 DEBUG: loss breakdown: energy_per_atom: 17.50381690234331, forces: 10.616141772663585, stress: 0.0007578045943035383, 
2026-09-21 13:21:27.001 DEBUG: loss breakdown: energy_per_atom: 0.44750187916194695, forces: 11.826720250401351, stress: 0.008825512766734957, 
2026-09-21 13:21:27.130 DEBUG: loss breakdown: energy_per_atom: 0.3074455257714498, forces: 68.33304504446244, stress: 0.0007885562068462971, 
2026-09-21 13:21:27.269 DEBUG: loss breakdown: energy_per_atom: 0.690906530771256, forces: 15.791150291935207, stress: 0.0009523278025954782, 
2026-09-21 13:21:27.406 DEBUG: loss breakdown: energy_per_atom: 0.9402740644899721, forces: 16.427000251216295, stress: 0.0007880502119555243, 
2026-09-21 13:21:27.534 DEBUG: loss breakdown: energy_per_atom: 0.515401408955517, forces: 24.58877462634215, stress: 0.0015525649296681725, 
2026-09-21 13:21:27.676 DEBUG: loss breakdown: energy_per_atom: 16.33438600226935, forces: 31.002479498631015, stress: 0.0009121225830857211, 
2026-09-21 13:21:27.835 DEBUG: loss breakdown: energy_per_atom: 1.737642058205553, forces: 30.240926774779048, stress: 0.0004122397900249802, 
2026-09-21 13:21:27.965 DEBUG: loss breakdown: energy_per_atom: 0.31124869892080803, forces: 13.800374271686058, stress: 0.0008297970991420025, 
2026-09-21 13:21:28.106 DEBUG: loss breakdown: energy_per_atom: 7.072314481928922, forces: 22.9068193433636, stress: 0.0029635856396847265, 
2026-09-21 13:21:28.261 DEBUG: loss breakdown: energy_per_atom: 0.6951448923087756, forces: 17.39758168535363, stress: 0.0003394273141456286, 
2026-09-21 13:21:28.409 DEBUG: loss breakdown: energy_per_atom: 5.911175455929934, forces: 22.994407057874135, stress: 0.005221471476659192, 
2026-09-21 13:21:28.554 DEBUG: loss breakdown: energy_per_atom: 0.23967321566529742, forces: 8.101185708233844, stress: 0.00041470534044727597, 
2026-09-21 13:21:28.716 DEBUG: loss breakdown: energy_per_atom: 0.6018161955615395, forces: 30.847863767453077, stress: 0.0006664683795564864, 
2026-09-21 13:21:28.866 DEBUG: loss breakdown: energy_per_atom: 27.036878892514878, forces: 16.117835654865146, stress: 0.0012328739370852059, 
2026-09-21 13:21:28.997 DEBUG: loss breakdown: energy_per_atom: 2.4035735920154244, forces: 59.37902169175193, stress: 0.0010867812498558617, 
2026-09-21 13:21:29.137 DEBUG: loss breakdown: energy_per_atom: 0.1833494565109364, forces: 7.36331234983108, stress: 0.001384856329500938, 
2026-09-21 13:21:29.281 DEBUG: loss breakdown: energy_per_atom: 0.6505757456703737, forces: 47.93871121150115, stress: 0.0008195536583885723, 
2026-09-21 13:21:29.426 DEBUG: loss breakdown: energy_per_atom: 0.14358529491061398, forces: 7.591199216377243, stress: 0.0010720542527812775, 
2026-09-21 13:21:29.554 DEBUG: loss breakdown: energy_per_atom: 0.24333253966877577, forces: 19.990361523380802, stress: 0.0007737918391811272, 
2026-09-21 13:21:29.686 DEBUG: loss breakdown: energy_per_atom: 0.6620289219076834, forces: 25.99123243200684, stress: 0.0007183780700166886, 
2026-09-21 13:21:29.819 DEBUG: loss breakdown: energy_per_atom: 0.9557814231535794, forces: 30.18741140843858, stress: 0.0006329699793328854, 
2026-09-21 13:21:29.981 DEBUG: loss breakdown: energy_per_atom: 0.16511360018521187, forces: 32.50059550906293, stress: 0.0004349536203220293, 
2026-09-21 13:21:30.125 DEBUG: loss breakdown: energy_per_atom: 0.1043361883509443, forces: 18.101012034376186, stress: 0.0008312325024146594, 
2026-09-21 13:21:30.258 DEBUG: loss breakdown: energy_per_atom: 0.41642799468135894, forces: 473.8296735802872, stress: 0.0005938255720422278, 
2026-09-21 13:21:30.406 DEBUG: loss breakdown: energy_per_atom: 2.0456432003662486, forces: 16.23378586810846, stress: 0.000534977835586895, 
2026-09-21 13:21:30.572 DEBUG: loss breakdown: energy_per_atom: 0.9265073147203746, forces: 54.00296315779091, stress: 0.016069490526777794, 
2026-09-21 13:21:30.726 DEBUG: loss breakdown: energy_per_atom: 1.1132682547815047, forces: 16.12058638212155, stress: 0.0010777449890700497, 
2026-09-21 13:21:30.868 DEBUG: loss breakdown: energy_per_atom: 1.2936848785981891, forces: 7.222269079235531, stress: 0.0011070609563226857, 
2026-09-21 13:21:30.991 DEBUG: loss breakdown: energy_per_atom: 2.4572647932246587, forces: 14.871122654743457, stress: 0.0008532409180738164, 
2026-09-21 13:21:31.121 DEBUG: loss breakdown: energy_per_atom: 0.6709869303752758, forces: 26.191240096247633, stress: 0.0009387575778730494, 
2026-09-21 13:21:31.249 DEBUG: loss breakdown: energy_per_atom: 0.2915514834252602, forces: 23.953400422710587, stress: 0.0005923553264918936, 
2026-09-21 13:21:31.397 DEBUG: loss breakdown: energy_per_atom: 0.28656406536818474, forces: 15.145649325859997, stress: 0.0008296569896400507, 
2026-09-21 13:21:31.555 DEBUG: loss breakdown: energy_per_atom: 0.2918548557410077, forces: 28.558471514765433, stress: 0.0007677997950966587, 
2026-09-21 13:21:31.692 DEBUG: loss breakdown: energy_per_atom: 0.702102469831285, forces: 32.68841729927342, stress: 0.0009103076701988972, 
2026-09-21 13:21:31.821 DEBUG: loss breakdown: energy_per_atom: 4.705614790830888, forces: 22.666678374394184, stress: 0.01267253005559845, 
2026-09-21 13:21:31.960 DEBUG: loss breakdown: energy_per_atom: 2.0997397338626542, forces: 9.89049440161588, stress: 0.01080089431440566, 
2026-09-21 13:21:32.113 DEBUG: loss breakdown: energy_per_atom: 0.8381455801263417, forces: 18.63625638858694, stress: 0.0005839466039874489, 
2026-09-21 13:21:32.266 DEBUG: loss breakdown: energy_per_atom: 0.44917033841775167, forces: 12.49510815401523, stress: 0.0004668483006056142, 
2026-09-21 13:21:32.422 DEBUG: loss breakdown: energy_per_atom: 0.2717991793096481, forces: 22.54389500405862, stress: 0.000902465530779481, 
2026-09-21 13:21:32.564 DEBUG: loss breakdown: energy_per_atom: 0.154024397921974, forces: 15.379450299587191, stress: 0.0011959847014727317, 
2026-09-21 13:21:32.714 DEBUG: loss breakdown: energy_per_atom: 0.6263777204368125, forces: 7.004107069191385, stress: 0.0009447532028333286, 
2026-09-21 13:21:32.850 DEBUG: loss breakdown: energy_per_atom: 0.21018974320786477, forces: 16.467815008534277, stress: 0.0017721498273634369, 
2026-09-21 13:21:32.993 DEBUG: loss breakdown: energy_per_atom: 9.592391468300486, forces: 15.221365856038133, stress: 0.0003941189035728239, 
2026-09-21 13:21:33.141 DEBUG: loss breakdown: energy_per_atom: 1.1321277777670367, forces: 13.5033782519927, stress: 0.00041549126416621607, 
2026-09-21 13:21:33.269 DEBUG: loss breakdown: energy_per_atom: 9.3488604823725, forces: 17.856820707123923, stress: 0.0013546341177619514, 
2026-09-21 13:21:33.403 DEBUG: loss breakdown: energy_per_atom: 3.2586475130429706, forces: 9.611255336763708, stress: 0.0007383168171210037, 
2026-09-21 13:21:33.547 DEBUG: loss breakdown: energy_per_atom: 0.7991319578858103, forces: 28.317639301802462, stress: 0.0017155212258462874, 
2026-09-21 13:21:33.704 DEBUG: loss breakdown: energy_per_atom: 2.0439412397014696, forces: 6.519060729692845, stress: 0.0005161899451791648, 
2026-09-21 13:21:33.845 DEBUG: loss breakdown: energy_per_atom: 8.782987803793013, forces: 28.232789991061267, stress: 0.0025316558204904233, 
2026-09-21 13:21:33.995 DEBUG: loss breakdown: energy_per_atom: 40.436753774679694, forces: 14.84200786404872, stress: 0.0011348865149248856, 
2026-09-21 13:21:34.148 DEBUG: loss breakdown: energy_per_atom: 0.9551800423204071, forces: 16.691594598228825, stress: 0.00042007696720695176, 
2026-09-21 13:21:34.305 DEBUG: loss breakdown: energy_per_atom: 1.4138063532890837, forces: 15.001884169584152, stress: 0.0006165808429031279, 
2026-09-21 13:21:34.460 DEBUG: loss breakdown: energy_per_atom: 22.974406411140343, forces: 30.258164345648776, stress: 0.0006331469905788016, 
2026-09-21 13:21:34.600 DEBUG: loss breakdown: energy_per_atom: 8.44848448992313, forces: 13.526177993483296, stress: 0.0007052907306155971, 
2026-09-21 13:21:34.724 DEBUG: loss breakdown: energy_per_atom: 5.897530832470414, forces: 6.805751744082933, stress: 0.0005241273956538147, 
2026-09-21 13:21:34.857 DEBUG: loss breakdown: energy_per_atom: 1.1953346310320832, forces: 10.736209532181155, stress: 0.0003279377819544412, 
2026-09-21 13:21:34.987 DEBUG: loss breakdown: energy_per_atom: 1.0931153544978098, forces: 27.629987031725666, stress: 0.0007538641549925799, 
2026-09-21 13:21:35.123 DEBUG: loss breakdown: energy_per_atom: 4.055568543570009, forces: 9.33446232695195, stress: 0.0005850841324160988, 
2026-09-21 13:21:35.262 DEBUG: loss breakdown: energy_per_atom: 0.22944411811399534, forces: 14.890577560439086, stress: 0.0004358296976219657, 
2026-09-21 13:21:35.399 DEBUG: loss breakdown: energy_per_atom: 1.3215045778606522, forces: 20.803187234593697, stress: 0.000895535459122703, 
2026-09-21 13:21:35.533 DEBUG: loss breakdown: energy_per_atom: 0.31557723562221524, forces: 12.383595123795232, stress: 0.0015603447436006198, 
2026-09-21 13:21:35.688 DEBUG: loss breakdown: energy_per_atom: 0.43906168235503684, forces: 8.768636811757057, stress: 0.0005872036977734469, 
2026-09-21 13:21:35.846 DEBUG: loss breakdown: energy_per_atom: 0.13229533998199822, forces: 25.05482146369824, stress: 0.0009535553948054424, 
2026-09-21 13:21:35.997 DEBUG: loss breakdown: energy_per_atom: 0.7053566748193506, forces: 20.996486677373685, stress: 0.0006620000867726713, 
2026-09-21 13:21:36.128 DEBUG: loss breakdown: energy_per_atom: 2.343249572536397, forces: 12.904000253771649, stress: 0.0005618621967282175, 
2026-09-21 13:21:36.262 DEBUG: loss breakdown: energy_per_atom: 0.8889831569848741, forces: 8.857277051652064, stress: 0.0006963209766882415, 
2026-09-21 13:21:36.413 DEBUG: loss breakdown: energy_per_atom: 0.6229914806299013, forces: 24.242886052037935, stress: 0.0006969542341305557, 
2026-09-21 13:21:36.563 DEBUG: loss breakdown: energy_per_atom: 9.411068072671451, forces: 11.816587190606027, stress: 0.00039357322571049915, 
2026-09-21 13:21:36.694 DEBUG: loss breakdown: energy_per_atom: 0.1765790107452186, forces: 11.129959145370737, stress: 0.0051162661502306, 
2026-09-21 13:21:36.832 DEBUG: loss breakdown: energy_per_atom: 5.6289789452527685, forces: 13.81589752184455, stress: 0.0006760916627444666, 
2026-09-21 13:21:36.987 DEBUG: loss breakdown: energy_per_atom: 0.651956993315169, forces: 20.187072683800015, stress: 0.0005978853948162134, 
2026-09-21 13:21:37.144 DEBUG: loss breakdown: energy_per_atom: 3.010739462140328, forces: 12.923583372646982, stress: 0.0005481091503949223, 
2026-09-21 13:21:37.292 DEBUG: loss breakdown: energy_per_atom: 24.616758019909273, forces: 14.214812834157325, stress: 0.0005218124990920079, 
2026-09-21 13:21:37.621 DEBUG: loss breakdown: energy_per_atom: 1.1875489293533301, forces: 11.774925831234999, stress: 0.0057565219668860666, 
2026-09-21 13:21:37.747 DEBUG: loss breakdown: energy_per_atom: 0.2140109918610007, forces: 10.136994119924033, stress: 0.0005775962826763066, 
2026-09-21 13:21:37.874 DEBUG: loss breakdown: energy_per_atom: 0.33530627813718594, forces: 15.918435084003606, stress: 0.0008667835397274024, 
2026-09-21 13:21:38.030 DEBUG: loss breakdown: energy_per_atom: 0.6288642705577479, forces: 16.364146323262343, stress: 0.0013135737185275363, 
2026-09-21 13:21:38.188 DEBUG: loss breakdown: energy_per_atom: 0.10999585210885374, forces: 16.066116478401437, stress: 0.0005013739405734866, 
2026-09-21 13:21:38.331 DEBUG: loss breakdown: energy_per_atom: 2.8838279930834907, forces: 40.98985839217768, stress: 0.00034043325235482574, 
2026-09-21 13:21:38.484 DEBUG: loss breakdown: energy_per_atom: 11.808594051851582, forces: 8.476435097641945, stress: 0.005426103005259878, 
2026-09-21 13:21:38.633 DEBUG: loss breakdown: energy_per_atom: 0.24544389843985076, forces: 31.665597122256823, stress: 0.0010349515080853974, 
2026-09-21 13:21:38.770 DEBUG: loss breakdown: energy_per_atom: 19.763249747619913, forces: 19.524745249926077, stress: 0.0006600285510871326, 
2026-09-21 13:21:39.087 DEBUG: loss breakdown: energy_per_atom: 1.109083733680713, forces: 20.365395236469535, stress: 0.0014399208106599397, 
2026-09-21 13:21:39.226 DEBUG: loss breakdown: energy_per_atom: 2.5193857853567474, forces: 16.494300738377028, stress: 0.0009184454436586965, 
2026-09-21 13:21:39.354 DEBUG: loss breakdown: energy_per_atom: 0.5138290850575465, forces: 10.734160335326983, stress: 0.0005835758882592733, 
2026-09-21 13:21:39.481 DEBUG: loss breakdown: energy_per_atom: 1.032958444523913, forces: 7.848950388941494, stress: 0.006025565684226231, 
2026-09-21 13:21:39.610 DEBUG: loss breakdown: energy_per_atom: 0.1917395186311239, forces: 23.298423847564152, stress: 0.009237253553455718, 
2026-09-21 13:21:39.764 DEBUG: loss breakdown: energy_per_atom: 0.3800063428141558, forces: 17.752848119681335, stress: 0.00040415880320915376, 
2026-09-21 13:21:39.912 DEBUG: loss breakdown: energy_per_atom: 34.601206240035644, forces: 14.75988837169509, stress: 0.0005391985913484847, 
2026-09-21 13:21:40.047 DEBUG: loss breakdown: energy_per_atom: 0.11188516184698448, forces: 9.969447806438902, stress: 0.0005151716126611753, 
2026-09-21 13:21:40.177 DEBUG: loss breakdown: energy_per_atom: 0.1665073174830306, forces: 22.52997117938862, stress: 0.0010111987539355514, 
2026-09-21 13:21:40.306 DEBUG: loss breakdown: energy_per_atom: 30.85835133737646, forces: 21.755913821517936, stress: 0.0006137977371130968, 
2026-09-21 13:21:40.436 DEBUG: loss breakdown: energy_per_atom: 0.33997195547000414, forces: 14.546489001738394, stress: 0.0007002919165752661, 
2026-09-21 13:21:40.577 DEBUG: loss breakdown: energy_per_atom: 0.24637996514240276, forces: 12.877164674105812, stress: 0.0007501022637445809, 
2026-09-21 13:21:40.726 DEBUG: loss breakdown: energy_per_atom: 10.293954474811812, forces: 9.780720061222425, stress: 0.0005316647392399543, 
2026-09-21 13:21:41.159 DEBUG: loss breakdown: energy_per_atom: 0.18431973470352814, forces: 7.027579544906537, stress: 0.0004247993471721275, 
2026-09-21 13:21:41.303 DEBUG: loss breakdown: energy_per_atom: 0.292924504231423, forces: 28.806841006010377, stress: 0.000401177673024379, 
2026-09-21 13:21:41.451 DEBUG: loss breakdown: energy_per_atom: 0.22616742771080908, forces: 48.28753418400778, stress: 0.0005467039975558327, 
2026-09-21 13:21:41.568 DEBUG: loss breakdown: energy_per_atom: 16.314425657894137, forces: 73.00943104270385, stress: 0.000369416610441878, 
2026-09-21 13:21:41.696 DEBUG: loss breakdown: energy_per_atom: 1.1628468138094705, forces: 22.77370078710024, stress: 0.001164975266915687, 
2026-09-21 13:21:41.836 DEBUG: loss breakdown: energy_per_atom: 0.6882731430671911, forces: 10.69213039753864, stress: 0.0005292842004888296, 
2026-09-21 13:21:41.973 DEBUG: loss breakdown: energy_per_atom: 0.3534844119720173, forces: 363.44083164910717, stress: 0.0004967692441230014, 
2026-09-21 13:21:42.288 DEBUG: loss breakdown: energy_per_atom: 0.42451766865100193, forces: 6.5784006904122245, stress: 0.0007045974584895782, 
2026-09-21 13:21:42.415 DEBUG: loss breakdown: energy_per_atom: 0.9599633490000709, forces: 17.674444070201158, stress: 0.009918732740847362, 
2026-09-21 13:21:42.554 DEBUG: loss breakdown: energy_per_atom: 0.1873350912519572, forces: 18.295614267390675, stress: 0.0019812866427369744, 
2026-09-21 13:21:42.681 DEBUG: loss breakdown: energy_per_atom: 2.8074312147951015, forces: 19.571915376668994, stress: 0.0010187093723481736, 
2026-09-21 13:21:42.830 DEBUG: loss breakdown: energy_per_atom: 0.3141956253818401, forces: 68.09867206057366, stress: 0.0008554791978125325, 
2026-09-21 13:21:42.983 DEBUG: loss breakdown: energy_per_atom: 3.1717846285737776, forces: 87.42213514118579, stress: 0.0008167611651912596, 
2026-09-21 13:21:43.115 DEBUG: loss breakdown: energy_per_atom: 1.9899582727330596, forces: 11.74061265145616, stress: 0.0008253361762815147, 
2026-09-21 13:21:43.247 DEBUG: loss breakdown: energy_per_atom: 0.6473790326081171, forces: 14.202304261612078, stress: 0.0011229575221884938, 
2026-09-21 13:21:43.385 DEBUG: loss breakdown: energy_per_atom: 2.3686712224528397, forces: 104.64840669180839, stress: 0.0010028925359570296, 
2026-09-21 13:21:43.531 DEBUG: loss breakdown: energy_per_atom: 3.919428553623479, forces: 51.98829053477244, stress: 0.006769155692522981, 
2026-09-21 13:21:43.681 DEBUG: loss breakdown: energy_per_atom: 0.36588208335153494, forces: 44.65085963040207, stress: 0.0008601768138268154, 
2026-09-21 13:21:43.839 DEBUG: loss breakdown: energy_per_atom: 2.2266576562688782, forces: 13.347813095446579, stress: 0.0008403873878085078, 
2026-09-21 13:21:43.986 DEBUG: loss breakdown: energy_per_atom: 2.256920794181, forces: 13.795698808788334, stress: 0.00047141580938702115, 
2026-09-21 13:21:44.130 DEBUG: loss breakdown: energy_per_atom: 0.6986132642593512, forces: 16.41109441365659, stress: 0.00046530831664522095, 
2026-09-21 13:21:44.284 DEBUG: loss breakdown: energy_per_atom: 0.2865652886090768, forces: 19.68659248439448, stress: 0.0007315434394737229, 
2026-09-21 13:21:44.432 DEBUG: loss breakdown: energy_per_atom: 2.765977842089804, forces: 20.824754159897594, stress: 0.000504959244501505, 
2026-09-21 13:21:44.576 DEBUG: loss breakdown: energy_per_atom: 1.803837474534681, forces: 17.927722706477226, stress: 0.0005215883151321591, 
2026-09-21 13:21:44.725 DEBUG: loss breakdown: energy_per_atom: 29.61491228292411, forces: 12.009792922405886, stress: 0.0006047652945631843, 
2026-09-21 13:21:44.876 DEBUG: loss breakdown: energy_per_atom: 0.514437699366036, forces: 83.41065502063523, stress: 0.008667884995484666, 
2026-09-21 13:21:45.006 DEBUG: loss breakdown: energy_per_atom: 1.433009863982157, forces: 11.84782972072381, stress: 0.0006021679701264191, 
2026-09-21 13:21:45.151 DEBUG: loss breakdown: energy_per_atom: 0.4021147401974824, forces: 22.137656191077614, stress: 0.00046645306234055397, 
2026-09-21 13:21:45.286 DEBUG: loss breakdown: energy_per_atom: 0.8653080672551804, forces: 12.46233904467343, stress: 0.009305030948201334, 
2026-09-21 13:21:45.440 DEBUG: loss breakdown: energy_per_atom: 0.25207917309626365, forces: 21.72839763347413, stress: 0.0005948775102976392, 
2026-09-21 13:21:45.592 DEBUG: loss breakdown: energy_per_atom: 0.38128401986109806, forces: 39.00331145159512, stress: 0.0006144209572685875, 
2026-09-21 13:21:45.718 DEBUG: loss breakdown: energy_per_atom: 0.6026609597761832, forces: 62.94152522983263, stress: 0.013244407421560531, 
2026-09-21 13:21:45.850 DEBUG: loss breakdown: energy_per_atom: 17.707989589106116, forces: 26.4003231112373, stress: 0.0006615844510307321, 
2026-09-21 13:21:45.996 DEBUG: loss breakdown: energy_per_atom: 0.489420923442014, forces: 27.7878021395951, stress: 0.0011035336927559998, 
2026-09-21 13:21:46.134 DEBUG: loss breakdown: energy_per_atom: 3.577953942154632, forces: 22.129132047146353, stress: 0.00048641324279074947, 
2026-09-21 13:21:46.290 DEBUG: loss breakdown: energy_per_atom: 0.4032597268929714, forces: 39.020993173630494, stress: 0.0008346163444769107, 
2026-09-21 13:21:46.437 DEBUG: loss breakdown: energy_per_atom: 0.24697974192341413, forces: 22.131675405735034, stress: 0.0008278078061343072, 
2026-09-21 13:21:46.579 DEBUG: loss breakdown: energy_per_atom: 0.4141666406039204, forces: 13.36926861568144, stress: 0.000461783228848475, 
2026-09-21 13:21:46.715 DEBUG: loss breakdown: energy_per_atom: 0.2448458662856911, forces: 10.247905733751015, stress: 0.0005517680321169022, 
2026-09-21 13:21:46.860 DEBUG: loss breakdown: energy_per_atom: 2.3087119914936576, forces: 23.014373841077195, stress: 0.0006283191744741061, 
2026-09-21 13:21:47.002 DEBUG: loss breakdown: energy_per_atom: 0.12708261419062342, forces: 7.745422770365268, stress: 0.000528367737727378, 
2026-09-21 13:21:47.131 DEBUG: loss breakdown: energy_per_atom: 0.9608084272705227, forces: 12.524298841065317, stress: 0.001174638099411266, 
2026-09-21 13:21:47.271 DEBUG: loss breakdown: energy_per_atom: 0.21996351735935088, forces: 9.184959287874655, stress: 0.0006213607302474733, 
2026-09-21 13:21:47.419 DEBUG: loss breakdown: energy_per_atom: 0.5780177024437616, forces: 11.066640432016658, stress: 0.013994788703233773, 
2026-09-21 13:21:47.574 DEBUG: loss breakdown: energy_per_atom: 3.1181516804677596, forces: 8.21496687788122, stress: 0.0008738030922779089, 
2026-09-21 13:21:47.721 DEBUG: loss breakdown: energy_per_atom: 0.9182469012350227, forces: 55.50588111770088, stress: 0.019205683128523308, 
2026-09-21 13:21:47.854 DEBUG: loss breakdown: energy_per_atom: 11.277694147855891, forces: 9.190444278264156, stress: 0.0004814889212332938, 
2026-09-21 13:21:47.993 DEBUG: loss breakdown: energy_per_atom: 0.6218056819628799, forces: 11.375793902032672, stress: 0.0008105874397059485, 
2026-09-21 13:21:48.141 DEBUG: loss breakdown: energy_per_atom: 0.2724651541140537, forces: 10.345422500278904, stress: 0.0008274546723212333, 
2026-09-21 13:21:48.285 DEBUG: loss breakdown: energy_per_atom: 0.4668032090128907, forces: 15.470219512021618, stress: 0.0012372916293451346, 
2026-09-21 13:21:48.430 DEBUG: loss breakdown: energy_per_atom: 0.48743832568109646, forces: 16.037869729329348, stress: 0.0005780097265132073, 
2026-09-21 13:21:48.562 DEBUG: loss breakdown: energy_per_atom: 4.4600104687222135, forces: 10.955219720235105, stress: 0.0008356986952127025, 
2026-09-21 13:21:48.722 DEBUG: loss breakdown: energy_per_atom: 1.8346473308170976, forces: 31.239434246474968, stress: 0.0003512906958678387, 
2026-09-21 13:21:48.862 DEBUG: loss breakdown: energy_per_atom: 0.4458074255146096, forces: 24.678477243246892, stress: 0.0006033729973874267, 
2026-09-21 13:21:49.004 DEBUG: loss breakdown: energy_per_atom: 0.6377211797518298, forces: 13.037480308560658, stress: 0.0007062170149916215, 
2026-09-21 13:21:49.151 DEBUG: loss breakdown: energy_per_atom: 1.6136563557221646, forces: 14.654406167674091, stress: 0.0006988811723539832, 
2026-09-21 13:21:49.276 DEBUG: loss breakdown: energy_per_atom: 0.12519882332321577, forces: 8.135228620817065, stress: 0.0007960243992450455, 
2026-09-21 13:21:49.412 DEBUG: loss breakdown: energy_per_atom: 0.20609322357911805, forces: 19.7433799803933, stress: 0.0006733233779964374, 
2026-09-21 13:21:49.548 DEBUG: loss breakdown: energy_per_atom: 9.463623221108444, forces: 14.260851602327243, stress: 0.0007543277824824383, 
2026-09-21 13:21:49.684 DEBUG: loss breakdown: energy_per_atom: 4.763617510350873, forces: 11.18732018987726, stress: 0.008684027370603413, 
2026-09-21 13:21:49.813 DEBUG: loss breakdown: energy_per_atom: 5.753573960567049, forces: 29.667423059064063, stress: 0.0004732233547944326, 
2026-09-21 13:21:49.963 DEBUG: loss breakdown: energy_per_atom: 0.5243381357482527, forces: 7.646274601885536, stress: 0.0005984067839220464, 
2026-09-21 13:21:50.101 DEBUG: loss breakdown: energy_per_atom: 0.25266028824453557, forces: 13.930928089125324, stress: 0.0010845574240580798, 
2026-09-21 13:21:50.243 DEBUG: loss breakdown: energy_per_atom: 0.4023913811671509, forces: 13.346394184107435, stress: 0.0008030791860600373, 
2026-09-21 13:21:50.381 DEBUG: loss breakdown: energy_per_atom: 0.2008025890884863, forces: 12.264181851458648, stress: 0.0008228014293991614, 
2026-09-21 13:21:50.512 DEBUG: loss breakdown: energy_per_atom: 3.9110054072306646, forces: 11.105618395451385, stress: 0.000775281942998085, 
2026-09-21 13:21:50.643 DEBUG: loss breakdown: energy_per_atom: 1.162372919805501, forces: 16.801353118614777, stress: 0.0004129696098459422, 
2026-09-21 13:21:50.794 DEBUG: loss breakdown: energy_per_atom: 2.711444453558933, forces: 15.483256606605963, stress: 0.0005876218093304637, 
2026-09-21 13:21:50.956 DEBUG: loss breakdown: energy_per_atom: 5.28363459114074, forces: 8.087025461050823, stress: 0.0010042752371856774, 
2026-09-21 13:21:51.096 DEBUG: loss breakdown: energy_per_atom: 5.915577119978742, forces: 9.211511913459859, stress: 0.0018186380748965334, 
2026-09-21 13:21:51.231 DEBUG: loss breakdown: energy_per_atom: 1.777159340677411, forces: 75.2558696759858, stress: 0.005904015314468461, 
2026-09-21 13:21:51.391 DEBUG: loss breakdown: energy_per_atom: 0.3259466220640478, forces: 15.785960371163096, stress: 0.007422293458266301, 
2026-09-21 13:21:51.544 DEBUG: loss breakdown: energy_per_atom: 2.3801930893781895, forces: 17.48253161639078, stress: 0.000670960018656943, 
2026-09-21 13:21:51.680 DEBUG: loss breakdown: energy_per_atom: 5.266088568066558, forces: 36.741413322887915, stress: 0.0009439387719524309, 
2026-09-21 13:21:51.814 DEBUG: loss breakdown: energy_per_atom: 0.5542087537630112, forces: 12.157361277812704, stress: 0.001005648469465422, 
2026-09-21 13:21:51.978 DEBUG: loss breakdown: energy_per_atom: 4.634437203078139, forces: 19.508383810655435, stress: 0.0007010578877799272, 
2026-09-21 13:21:52.137 DEBUG: loss breakdown: energy_per_atom: 0.28231787677514375, forces: 25.270090093525955, stress: 0.0008494983119208713, 
2026-09-21 13:21:52.276 DEBUG: loss breakdown: energy_per_atom: 1.8584446682265612, forces: 25.25040026163376, stress: 0.00033054320692712494, 
2026-09-21 13:21:52.406 DEBUG: loss breakdown: energy_per_atom: 2.1278826548295124, forces: 18.563506975002547, stress: 0.00045031282774022615, 
2026-09-21 13:21:52.558 DEBUG: loss breakdown: energy_per_atom: 0.7311994224140552, forces: 19.82452794440686, stress: 0.01566643919018383, 
2026-09-21 13:21:52.690 DEBUG: loss breakdown: energy_per_atom: 0.30674585963463225, forces: 25.77249890374053, stress: 0.0010117556644804887, 
2026-09-21 13:21:52.830 DEBUG: loss breakdown: energy_per_atom: 3.8972826345691938, forces: 416.7855171545946, stress: 0.0008998567744516986, 
2026-09-21 13:21:52.969 DEBUG: loss breakdown: energy_per_atom: 0.09469394007991866, forces: 17.48408572637718, stress: 0.0006340780148528924, 
2026-09-21 13:21:53.107 DEBUG: loss breakdown: energy_per_atom: 0.31420143430048697, forces: 18.2815949080656, stress: 0.010107349059855475, 
2026-09-21 13:21:53.245 DEBUG: loss breakdown: energy_per_atom: 0.5699832133929662, forces: 8.5038138023018, stress: 0.0010388856636787203, 
2026-09-21 13:21:53.391 DEBUG: loss breakdown: energy_per_atom: 0.351364350018875, forces: 11.448802492455211, stress: 0.0011010146297231733, 
2026-09-21 13:21:53.531 DEBUG: loss breakdown: energy_per_atom: 0.9713394507988633, forces: 14.233824097160463, stress: 0.001257807313145024, 
2026-09-21 13:21:53.661 DEBUG: loss breakdown: energy_per_atom: 17.73222202426441, forces: 20.680019175568887, stress: 0.0007281181194230772, 
2026-09-21 13:21:53.797 DEBUG: loss breakdown: energy_per_atom: 1.981902519862043, forces: 12.262962409841217, stress: 0.0008199357131146021, 
2026-09-21 13:21:53.930 DEBUG: loss breakdown: energy_per_atom: 0.28357988007141965, forces: 17.77996687519197, stress: 0.0011941681846141577, 
2026-09-21 13:21:54.064 DEBUG: loss breakdown: energy_per_atom: 0.10625319461764413, forces: 30.66754586184004, stress: 0.0005460652929443097, 
2026-09-21 13:21:54.212 DEBUG: loss breakdown: energy_per_atom: 0.13567610816291847, forces: 29.941513729439826, stress: 0.0007392844177183981, 
2026-09-21 13:21:54.369 DEBUG: loss breakdown: energy_per_atom: 0.3326997548298141, forces: 14.209056679460911, stress: 0.00064878522834729, 
2026-09-21 13:21:54.516 DEBUG: loss breakdown: energy_per_atom: 1.0403809334217091, forces: 16.5500571374407, stress: 0.0004465918363760832, 
2026-09-21 13:21:54.673 DEBUG: loss breakdown: energy_per_atom: 0.36919412197915236, forces: 14.380255738524275, stress: 0.0007884857495682722, 
2026-09-21 13:21:54.823 DEBUG: loss breakdown: energy_per_atom: 0.5897815425789503, forces: 22.194578058142817, stress: 0.0007887332883954115, 
2026-09-21 13:21:54.952 DEBUG: loss breakdown: energy_per_atom: 0.26017259141541055, forces: 9.669853115207694, stress: 0.0013524743221381052, 
2026-09-21 13:21:55.084 DEBUG: loss breakdown: energy_per_atom: 1.0341955223338035, forces: 12.236507371055588, stress: 0.0010940058368277316, 
2026-09-21 13:21:55.220 DEBUG: loss breakdown: energy_per_atom: 0.5135503588955623, forces: 30.203905825049198, stress: 0.0007991359378354588, 
2026-09-21 13:21:55.350 DEBUG: loss breakdown: energy_per_atom: 2.0068930446863074, forces: 24.079526255365195, stress: 0.0008802781553944494, 
2026-09-21 13:21:55.477 DEBUG: loss breakdown: energy_per_atom: 0.636559196891825, forces: 25.702281302316315, stress: 0.0011495142307492929, 
2026-09-21 13:21:55.607 DEBUG: loss breakdown: energy_per_atom: 17.511238420247803, forces: 15.474461334285996, stress: 0.0010598183999602179, 
2026-09-21 13:21:55.730 DEBUG: loss breakdown: energy_per_atom: 2.0788908233845085, forces: 7.764004382801263, stress: 0.001289556675836137, 
2026-09-21 13:21:55.879 DEBUG: loss breakdown: energy_per_atom: 0.9622521493344438, forces: 11.085667600684182, stress: 0.0006991176023316199, 
2026-09-21 13:21:56.031 DEBUG: loss breakdown: energy_per_atom: 0.1263142753393826, forces: 7.707392323494417, stress: 0.0009244619098600086, 
2026-09-21 13:21:56.176 DEBUG: loss breakdown: energy_per_atom: 0.982253710962433, forces: 12.365573527277435, stress: 0.0005424370741826444, 
2026-09-21 13:21:56.314 DEBUG: loss breakdown: energy_per_atom: 0.8319068767505338, forces: 13.092315938531582, stress: 0.0004225669625544449, 
2026-09-21 13:21:56.441 DEBUG: loss breakdown: energy_per_atom: 0.2619102256444575, forces: 26.72204576651285, stress: 0.0005162554131004676, 
2026-09-21 13:21:56.754 DEBUG: loss breakdown: energy_per_atom: 10.603205841053914, forces: 20.043589682359812, stress: 0.0020982292134699146, 
2026-09-21 13:21:56.884 DEBUG: loss breakdown: energy_per_atom: 0.4643666948170927, forces: 16.63073666779551, stress: 0.0003548201464424716, 
2026-09-21 13:21:57.008 DEBUG: loss breakdown: energy_per_atom: 2.410359220650762, forces: 12.402710858853988, stress: 0.00040059392251908486, 
2026-09-21 13:21:57.133 DEBUG: loss breakdown: energy_per_atom: 0.3279778832612516, forces: 21.843244570899373, stress: 0.0003095939723240048, 
2026-09-21 13:21:57.252 DEBUG: loss breakdown: energy_per_atom: 0.5380646041912411, forces: 31.076564816335694, stress: 0.003467989094566932, 
2026-09-21 13:21:57.380 DEBUG: loss breakdown: energy_per_atom: 34.44748152961521, forces: 14.493932201933074, stress: 0.0003341149598265773, 
2026-09-21 13:21:57.510 DEBUG: loss breakdown: energy_per_atom: 0.6307908564596871, forces: 29.846535849897844, stress: 0.0004446224056958129, 
2026-09-21 13:21:57.855 DEBUG: loss breakdown: energy_per_atom: 0.3448005839601226, forces: 7.132882116648978, stress: 0.0007204082202391489, 
2026-09-21 13:21:57.999 DEBUG: loss breakdown: energy_per_atom: 10.97721889798671, forces: 16.18866896016558, stress: 0.00046191998527119897, 
2026-09-21 13:21:58.141 DEBUG: loss breakdown: energy_per_atom: 0.5075451438884082, forces: 15.14792531639612, stress: 0.0004510056529891083, 
2026-09-21 13:21:58.276 DEBUG: loss breakdown: energy_per_atom: 2.3381754493252362, forces: 13.24268034404177, stress: 0.00047122782977848904, 
2026-09-21 13:21:58.392 DEBUG: loss breakdown: energy_per_atom: 0.19207708820117797, forces: 14.825904146255523, stress: 0.0009141646585112285, 
2026-09-21 13:21:58.519 DEBUG: loss breakdown: energy_per_atom: 1.27459635660336, forces: 16.12026477111464, stress: 0.0005491311550230734, 
2026-09-21 13:21:58.665 DEBUG: loss breakdown: energy_per_atom: 0.29209056089945973, forces: 19.46636436243264, stress: 0.0006329414291596896, 
2026-09-21 13:21:58.823 DEBUG: loss breakdown: energy_per_atom: 0.43332369992628805, forces: 26.56096523261423, stress: 0.0004798616760825701, 
2026-09-21 13:21:58.968 DEBUG: loss breakdown: energy_per_atom: 0.18022593245287977, forces: 23.384313343078844, stress: 0.0008926340529912337, 
2026-09-21 13:21:59.102 DEBUG: loss breakdown: energy_per_atom: 0.2506110070173151, forces: 19.329684091542234, stress: 0.0007298564729141394, 
2026-09-21 13:21:59.430 DEBUG: loss breakdown: energy_per_atom: 0.23683916133161909, forces: 22.24852465517682, stress: 0.0013654449647334597, 
2026-09-21 13:21:59.578 DEBUG: loss breakdown: energy_per_atom: 0.5154760792981128, forces: 37.36524801286548, stress: 0.013046009539274449, 
2026-09-21 13:21:59.723 DEBUG: loss breakdown: energy_per_atom: 0.2902933341154852, forces: 13.951256001240436, stress: 0.0012398394663192091, 
2026-09-21 13:21:59.864 DEBUG: loss breakdown: energy_per_atom: 0.5612671859218717, forces: 11.883999257780587, stress: 0.0019082198328390023, 
2026-09-21 13:22:00.008 DEBUG: loss breakdown: energy_per_atom: 1.1460536748697019, forces: 20.39926050587139, stress: 0.0006785972432340839, 
2026-09-21 13:22:00.151 DEBUG: loss breakdown: energy_per_atom: 7.189696151060734, forces: 13.302490068614919, stress: 0.0006433569172729451, 
2026-09-21 13:22:00.280 DEBUG: loss breakdown: energy_per_atom: 0.8487638796568485, forces: 16.341732019739162, stress: 0.0010300576296629574, 
2026-09-21 13:22:00.425 DEBUG: loss breakdown: energy_per_atom: 0.4682768993024862, forces: 9.632652020944132, stress: 0.0006667152054776125, 
2026-09-21 13:22:00.557 DEBUG: loss breakdown: energy_per_atom: 1.0099732004870696, forces: 23.150751946976282, stress: 0.000873737440671093, 
2026-09-21 13:22:00.715 DEBUG: loss breakdown: energy_per_atom: 20.693237000192653, forces: 18.313556892860397, stress: 0.010910127662457003, 
2026-09-21 13:22:00.855 DEBUG: loss breakdown: energy_per_atom: 0.2422701324652609, forces: 11.455661403810067, stress: 0.0008222509074581066, 
2026-09-21 13:22:00.992 DEBUG: loss breakdown: energy_per_atom: 0.2740289600832271, forces: 18.47017569335604, stress: 0.0009119456703882118, 
2026-09-21 13:22:01.124 DEBUG: loss breakdown: energy_per_atom: 16.974574165887613, forces: 9.766796478183323, stress: 0.0008226093473107833, 
2026-09-21 13:22:01.260 DEBUG: loss breakdown: energy_per_atom: 1.1556653648618946, forces: 9.599948358566552, stress: 0.0006184253140061646, 
2026-09-21 13:22:01.395 DEBUG: loss breakdown: energy_per_atom: 0.8306226425800085, forces: 21.596166457489062, stress: 0.0009049951968226695, 
2026-09-21 13:22:01.528 DEBUG: loss breakdown: energy_per_atom: 4.696394214096337, forces: 22.220197802357493, stress: 0.000759255471955915, 
2026-09-21 13:22:01.651 DEBUG: loss breakdown: energy_per_atom: 0.2883238612875869, forces: 18.210186654493143, stress: 0.00047030591411558235, 
2026-09-21 13:22:01.795 DEBUG: loss breakdown: energy_per_atom: 8.616007363225503, forces: 15.21506672281677, stress: 0.0009413587552846205, 
2026-09-21 13:22:01.952 DEBUG: loss breakdown: energy_per_atom: 2.4000629509038194, forces: 18.578963168933107, stress: 0.0004875475614487807, 
2026-09-21 13:22:02.270 DEBUG: loss breakdown: energy_per_atom: 3.9351084594661323, forces: 11.457849285853113, stress: 0.0006156844990651487, 
2026-09-21 13:22:02.406 DEBUG: loss breakdown: energy_per_atom: 0.860536766649713, forces: 13.04593980336978, stress: 0.0008738517934065113, 
2026-09-21 13:22:02.538 DEBUG: loss breakdown: energy_per_atom: 0.17241046651571884, forces: 9.217661008628909, stress: 0.00115159297463489, 
2026-09-21 13:22:02.670 DEBUG: loss breakdown: energy_per_atom: 2.1916608831271223, forces: 22.25922273435452, stress: 0.0006377219182288787, 
2026-09-21 13:22:02.820 DEBUG: loss breakdown: energy_per_atom: 0.8775833631254981, forces: 6.640909162718149, stress: 0.0011868804566521317, 
2026-09-21 13:22:02.953 DEBUG: loss breakdown: energy_per_atom: 0.23199921814599025, forces: 12.543287360416041, stress: 0.0005242641865573598, 
2026-09-21 13:22:03.102 DEBUG: loss breakdown: energy_per_atom: 0.7082251025674674, forces: 14.541863666288865, stress: 0.000264943019788706, 
2026-09-21 13:22:03.257 DEBUG: loss breakdown: energy_per_atom: 6.061152743637891, forces: 16.889037910091076, stress: 0.0006255989332053927, 
2026-09-21 13:22:03.405 DEBUG: loss breakdown: energy_per_atom: 8.725083124770286, forces: 19.557012118430745, stress: 0.00045949758217693097, 
2026-09-21 13:22:03.551 DEBUG: loss breakdown: energy_per_atom: 0.3505317014567753, forces: 16.52600909186401, stress: 0.005570929259976748, 
2026-09-21 13:22:03.688 DEBUG: loss breakdown: energy_per_atom: 21.382007810964243, forces: 10.381611032533753, stress: 0.0004388116921338356, 
2026-09-21 13:22:03.843 DEBUG: loss breakdown: energy_per_atom: 2.0213937363141263, forces: 16.4069508971122, stress: 0.00032561778744332235, 
2026-09-21 13:22:03.995 DEBUG: loss breakdown: energy_per_atom: 0.13478100996322973, forces: 9.739412462955311, stress: 0.0005380409188547923, 
2026-09-21 13:22:04.153 DEBUG: loss breakdown: energy_per_atom: 12.868186848457645, forces: 11.436483282541039, stress: 0.0006711721829924578, 
2026-09-21 13:22:04.280 DEBUG: loss breakdown: energy_per_atom: 0.2697703756914873, forces: 13.344416700923409, stress: 0.0009588249289152081, 
2026-09-21 13:22:04.411 DEBUG: loss breakdown: energy_per_atom: 0.5210897869875013, forces: 15.383985394876817, stress: 0.0007077845172697982, 
2026-09-21 13:22:04.540 DEBUG: loss breakdown: energy_per_atom: 1.5446401872330475, forces: 17.054048545384852, stress: 0.001489837462691627, 
2026-09-21 13:22:04.666 DEBUG: loss breakdown: energy_per_atom: 1.3686675019477605, forces: 60.60441219886579, stress: 0.000687217514010498, 
2026-09-21 13:22:04.816 DEBUG: loss breakdown: energy_per_atom: 1.3527193194013314, forces: 10.142550178496737, stress: 0.001070656464688873, 
2026-09-21 13:22:04.947 DEBUG: loss breakdown: energy_per_atom: 18.41759070392831, forces: 25.322804870479597, stress: 0.0005590810794799397, 
2026-09-21 13:22:05.080 DEBUG: loss breakdown: energy_per_atom: 32.24926038908105, forces: 14.653411481646355, stress: 0.0005342859445001467, 
2026-09-21 13:22:05.227 DEBUG: loss breakdown: energy_per_atom: 4.359679600115744, forces: 20.972859634016935, stress: 0.00034803608733491607, 
2026-09-21 13:22:05.360 DEBUG: loss breakdown: energy_per_atom: 0.22052847514870877, forces: 30.762899656855545, stress: 0.0004734744480937674, 
2026-09-21 13:22:05.513 DEBUG: loss breakdown: energy_per_atom: 0.16218599279249693, forces: 92.19547409900974, stress: 0.0008667406954157804, 
2026-09-21 13:22:05.654 DEBUG: loss breakdown: energy_per_atom: 5.4354729390172105, forces: 108.16974614371881, stress: 0.00037587338405196014, 
2026-09-21 13:22:05.804 DEBUG: loss breakdown: energy_per_atom: 0.2878238005377651, forces: 18.70239850135383, stress: 0.0007302657187601947, 
2026-09-21 13:22:05.960 DEBUG: loss breakdown: energy_per_atom: 16.9932283118039, forces: 19.650236049852346, stress: 0.0008434444320559164, 
2026-09-21 13:22:06.105 DEBUG: loss breakdown: energy_per_atom: 0.13062379297869153, forces: 15.14895384473213, stress: 0.0011418963377369702, 
2026-09-21 13:22:06.236 DEBUG: loss breakdown: energy_per_atom: 0.26563839294305114, forces: 11.701280594338638, stress: 0.0004158208824308138, 
2026-09-21 13:22:06.371 DEBUG: loss breakdown: energy_per_atom: 23.876373233172508, forces: 20.747033859088457, stress: 0.0010359587894858957, 
2026-09-21 13:22:06.513 DEBUG: loss breakdown: energy_per_atom: 1.0750289483999302, forces: 16.109548449746853, stress: 0.0008695639362310407, 
2026-09-21 13:22:06.667 DEBUG: loss breakdown: energy_per_atom: 0.6321327737172833, forces: 10.04993074373316, stress: 0.00044896090605013323, 
2026-09-21 13:22:06.831 DEBUG: loss breakdown: energy_per_atom: 0.20304812846579381, forces: 15.64007034239619, stress: 0.004689487580289331, 
2026-09-21 13:22:06.978 DEBUG: loss breakdown: energy_per_atom: 0.6413150251566537, forces: 8.982208248667318, stress: 0.00032906613506841444, 
2026-09-21 13:22:07.118 DEBUG: loss breakdown: energy_per_atom: 0.17380128454321586, forces: 11.389902476000758, stress: 0.0003344916700316854, 
2026-09-21 13:22:07.261 DEBUG: loss breakdown: energy_per_atom: 0.2768652891075912, forces: 10.325811864282038, stress: 0.00025710668324659933, 
2026-09-21 13:22:07.399 DEBUG: loss breakdown: energy_per_atom: 0.33905337325894086, forces: 14.444611839906237, stress: 0.0005618222413812171, 
2026-09-21 13:22:07.554 DEBUG: loss breakdown: energy_per_atom: 9.030659812711002, forces: 31.429561713316495, stress: 0.0006749980214404581, 
2026-09-21 13:22:07.699 DEBUG: loss breakdown: energy_per_atom: 1.5802769317898078, forces: 16.986444219572036, stress: 0.0007345738871157036, 
2026-09-21 13:22:07.847 DEBUG: loss breakdown: energy_per_atom: 17.13041718238802, forces: 32.55914262171286, stress: 0.00138190417187059, 
2026-09-21 13:22:07.981 DEBUG: loss breakdown: energy_per_atom: 1.0472774001621037, forces: 14.62200486911793, stress: 0.0018666158502433385, 
2026-09-21 13:22:08.131 DEBUG: loss breakdown: energy_per_atom: 1.4529007493519874, forces: 20.888530442248957, stress: 0.001184646314058225, 
2026-09-21 13:22:08.288 DEBUG: loss breakdown: energy_per_atom: 7.253738562182283, forces: 15.504227141465659, stress: 0.0009538710265367358, 
2026-09-21 13:22:08.432 DEBUG: loss breakdown: energy_per_atom: 3.644011041318598, forces: 9.665893579811142, stress: 0.0008119360148434137, 
2026-09-21 13:22:08.581 DEBUG: loss breakdown: energy_per_atom: 0.8063731809660464, forces: 29.288794634850433, stress: 0.001108820868401471, 
2026-09-21 13:22:08.726 DEBUG: loss breakdown: energy_per_atom: 1.4502441485133417, forces: 17.18246058802358, stress: 0.0050528779996874594, 
2026-09-21 13:22:08.872 DEBUG: loss breakdown: energy_per_atom: 2.551073646945656, forces: 7.357235620514062, stress: 0.0007119462704462733, 
2026-09-21 13:22:09.015 DEBUG: loss breakdown: energy_per_atom: 7.568514112057409, forces: 13.224038069692815, stress: 0.0005498577723048472, 
2026-09-21 13:22:09.170 DEBUG: loss breakdown: energy_per_atom: 0.15445679772930257, forces: 13.088154101216896, stress: 0.0005877196448495557, 
2026-09-21 13:22:09.313 DEBUG: loss breakdown: energy_per_atom: 4.056709624764024, forces: 14.913229617227369, stress: 0.0006466568315490309, 
2026-09-21 13:22:09.451 DEBUG: loss breakdown: energy_per_atom: 0.5445231274035012, forces: 13.951754937230243, stress: 0.001148145381984127, 
2026-09-21 13:22:09.611 DEBUG: loss breakdown: energy_per_atom: 15.665299076578005, forces: 18.602605999898962, stress: 0.0014525482809472966, 
2026-09-21 13:22:09.754 DEBUG: loss breakdown: energy_per_atom: 0.5311120125533286, forces: 16.790351035235716, stress: 0.0014264862858656534, 
2026-09-21 13:22:09.885 DEBUG: loss breakdown: energy_per_atom: 0.38218465784822503, forces: 19.281387908701657, stress: 0.0012158957772816018, 
2026-09-21 13:22:10.023 DEBUG: loss breakdown: energy_per_atom: 1.8281488725572481, forces: 12.891800300427903, stress: 0.000996376311726449, 
2026-09-21 13:22:10.174 DEBUG: loss breakdown: energy_per_atom: 1.2162462075820946, forces: 8.209525991458113, stress: 0.0007377544604283066, 
2026-09-21 13:22:10.312 DEBUG: loss breakdown: energy_per_atom: 1.9260666867630323, forces: 10.063882877033025, stress: 0.011637455387921514, 
2026-09-21 13:22:10.454 DEBUG: loss breakdown: energy_per_atom: 1.20266791767941, forces: 12.258900629818775, stress: 0.0006059266961986964, 
2026-09-21 13:22:10.582 DEBUG: loss breakdown: energy_per_atom: 1.2239688516499294, forces: 21.71688633516428, stress: 0.00037672354891728286, 
2026-09-21 13:22:10.713 DEBUG: loss breakdown: energy_per_atom: 0.20351836778101062, forces: 25.38834118990671, stress: 0.00046403962819687453, 
2026-09-21 13:22:10.845 DEBUG: loss breakdown: energy_per_atom: 6.878866122528437, forces: 16.032214002427807, stress: 0.0005015008692422595, 
2026-09-21 13:22:10.986 DEBUG: loss breakdown: energy_per_atom: 3.8294059400086398, forces: 15.485208199192824, stress: 0.0005547331867135166, 
2026-09-21 13:22:11.122 DEBUG: loss breakdown: energy_per_atom: 0.5699342083057685, forces: 1099.6681558102628, stress: 0.0014222188042929554, 
2026-09-21 13:22:11.258 DEBUG: loss breakdown: energy_per_atom: 0.6499958204368217, forces: 12.414294854731468, stress: 0.0010057358466378397, 
2026-09-21 13:22:11.391 DEBUG: loss breakdown: energy_per_atom: 0.7336809453891109, forces: 18.547278607307895, stress: 0.0005267472237948375, 
2026-09-21 13:22:11.526 DEBUG: loss breakdown: energy_per_atom: 0.44945495645928124, forces: 36.60300134243653, stress: 0.0006285950576002176, 
2026-09-21 13:22:11.663 DEBUG: loss breakdown: energy_per_atom: 0.29794215167552723, forces: 13.377069471054668, stress: 0.00034101891873399844, 
2026-09-21 13:22:11.793 DEBUG: loss breakdown: energy_per_atom: 1.2795759492949133, forces: 18.10811627181873, stress: 0.000323558839103343, 
2026-09-21 13:22:11.939 DEBUG: loss breakdown: energy_per_atom: 3.173793104107192, forces: 10.657558103741392, stress: 0.00023708074282570256, 
2026-09-21 13:22:12.074 DEBUG: loss breakdown: energy_per_atom: 0.33563037664812534, forces: 70.14611930347348, stress: 0.0007521733287609997, 
2026-09-21 13:22:12.222 DEBUG: loss breakdown: energy_per_atom: 1.672646456014518, forces: 21.882242749746556, stress: 0.00040059708328864864, 
2026-09-21 13:22:12.351 DEBUG: loss breakdown: energy_per_atom: 0.5111393884920048, forces: 11.712218013428496, stress: 0.00045916129753512347, 
2026-09-21 13:22:12.472 DEBUG: loss breakdown: energy_per_atom: 0.4047349473631896, forces: 20.5232105431574, stress: 0.0008662543807577631, 
2026-09-21 13:22:12.609 DEBUG: loss breakdown: energy_per_atom: 0.7681966226383754, forces: 32.7293967868149, stress: 0.0009030185599734847, 
2026-09-21 13:22:12.752 DEBUG: loss breakdown: energy_per_atom: 1.0620551787604424, forces: 18.700609385409095, stress: 0.000977811631309995, 
2026-09-21 13:22:12.888 DEBUG: loss breakdown: energy_per_atom: 0.4630782346193051, forces: 21.097710040247787, stress: 0.0011221317144962323, 
2026-09-21 13:22:13.017 DEBUG: loss breakdown: energy_per_atom: 0.6580508053629451, forces: 15.573383234188768, stress: 0.0006087011486747557, 
2026-09-21 13:22:13.144 DEBUG: loss breakdown: energy_per_atom: 0.5076897342515617, forces: 16.904178464821893, stress: 0.0006439938647897802, 
2026-09-21 13:22:13.280 DEBUG: loss breakdown: energy_per_atom: 0.24248508274499828, forces: 15.554331106285629, stress: 0.000764752143241292, 
2026-09-21 13:22:13.418 DEBUG: loss breakdown: energy_per_atom: 27.12325140133063, forces: 23.809840392865038, stress: 0.0003138501815185779, 
2026-09-21 13:22:13.543 DEBUG: loss breakdown: energy_per_atom: 0.2699057812660072, forces: 17.958829164381125, stress: 0.0009953306072094127, 
2026-09-21 13:22:13.675 DEBUG: loss breakdown: energy_per_atom: 3.0723711649127083, forces: 15.57003309018768, stress: 0.0003898832940900635, 
2026-09-21 13:22:13.809 DEBUG: loss breakdown: energy_per_atom: 8.880517502521924, forces: 19.343874500886013, stress: 0.0006711048981544928, 
2026-09-21 13:22:13.956 DEBUG: loss breakdown: energy_per_atom: 1.6149515548900513, forces: 9.747708057125308, stress: 0.0007567514935480365, 
2026-09-21 13:22:14.099 DEBUG: loss breakdown: energy_per_atom: 21.364311610073123, forces: 24.164740457825243, stress: 0.0006838391395901692, 
2026-09-21 13:22:14.218 DEBUG: loss breakdown: energy_per_atom: 0.7965125071050866, forces: 28.599251858289264, stress: 0.010449741564391414, 
2026-09-21 13:22:14.333 DEBUG: loss breakdown: energy_per_atom: 3.3104524489343348, forces: 22.298951727201715, stress: 0.0007009245892425908, 
2026-09-21 13:22:14.440 DEBUG: loss breakdown: energy_per_atom: 0.23648376569514634, forces: 31.296052419659176, stress: 0.00043558104352898645, 
2026-09-21 13:22:14.552 DEBUG: loss breakdown: energy_per_atom: 2.441250605069435, forces: 15.492454207210264, stress: 0.011668542009629058, 
2026-09-21 13:22:14.662 DEBUG: loss breakdown: energy_per_atom: 0.37650136031066805, forces: 24.69450442825483, stress: 0.0004641012846950236, 
2026-09-21 13:22:14.769 DEBUG: loss breakdown: energy_per_atom: 0.2965989482063497, forces: 20.251766966538, stress: 0.0012503856541444902, 
2026-09-21 13:22:14.875 DEBUG: loss breakdown: energy_per_atom: 6.927031775796273, forces: 19.038856265298346, stress: 0.00037270723795298507, 
2026-09-21 13:22:14.983 DEBUG: loss breakdown: energy_per_atom: 2.786071733854717, forces: 21.162952645865232, stress: 0.0003370172317801997, 
2026-09-21 13:22:15.093 DEBUG: loss breakdown: energy_per_atom: 4.7796533536302075, forces: 13.515107901019146, stress: 0.0007597635347366063, 
2026-09-21 13:22:15.200 DEBUG: loss breakdown: energy_per_atom: 1.0180184902128782, forces: 33.164083492652956, stress: 0.001159957114132447, 
2026-09-21 13:22:15.314 DEBUG: loss breakdown: energy_per_atom: 0.18444218049810474, forces: 21.961501219527445, stress: 0.0006912158555319394, 
2026-09-21 13:22:15.429 DEBUG: loss breakdown: energy_per_atom: 0.7551568679592876, forces: 26.570174125572855, stress: 0.0012580951127416896, 
2026-09-21 13:22:15.541 DEBUG: loss breakdown: energy_per_atom: 12.744167764269577, forces: 18.18195442486271, stress: 0.0011710904234615979, 
2026-09-21 13:22:15.668 DEBUG: loss breakdown: energy_per_atom: 0.5616785522370397, forces: 8.804295734273419, stress: 0.003236615099484636, 
2026-09-21 13:22:16.476 DEBUG: Creating converter from 3 to 5
2026-09-21 13:22:16.476 DEBUG: Creating converter from 3 to 5
2026-09-21 13:22:16.476 DEBUG: Creating converter from 3 to 5
2026-09-21 13:22:16.477 DEBUG: Creating converter from 3 to 5
2026-09-21 13:22:16.477 DEBUG: Creating converter from 3 to 5
2026-09-21 13:22:16.477 DEBUG: Creating converter from 3 to 5
2026-09-21 13:22:16.477 DEBUG: Creating converter from 3 to 5
2026-09-21 13:22:16.479 DEBUG: Creating converter from 3 to 5
2026-09-21 13:22:16.598 DEBUG: Creating converter from 3 to 5
2026-09-21 13:22:16.599 DEBUG: Creating converter from 3 to 5
2026-09-21 13:22:16.599 DEBUG: Creating converter from 3 to 5
2026-09-21 13:22:16.600 DEBUG: Creating converter from 3 to 5
2026-09-21 13:22:16.600 DEBUG: Creating converter from 3 to 5
2026-09-21 13:22:16.601 DEBUG: Creating converter from 3 to 5
2026-09-21 13:22:16.604 DEBUG: Creating converter from 3 to 5
2026-09-21 13:22:16.605 DEBUG: Creating converter from 3 to 5
2026-09-21 13:22:16.605 DEBUG: Creating converter from 3 to 5
2026-09-21 13:22:16.606 DEBUG: Creating converter from 3 to 5
2026-09-21 13:22:16.606 DEBUG: Creating converter from 3 to 5
2026-09-21 13:22:16.606 DEBUG: Creating converter from 3 to 5
2026-09-21 13:22:16.606 DEBUG: Creating converter from 3 to 5
2026-09-21 13:22:16.607 DEBUG: Creating converter from 3 to 5
2026-09-21 13:22:16.607 DEBUG: Creating converter from 3 to 5
2026-09-21 13:22:16.607 DEBUG: Creating converter from 3 to 5
2026-09-21 13:22:16.607 DEBUG: Creating converter from 3 to 5
2026-09-21 13:22:16.607 DEBUG: Creating converter from 3 to 5
2026-09-21 13:22:16.608 DEBUG: Creating converter from 3 to 5
2026-09-21 13:22:16.608 DEBUG: Creating converter from 3 to 5
2026-09-21 13:22:16.608 DEBUG: Creating converter from 3 to 5
2026-09-21 13:22:16.608 DEBUG: Creating converter from 3 to 5
2026-09-21 13:22:16.610 DEBUG: Creating converter from 3 to 5
2026-09-21 13:22:16.612 DEBUG: Creating converter from 3 to 5
2026-09-21 13:22:16.613 DEBUG: Creating converter from 3 to 5
2026-09-21 13:22:16.614 DEBUG: Creating converter from 3 to 5
2026-09-21 13:22:16.614 DEBUG: Creating converter from 3 to 5
2026-09-21 13:22:16.615 DEBUG: Creating converter from 3 to 5
2026-09-21 13:22:16.616 DEBUG: Creating converter from 3 to 5
2026-09-21 13:22:16.616 DEBUG: Creating converter from 3 to 5
2026-09-21 13:22:16.616 DEBUG: Creating converter from 3 to 5
2026-09-21 13:22:16.616 DEBUG: Creating converter from 3 to 5
2026-09-21 13:22:16.617 DEBUG: Creating converter from 3 to 5
2026-09-21 13:22:16.616 DEBUG: Creating converter from 3 to 5
2026-09-21 13:22:16.617 DEBUG: Creating converter from 3 to 5
2026-09-21 13:22:16.617 DEBUG: Creating converter from 3 to 5
2026-09-21 13:22:16.617 DEBUG: Creating converter from 3 to 5
2026-09-21 13:22:16.617 DEBUG: Creating converter from 3 to 5
2026-09-21 13:22:16.617 DEBUG: Creating converter from 3 to 5
2026-09-21 13:22:16.617 DEBUG: Creating converter from 3 to 5
2026-09-21 13:22:16.618 DEBUG: Creating converter from 3 to 5
2026-09-21 13:22:16.617 DEBUG: Creating converter from 3 to 5
2026-09-21 13:22:16.619 DEBUG: Creating converter from 3 to 5
2026-09-21 13:22:16.619 DEBUG: Creating converter from 3 to 5
2026-09-21 13:22:16.621 DEBUG: Creating converter from 3 to 5
2026-09-21 13:22:16.621 DEBUG: Creating converter from 3 to 5
2026-09-21 13:22:16.621 DEBUG: Creating converter from 3 to 5
2026-09-21 13:22:16.622 DEBUG: Creating converter from 3 to 5
2026-09-21 13:22:16.624 DEBUG: Creating converter from 3 to 5
2026-09-21 13:22:16.625 DEBUG: Creating converter from 3 to 5
2026-09-21 13:22:16.625 DEBUG: Creating converter from 3 to 5
2026-09-21 13:22:16.625 DEBUG: Creating converter from 3 to 5
2026-09-21 13:22:16.625 DEBUG: Creating converter from 3 to 5
2026-09-21 13:22:16.626 DEBUG: Creating converter from 3 to 5
2026-09-21 13:22:16.628 DEBUG: Creating converter from 3 to 5
2026-09-21 13:22:16.629 DEBUG: Creating converter from 3 to 5
2026-09-21 13:22:18.291 DEBUG: loss breakdown: energy_per_atom: 1.80477928430117, forces: 29.900152902824885, stress: 0.002275887752045253, 
2026-09-21 13:22:18.375 DEBUG: loss breakdown: energy_per_atom: 0.35038150028362797, forces: 18.893856486813547, stress: 0.0005155262714963471, 
2026-09-21 13:22:18.445 DEBUG: loss breakdown: energy_per_atom: 2.934653973998629, forces: 17.863144725598357, stress: 0.0010443002174053326, 
2026-09-21 13:22:18.509 DEBUG: loss breakdown: energy_per_atom: 1.225667000826653, forces: 43.583064285777475, stress: 0.0005436226116105469, 
2026-09-21 13:22:18.593 DEBUG: loss breakdown: energy_per_atom: 2.1185403381659698, forces: 16.108494014458465, stress: 0.00041172558407215364, 
2026-09-21 13:22:18.661 DEBUG: loss breakdown: energy_per_atom: 2.81390943474888, forces: 13.857929742246444, stress: 0.0005552227117236463, 
2026-09-21 13:22:18.731 DEBUG: loss breakdown: energy_per_atom: 0.5145108399405587, forces: 39.72366231976331, stress: 0.0030804342423891287, 
2026-09-21 13:22:18.812 DEBUG: loss breakdown: energy_per_atom: 1.7530257002044085, forces: 39.84951243911195, stress: 0.0006293086220374331, 
2026-09-21 13:22:19.449 DEBUG: loss breakdown: energy_per_atom: 0.7492739045200244, forces: 10.395216925506345, stress: 0.0006949457825399728, 
2026-09-21 13:22:19.518 DEBUG: loss breakdown: energy_per_atom: 0.3016429227858889, forces: 194.07414367217788, stress: 0.002961653523556785, 
2026-09-21 13:22:19.599 DEBUG: loss breakdown: energy_per_atom: 0.5314203385643944, forces: 40.359188949196124, stress: 0.004855507699524079, 
2026-09-21 13:22:19.663 DEBUG: loss breakdown: energy_per_atom: 0.5820434911354422, forces: 19.929608972741526, stress: 0.0006218091921416633, 
2026-09-21 13:22:19.741 DEBUG: loss breakdown: energy_per_atom: 0.3323419953909244, forces: 43.77231112501765, stress: 0.0030060752817277683, 
2026-09-21 13:22:19.822 DEBUG: loss breakdown: energy_per_atom: 2.5707518331953407, forces: 49.30564078282656, stress: 0.004943360142069514, 
2026-09-21 13:22:19.887 DEBUG: loss breakdown: energy_per_atom: 2.0795557596457046, forces: 20.794917718566456, stress: 0.0023641784465098367, 
2026-09-21 13:22:19.949 DEBUG: loss breakdown: energy_per_atom: 2.9202578459654145, forces: 21.314837739851995, stress: 0.0005324324294298243, 
2026-09-21 13:22:20.542 DEBUG: loss breakdown: energy_per_atom: 1.26651045873721, forces: 36.82985741442042, stress: 0.0005268518056479742, 
2026-09-21 13:22:20.620 DEBUG: loss breakdown: energy_per_atom: 2.8240841437902016, forces: 15.47099155563929, stress: 0.0006545564598741025, 
2026-09-21 13:22:20.690 DEBUG: loss breakdown: energy_per_atom: 0.2878208454112387, forces: 18.53804876490101, stress: 0.00033055572690560766, 
2026-09-21 13:22:20.765 DEBUG: loss breakdown: energy_per_atom: 0.533555529711571, forces: 54.349690734876674, stress: 0.005637520080101995, 
2026-09-21 13:22:20.845 DEBUG: loss breakdown: energy_per_atom: 0.3311935888498062, forces: 12.440039281300473, stress: 0.0008100646838752508, 
2026-09-21 13:22:20.908 DEBUG: loss breakdown: energy_per_atom: 2.0565699866308336, forces: 20.53033777893247, stress: 0.0004411008839870808, 
2026-09-21 13:22:21.173 INFO: Epoch 2: loss=37.7201, RMSE_E_per_atom=1233.0 meV, RMSE_F=600.1 meV / A, RMSE_stress_per_atom=6.8 meV / A^3
2026-09-21 13:22:21.175 DEBUG: Deleting old checkpoint file: /global/u1/t/twarford/dev/mace-scf/fit_matpes_vanilla/checkpoints/matpes_vanilla_run-1_stage1_epoch-1.pt
2026-09-21 13:22:21.179 DEBUG: Saving checkpoint: /global/u1/t/twarford/dev/mace-scf/fit_matpes_vanilla/checkpoints/matpes_vanilla_run-1_stage1_epoch-2.pt
2026-09-21 13:22:22.218 DEBUG: Creating converter from 3 to 5
2026-09-21 13:22:22.218 DEBUG: Creating converter from 3 to 5
2026-09-21 13:22:22.219 DEBUG: Creating converter from 3 to 5
2026-09-21 13:22:22.219 DEBUG: Creating converter from 3 to 5
2026-09-21 13:22:22.220 DEBUG: Creating converter from 3 to 5
2026-09-21 13:22:22.222 DEBUG: Creating converter from 3 to 5
2026-09-21 13:22:22.222 DEBUG: Creating converter from 3 to 5
2026-09-21 13:22:22.222 DEBUG: Creating converter from 3 to 5
2026-09-21 13:22:22.339 DEBUG: Creating converter from 3 to 5
2026-09-21 13:22:22.339 DEBUG: Creating converter from 3 to 5
2026-09-21 13:22:22.340 DEBUG: Creating converter from 3 to 5
2026-09-21 13:22:22.340 DEBUG: Creating converter from 3 to 5
2026-09-21 13:22:22.340 DEBUG: Creating converter from 3 to 5
2026-09-21 13:22:22.340 DEBUG: Creating converter from 3 to 5
2026-09-21 13:22:22.340 DEBUG: Creating converter from 3 to 5
2026-09-21 13:22:22.340 DEBUG: Creating converter from 3 to 5
2026-09-21 13:22:22.341 DEBUG: Creating converter from 3 to 5
2026-09-21 13:22:22.342 DEBUG: Creating converter from 3 to 5
2026-09-21 13:22:22.343 DEBUG: Creating converter from 3 to 5
2026-09-21 13:22:22.343 DEBUG: Creating converter from 3 to 5
2026-09-21 13:22:22.344 DEBUG: Creating converter from 3 to 5
2026-09-21 13:22:22.345 DEBUG: Creating converter from 3 to 5
2026-09-21 13:22:22.345 DEBUG: Creating converter from 3 to 5
2026-09-21 13:22:22.346 DEBUG: Creating converter from 3 to 5
2026-09-21 13:22:22.351 DEBUG: Creating converter from 3 to 5
2026-09-21 13:22:22.352 DEBUG: Creating converter from 3 to 5
2026-09-21 13:22:22.352 DEBUG: Creating converter from 3 to 5
2026-09-21 13:22:22.353 DEBUG: Creating converter from 3 to 5
2026-09-21 13:22:22.353 DEBUG: Creating converter from 3 to 5
2026-09-21 13:22:22.353 DEBUG: Creating converter from 3 to 5
2026-09-21 13:22:22.353 DEBUG: Creating converter from 3 to 5
2026-09-21 13:22:22.353 DEBUG: Creating converter from 3 to 5
2026-09-21 13:22:22.353 DEBUG: Creating converter from 3 to 5
2026-09-21 13:22:22.354 DEBUG: Creating converter from 3 to 5
2026-09-21 13:22:22.355 DEBUG: Creating converter from 3 to 5
2026-09-21 13:22:22.355 DEBUG: Creating converter from 3 to 5
2026-09-21 13:22:22.355 DEBUG: Creating converter from 3 to 5
2026-09-21 13:22:22.355 DEBUG: Creating converter from 3 to 5
2026-09-21 13:22:22.358 DEBUG: Creating converter from 3 to 5
2026-09-21 13:22:22.359 DEBUG: Creating converter from 3 to 5
2026-09-21 13:22:22.360 DEBUG: Creating converter from 3 to 5
2026-09-21 13:22:22.360 DEBUG: Creating converter from 3 to 5
2026-09-21 13:22:22.360 DEBUG: Creating converter from 3 to 5
2026-09-21 13:22:22.360 DEBUG: Creating converter from 3 to 5
2026-09-21 13:22:22.361 DEBUG: Creating converter from 3 to 5
2026-09-21 13:22:22.361 DEBUG: Creating converter from 3 to 5
2026-09-21 13:22:22.361 DEBUG: Creating converter from 3 to 5
2026-09-21 13:22:22.361 DEBUG: Creating converter from 3 to 5
2026-09-21 13:22:22.361 DEBUG: Creating converter from 3 to 5
2026-09-21 13:22:22.361 DEBUG: Creating converter from 3 to 5
2026-09-21 13:22:22.361 DEBUG: Creating converter from 3 to 5
2026-09-21 13:22:22.362 DEBUG: Creating converter from 3 to 5
2026-09-21 13:22:22.362 DEBUG: Creating converter from 3 to 5
2026-09-21 13:22:22.362 DEBUG: Creating converter from 3 to 5
2026-09-21 13:22:22.363 DEBUG: Creating converter from 3 to 5
2026-09-21 13:22:22.363 DEBUG: Creating converter from 3 to 5
2026-09-21 13:22:22.366 DEBUG: Creating converter from 3 to 5
2026-09-21 13:22:22.366 DEBUG: Creating converter from 3 to 5
2026-09-21 13:22:22.366 DEBUG: Creating converter from 3 to 5
2026-09-21 13:22:22.367 DEBUG: Creating converter from 3 to 5
2026-09-21 13:22:22.367 DEBUG: Creating converter from 3 to 5
2026-09-21 13:22:22.368 DEBUG: Creating converter from 3 to 5
2026-09-21 13:22:22.368 DEBUG: Creating converter from 3 to 5
2026-09-21 13:22:22.368 DEBUG: Creating converter from 3 to 5
2026-09-21 13:22:23.473 DEBUG: loss breakdown: energy_per_atom: 3.582526410139818, forces: 21.54400992562021, stress: 0.00045806727636639824, 
2026-09-21 13:22:23.641 DEBUG: loss breakdown: energy_per_atom: 1.2816105692340094, forces: 17.567685480021, stress: 0.0009409241233441471, 
2026-09-21 13:22:23.803 DEBUG: loss breakdown: energy_per_atom: 1.4726645601342059, forces: 15.838277565664535, stress: 0.0006632706595451041, 
2026-09-21 13:22:23.947 DEBUG: loss breakdown: energy_per_atom: 8.265271223160678, forces: 17.758258125190668, stress: 0.0007828406696278545, 
2026-09-21 13:22:24.078 DEBUG: loss breakdown: energy_per_atom: 0.928750771361228, forces: 15.606519842181346, stress: 0.0008059203699470423, 
2026-09-21 13:22:24.213 DEBUG: loss breakdown: energy_per_atom: 0.4015397742691316, forces: 23.508549497532933, stress: 0.0003998283013123651, 
2026-09-21 13:22:24.357 DEBUG: loss breakdown: energy_per_atom: 3.413065264119576, forces: 13.20146914188072, stress: 0.0006876588854393082, 
2026-09-21 13:22:24.509 DEBUG: loss breakdown: energy_per_atom: 1.4550577291627316, forces: 11.836883036880765, stress: 0.000787496972886153, 
2026-09-21 13:22:24.660 DEBUG: loss breakdown: energy_per_atom: 0.20282167256715528, forces: 16.200935915098462, stress: 0.0007719230424514216, 
2026-09-21 13:22:24.799 DEBUG: loss breakdown: energy_per_atom: 0.33570395133021247, forces: 12.87608449366682, stress: 0.0010015722560444533, 
2026-09-21 13:22:24.926 DEBUG: loss breakdown: energy_per_atom: 1.5938772394974232, forces: 14.139849636151014, stress: 0.002240633491201587, 
2026-09-21 13:22:25.058 DEBUG: loss breakdown: energy_per_atom: 1.7953431390949208, forces: 19.84508833341344, stress: 0.0011004530856556578, 
2026-09-21 13:22:25.215 DEBUG: loss breakdown: energy_per_atom: 0.4695929778924066, forces: 19.459779464753886, stress: 0.001207601992205659, 
2026-09-21 13:22:25.369 DEBUG: loss breakdown: energy_per_atom: 5.065630938174635, forces: 16.027528978064325, stress: 0.0008764191717047797, 
2026-09-21 13:22:25.506 DEBUG: loss breakdown: energy_per_atom: 2.3399775551472106, forces: 14.744880420046416, stress: 0.00046810585394577376, 
2026-09-21 13:22:25.640 DEBUG: loss breakdown: energy_per_atom: 1.1189078787324118, forces: 26.557659315074666, stress: 0.0002998474221896499, 
2026-09-21 13:22:25.778 DEBUG: loss breakdown: energy_per_atom: 0.755618634637914, forces: 6.39155932693734, stress: 0.0025563373485277927, 
2026-09-21 13:22:25.906 DEBUG: loss breakdown: energy_per_atom: 1.4156663569655643, forces: 14.788479738809073, stress: 0.0004257997931124189, 
2026-09-21 13:22:26.042 DEBUG: loss breakdown: energy_per_atom: 5.891857978678068, forces: 12.033722325908727, stress: 0.001481456972810385, 
2026-09-21 13:22:26.187 DEBUG: loss breakdown: energy_per_atom: 0.4315506466249508, forces: 16.860088057512314, stress: 0.0007824989974141905, 
2026-09-21 13:22:26.326 DEBUG: loss breakdown: energy_per_atom: 1.4418930623746684, forces: 45.09588932393572, stress: 0.0012551225683791398, 
2026-09-21 13:22:26.472 DEBUG: loss breakdown: energy_per_atom: 18.356057218101657, forces: 25.196091384053236, stress: 0.001550598888487814, 
2026-09-21 13:22:26.631 DEBUG: loss breakdown: energy_per_atom: 4.904245143906474, forces: 20.68071627723566, stress: 0.00123687325182654, 
2026-09-21 13:22:26.789 DEBUG: loss breakdown: energy_per_atom: 1.9869868373384985, forces: 9.076551538684493, stress: 0.0012810560179223815, 
2026-09-21 13:22:26.943 DEBUG: loss breakdown: energy_per_atom: 0.32261314382697437, forces: 13.51134701039193, stress: 0.0004836248817873242, 
2026-09-21 13:22:27.098 DEBUG: loss breakdown: energy_per_atom: 0.3238685868434972, forces: 19.631596083910345, stress: 0.000567869972943185, 
2026-09-21 13:22:27.251 DEBUG: loss breakdown: energy_per_atom: 0.3825755866976955, forces: 23.026972545250022, stress: 0.0005602863452706985, 
2026-09-21 13:22:27.381 DEBUG: loss breakdown: energy_per_atom: 17.408344716683736, forces: 14.09422964209503, stress: 0.0005163816421675723, 
2026-09-21 13:22:27.532 DEBUG: loss breakdown: energy_per_atom: 0.19290303876524167, forces: 17.11887478862989, stress: 0.001413501672273441, 
2026-09-21 13:22:27.679 DEBUG: loss breakdown: energy_per_atom: 17.41202897696737, forces: 27.62614985140971, stress: 0.0006057885379307456, 
2026-09-21 13:22:27.809 DEBUG: loss breakdown: energy_per_atom: 1.3596692288371315, forces: 6.359192218289003, stress: 0.0005732267663853398, 
2026-09-21 13:22:27.961 DEBUG: loss breakdown: energy_per_atom: 1.4797558991157114, forces: 13.487628134395823, stress: 0.0008715340924407593, 
2026-09-21 13:22:28.108 DEBUG: loss breakdown: energy_per_atom: 74.88942466913363, forces: 11.890249128054263, stress: 0.0005582821513542896, 
2026-09-21 13:22:28.260 DEBUG: loss breakdown: energy_per_atom: 1.6430638679942635, forces: 14.67506415878793, stress: 0.0010653727146364758, 
2026-09-21 13:22:28.400 DEBUG: loss breakdown: energy_per_atom: 0.8556383116480425, forces: 11.155887815640677, stress: 0.005276395623483891, 
2026-09-21 13:22:28.558 DEBUG: loss breakdown: energy_per_atom: 0.5969890125329451, forces: 17.096629539956286, stress: 0.00026628997686762776, 
2026-09-21 13:22:28.692 DEBUG: loss breakdown: energy_per_atom: 16.79309784132521, forces: 29.00049114943805, stress: 0.00022032334126431897, 
2026-09-21 13:22:28.827 DEBUG: loss breakdown: energy_per_atom: 0.22548870015343547, forces: 51.71007461144159, stress: 0.00035574147663012455, 
2026-09-21 13:22:28.997 DEBUG: loss breakdown: energy_per_atom: 2.088141930254096, forces: 16.792477486873597, stress: 0.0003208922242565765, 
2026-09-21 13:22:29.156 DEBUG: loss breakdown: energy_per_atom: 0.22705641618863184, forces: 7.427462106479843, stress: 0.000842157012613771, 
2026-09-21 13:22:29.300 DEBUG: loss breakdown: energy_per_atom: 0.40333418188573594, forces: 13.341417857910107, stress: 0.0008996165291932412, 
2026-09-21 13:22:29.446 DEBUG: loss breakdown: energy_per_atom: 0.30108556669113395, forces: 16.470702748254467, stress: 0.008798838758871576, 
2026-09-21 13:22:29.591 DEBUG: loss breakdown: energy_per_atom: 0.25752024012442165, forces: 13.66514447557865, stress: 0.0010771102838858927, 
2026-09-21 13:22:29.719 DEBUG: loss breakdown: energy_per_atom: 0.4930263770739531, forces: 12.001990321967721, stress: 0.005666931446682144, 
2026-09-21 13:22:29.860 DEBUG: loss breakdown: energy_per_atom: 19.62051245187148, forces: 26.435086375810567, stress: 0.0011155913445914686, 
2026-09-21 13:22:30.005 DEBUG: loss breakdown: energy_per_atom: 0.5146568866195707, forces: 51.55176854563718, stress: 0.00553641188574738, 
2026-09-21 13:22:30.130 DEBUG: loss breakdown: energy_per_atom: 0.33587613230008834, forces: 18.440256642033102, stress: 0.0007345460682899856, 
2026-09-21 13:22:30.271 DEBUG: loss breakdown: energy_per_atom: 0.5381670722453392, forces: 102.08058689755211, stress: 0.0014880430737521705, 
2026-09-21 13:22:30.431 DEBUG: loss breakdown: energy_per_atom: 0.7327949930870725, forces: 15.010417903902459, stress: 0.0014034903159048401, 
2026-09-21 13:22:30.579 DEBUG: loss breakdown: energy_per_atom: 1.5154671474236328, forces: 37.32466066157937, stress: 0.0008787719249730951, 
2026-09-21 13:22:30.738 DEBUG: loss breakdown: energy_per_atom: 9.066142037214789, forces: 16.97952659838801, stress: 0.0007676634342289831, 
2026-09-21 13:22:30.878 DEBUG: loss breakdown: energy_per_atom: 2.947732399021748, forces: 14.447356984052961, stress: 0.0006715556480080217, 
2026-09-21 13:22:31.024 DEBUG: loss breakdown: energy_per_atom: 0.31030083599164815, forces: 24.911014298731494, stress: 0.0009324290181114456, 
2026-09-21 13:22:31.165 DEBUG: loss breakdown: energy_per_atom: 0.6521695837630598, forces: 88.37445642536598, stress: 0.0023320305574991737, 
2026-09-21 13:22:31.315 DEBUG: loss breakdown: energy_per_atom: 1.736814626897252, forces: 13.296665585776783, stress: 0.0013385746775081311, 
2026-09-21 13:22:31.469 DEBUG: loss breakdown: energy_per_atom: 1.1440751812701508, forces: 60.117226868718866, stress: 0.0010271218261401348, 
2026-09-21 13:22:31.610 DEBUG: loss breakdown: energy_per_atom: 0.15847264939607464, forces: 20.466625252357552, stress: 0.0012687089085173413, 
2026-09-21 13:22:31.768 DEBUG: loss breakdown: energy_per_atom: 3.3707145874701707, forces: 25.081511484350223, stress: 0.0008375816121404033, 
2026-09-21 13:22:31.918 DEBUG: loss breakdown: energy_per_atom: 1.1755864679169652, forces: 33.14281072537668, stress: 0.005054778657043301, 
2026-09-21 13:22:32.065 DEBUG: loss breakdown: energy_per_atom: 2.6840495880830515, forces: 12.526622553078628, stress: 0.0017489971278896173, 
2026-09-21 13:22:32.195 DEBUG: loss breakdown: energy_per_atom: 0.9861482653871033, forces: 10.13923290643405, stress: 0.0010538870737669863, 
2026-09-21 13:22:32.349 DEBUG: loss breakdown: energy_per_atom: 9.99418205604426, forces: 9.125422364447425, stress: 0.0006877641558250022, 
2026-09-21 13:22:32.496 DEBUG: loss breakdown: energy_per_atom: 25.471040847974777, forces: 12.949603957570007, stress: 0.0005791223810254448, 
2026-09-21 13:22:32.632 DEBUG: loss breakdown: energy_per_atom: 0.22281791519962738, forces: 17.591207024747128, stress: 0.0006716073848077746, 
2026-09-21 13:22:32.769 DEBUG: loss breakdown: energy_per_atom: 0.9408663062516469, forces: 9.523863098481442, stress: 0.0020898351530758905, 
2026-09-21 13:22:32.916 DEBUG: loss breakdown: energy_per_atom: 1.9400385398515643, forces: 25.976408875968758, stress: 0.0009192880852241622, 
2026-09-21 13:22:33.063 DEBUG: loss breakdown: energy_per_atom: 0.44245466306634396, forces: 11.608762957181895, stress: 0.0005964307282794833, 
2026-09-21 13:22:33.216 DEBUG: loss breakdown: energy_per_atom: 0.8001673811952704, forces: 26.602781503720447, stress: 0.0009573753943686381, 
2026-09-21 13:22:33.358 DEBUG: loss breakdown: energy_per_atom: 5.873771776013683, forces: 8.239361018214916, stress: 0.001470530867587672, 
2026-09-21 13:22:33.520 DEBUG: loss breakdown: energy_per_atom: 0.24695769891688135, forces: 18.922552041109167, stress: 0.00506211098820624, 
2026-09-21 13:22:33.668 DEBUG: loss breakdown: energy_per_atom: 0.2918856786604298, forces: 17.037564533078697, stress: 0.0010504701328497804, 
2026-09-21 13:22:33.814 DEBUG: loss breakdown: energy_per_atom: 8.80997432764877, forces: 7.9505075944224926, stress: 0.001063076214257133, 
2026-09-21 13:22:33.960 DEBUG: loss breakdown: energy_per_atom: 0.8650613449090199, forces: 9.461345085469917, stress: 0.00046824149001148396, 
2026-09-21 13:22:34.110 DEBUG: loss breakdown: energy_per_atom: 1.1641021978695418, forces: 15.476893006191903, stress: 0.0009926293629326762, 
2026-09-21 13:22:34.257 DEBUG: loss breakdown: energy_per_atom: 8.543748293309116, forces: 38.22061251454703, stress: 0.0005720197135108494, 
2026-09-21 13:22:34.401 DEBUG: loss breakdown: energy_per_atom: 0.2328259889558879, forces: 11.185833713170695, stress: 0.0010046821704748088, 
2026-09-21 13:22:34.547 DEBUG: loss breakdown: energy_per_atom: 0.22479177883090132, forces: 12.591631932878391, stress: 0.0071193036232718625, 
2026-09-21 13:22:34.674 DEBUG: loss breakdown: energy_per_atom: 3.7369363806008535, forces: 26.852625492462824, stress: 0.0014922818752274452, 
2026-09-21 13:22:34.821 DEBUG: loss breakdown: energy_per_atom: 4.044259827372501, forces: 8.6930323117503, stress: 0.0011775000583223662, 
2026-09-21 13:22:34.969 DEBUG: loss breakdown: energy_per_atom: 1.370238024609811, forces: 31.092871104872838, stress: 0.0009209695358452453, 
2026-09-21 13:22:35.120 DEBUG: loss breakdown: energy_per_atom: 0.5775078121719457, forces: 13.708177626005364, stress: 0.00915437873239364, 
2026-09-21 13:22:35.263 DEBUG: loss breakdown: energy_per_atom: 9.276476922587191, forces: 25.41600643327595, stress: 0.00161813211488638, 
2026-09-21 13:22:35.397 DEBUG: loss breakdown: energy_per_atom: 2.2325959074622466, forces: 15.171791708726218, stress: 0.001001386938408627, 
2026-09-21 13:22:35.534 DEBUG: loss breakdown: energy_per_atom: 0.3066715241439837, forces: 21.790632179077686, stress: 0.0023004287796351028, 
2026-09-21 13:22:35.659 DEBUG: loss breakdown: energy_per_atom: 1.012623551751943, forces: 9.840298535437654, stress: 0.0006214228813165624, 
2026-09-21 13:22:35.799 DEBUG: loss breakdown: energy_per_atom: 1.1509080893885366, forces: 10.803359359551912, stress: 0.0008381759777739869, 
2026-09-21 13:22:35.948 DEBUG: loss breakdown: energy_per_atom: 1.6328645880479107, forces: 18.774049622354028, stress: 0.0013686574722264382, 
2026-09-21 13:22:36.100 DEBUG: loss breakdown: energy_per_atom: 0.40082828313047225, forces: 13.117580055994985, stress: 0.0007663729893232754, 
2026-09-21 13:22:36.255 DEBUG: loss breakdown: energy_per_atom: 0.469784443595215, forces: 17.6064741262477, stress: 0.0003986043310066892, 
2026-09-21 13:22:36.388 DEBUG: loss breakdown: energy_per_atom: 56.11072960834538, forces: 16.288402499979583, stress: 0.0004229450109411934, 
2026-09-21 13:22:36.541 DEBUG: loss breakdown: energy_per_atom: 0.6033853358426118, forces: 74.5412012373866, stress: 0.006848381154119964, 
2026-09-21 13:22:36.700 DEBUG: loss breakdown: energy_per_atom: 0.329102432492318, forces: 5.617918745652679, stress: 0.0007606854301391135, 
2026-09-21 13:22:36.849 DEBUG: loss breakdown: energy_per_atom: 0.9095368805440123, forces: 20.393839175826265, stress: 0.0008065479297541574, 
2026-09-21 13:22:36.981 DEBUG: loss breakdown: energy_per_atom: 0.40376188922774653, forces: 6.199342122127281, stress: 0.005886077242393052, 
2026-09-21 13:22:37.119 DEBUG: loss breakdown: energy_per_atom: 0.32051124060742364, forces: 29.347630596297847, stress: 0.005582188560891093, 
2026-09-21 13:22:37.269 DEBUG: loss breakdown: energy_per_atom: 0.9018194570057203, forces: 5.547437515519283, stress: 0.0010209545519815244, 
2026-09-21 13:22:37.428 DEBUG: loss breakdown: energy_per_atom: 0.2721541024275741, forces: 43.57726154469596, stress: 0.0007766491103691586, 
2026-09-21 13:22:37.583 DEBUG: loss breakdown: energy_per_atom: 37.63545582146544, forces: 52.608655940293026, stress: 0.0036654138125610217, 
2026-09-21 13:22:37.716 DEBUG: loss breakdown: energy_per_atom: 5.484092353969172, forces: 24.382873836915735, stress: 0.0005338086905854463, 
2026-09-21 13:22:37.858 DEBUG: loss breakdown: energy_per_atom: 0.3663226584601982, forces: 17.794770880720076, stress: 0.005488931529795214, 
2026-09-21 13:22:37.995 DEBUG: loss breakdown: energy_per_atom: 0.2609496100481041, forces: 14.795303726146948, stress: 0.0006870703740705473, 
2026-09-21 13:22:38.128 DEBUG: loss breakdown: energy_per_atom: 0.4421727524065768, forces: 18.391320608272743, stress: 0.000328999411532177, 
2026-09-21 13:22:38.265 DEBUG: loss breakdown: energy_per_atom: 2.1750013189416033, forces: 8.336331741506129, stress: 0.00041780001619328035, 
2026-09-21 13:22:38.412 DEBUG: loss breakdown: energy_per_atom: 8.657924794676033, forces: 16.290348303337783, stress: 0.00036727390555326117, 
2026-09-21 13:22:38.570 DEBUG: loss breakdown: energy_per_atom: 0.3023301648210474, forces: 34.66041241443032, stress: 0.0005573451791276823, 
2026-09-21 13:22:38.699 DEBUG: loss breakdown: energy_per_atom: 5.96447271461513, forces: 17.554598052479868, stress: 0.0004487631622499646, 
2026-09-21 13:22:38.841 DEBUG: loss breakdown: energy_per_atom: 0.25059814348476545, forces: 19.041120540157166, stress: 0.0028707146041146167, 
2026-09-21 13:22:38.974 DEBUG: loss breakdown: energy_per_atom: 0.2282135856081814, forces: 13.50420607895587, stress: 0.0010968069494974096, 
2026-09-21 13:22:39.116 DEBUG: loss breakdown: energy_per_atom: 20.30996701996272, forces: 72.0148068934773, stress: 0.0009093071798988435, 
2026-09-21 13:22:39.264 DEBUG: loss breakdown: energy_per_atom: 0.11801510240495956, forces: 17.42887237554904, stress: 0.0015882814056057488, 
2026-09-21 13:22:39.407 DEBUG: loss breakdown: energy_per_atom: 17.552166276914008, forces: 15.034503435848235, stress: 0.0006820528106285337, 
2026-09-21 13:22:39.558 DEBUG: loss breakdown: energy_per_atom: 1.8337249459595124, forces: 16.549017138733248, stress: 0.0010808919093274003, 
2026-09-21 13:22:39.723 DEBUG: loss breakdown: energy_per_atom: 0.32414309898198573, forces: 15.405294519998039, stress: 0.0004846425915746955, 
2026-09-21 13:22:39.856 DEBUG: loss breakdown: energy_per_atom: 0.18742559454413404, forces: 19.17427536607893, stress: 0.0005743060771484967, 
2026-09-21 13:22:39.990 DEBUG: loss breakdown: energy_per_atom: 5.527135599474246, forces: 6.9638778143683115, stress: 0.0005664359821177382, 
2026-09-21 13:22:40.119 DEBUG: loss breakdown: energy_per_atom: 0.365792895421742, forces: 7.964258230930424, stress: 0.000716925529200388, 
2026-09-21 13:22:40.263 DEBUG: loss breakdown: energy_per_atom: 0.7952526351682037, forces: 12.95989454689781, stress: 0.0006657506472475364, 
2026-09-21 13:22:40.399 DEBUG: loss breakdown: energy_per_atom: 0.551982672600071, forces: 14.773915746235373, stress: 0.0007692951144026943, 
2026-09-21 13:22:40.544 DEBUG: loss breakdown: energy_per_atom: 3.903877466363801, forces: 24.330405717605615, stress: 0.0015859746331618745, 
2026-09-21 13:22:40.677 DEBUG: loss breakdown: energy_per_atom: 0.6658579806675075, forces: 6.218733598882978, stress: 0.001792016240865337, 
2026-09-21 13:22:40.805 DEBUG: loss breakdown: energy_per_atom: 4.0680881604900625, forces: 37.56378023593257, stress: 0.0009848916084595138, 
2026-09-21 13:22:40.931 DEBUG: loss breakdown: energy_per_atom: 1.3815741211188106, forces: 13.813585703857855, stress: 0.0012685305571127846, 
2026-09-21 13:22:41.079 DEBUG: loss breakdown: energy_per_atom: 0.572267076538194, forces: 14.577376397519062, stress: 0.013032829456443525, 
2026-09-21 13:22:41.225 DEBUG: loss breakdown: energy_per_atom: 8.672340577738309, forces: 18.541838122530685, stress: 0.0009550026527001104, 
2026-09-21 13:22:41.377 DEBUG: loss breakdown: energy_per_atom: 0.6533221490558815, forces: 15.277099737491037, stress: 0.0005452859418763157, 
2026-09-21 13:22:41.532 DEBUG: loss breakdown: energy_per_atom: 1.6044249083573554, forces: 7.340374727507573, stress: 0.0004486681676612971, 
2026-09-21 13:22:41.683 DEBUG: loss breakdown: energy_per_atom: 0.3186249681531396, forces: 20.355469407524076, stress: 0.0009306222287267375, 
2026-09-21 13:22:41.838 DEBUG: loss breakdown: energy_per_atom: 0.21932932060581078, forces: 14.02402834206943, stress: 0.00043039319190885653, 
2026-09-21 13:22:41.965 DEBUG: loss breakdown: energy_per_atom: 0.24599383009518166, forces: 12.345736614830704, stress: 0.000591829425808903, 
2026-09-21 13:22:42.100 DEBUG: loss breakdown: energy_per_atom: 28.948904400584723, forces: 13.469622279621804, stress: 0.0004036619129707688, 
2026-09-21 13:22:42.222 DEBUG: loss breakdown: energy_per_atom: 0.399117546899868, forces: 20.669202598593625, stress: 0.0007628544354317401, 
2026-09-21 13:22:42.365 DEBUG: loss breakdown: energy_per_atom: 8.089975363613648, forces: 7.159597221159506, stress: 0.0003952226799534549, 
2026-09-21 13:22:42.510 DEBUG: loss breakdown: energy_per_atom: 5.164029691046214, forces: 19.84229410454357, stress: 0.0009485717766122208, 
2026-09-21 13:22:42.656 DEBUG: loss breakdown: energy_per_atom: 0.17987234325481544, forces: 20.994295584443332, stress: 0.006402284021385154, 
2026-09-21 13:22:42.795 DEBUG: loss breakdown: energy_per_atom: 27.536258984293077, forces: 14.709264256755233, stress: 0.0007103309390742855, 
2026-09-21 13:22:42.948 DEBUG: loss breakdown: energy_per_atom: 1.4176297725117692, forces: 6.643704087383551, stress: 0.0008287801018937498, 
2026-09-21 13:22:43.075 DEBUG: loss breakdown: energy_per_atom: 0.2076895436020995, forces: 17.33125828443405, stress: 0.0007578477056270102, 
2026-09-21 13:22:43.208 DEBUG: loss breakdown: energy_per_atom: 87.20625397560406, forces: 9.630441736258469, stress: 0.006136624309633093, 
2026-09-21 13:22:43.341 DEBUG: loss breakdown: energy_per_atom: 0.13802829462083588, forces: 7.27650478878448, stress: 0.0005851834378417567, 
2026-09-21 13:22:43.468 DEBUG: loss breakdown: energy_per_atom: 0.8350771525438783, forces: 14.569024122195886, stress: 0.0005150363626662242, 
2026-09-21 13:22:43.602 DEBUG: loss breakdown: energy_per_atom: 0.2728683837427862, forces: 19.09193063967623, stress: 0.0007871495695070169, 
2026-09-21 13:22:43.759 DEBUG: loss breakdown: energy_per_atom: 3.0112111188341495, forces: 15.479940870917533, stress: 0.0005484753761030442, 
2026-09-21 13:22:43.891 DEBUG: loss breakdown: energy_per_atom: 0.6590176403923194, forces: 19.06540187872229, stress: 0.0004536378899227487, 
2026-09-21 13:22:44.032 DEBUG: loss breakdown: energy_per_atom: 0.12241011610931954, forces: 10.77656464286986, stress: 0.0011384783257890909, 
2026-09-21 13:22:44.176 DEBUG: loss breakdown: energy_per_atom: 5.873127676535321, forces: 13.215865144262171, stress: 0.0008747802316256272, 
2026-09-21 13:22:44.310 DEBUG: loss breakdown: energy_per_atom: 0.2020480593232232, forces: 14.89049625207916, stress: 0.0006151862159230642, 
2026-09-21 13:22:44.453 DEBUG: loss breakdown: energy_per_atom: 0.8635949450882409, forces: 17.72590598969565, stress: 0.0012186012349014218, 
2026-09-21 13:22:44.604 DEBUG: loss breakdown: energy_per_atom: 0.12908414406182914, forces: 10.564007879877707, stress: 0.0011331050581100852, 
2026-09-21 13:22:44.739 DEBUG: loss breakdown: energy_per_atom: 0.7076583800848845, forces: 18.422104861434686, stress: 0.0011337821925762623, 
2026-09-21 13:22:44.896 DEBUG: loss breakdown: energy_per_atom: 20.161245207725727, forces: 134.73117325412062, stress: 0.0011755117098098948, 
2026-09-21 13:22:45.037 DEBUG: loss breakdown: energy_per_atom: 0.1448105774191153, forces: 10.77071565290091, stress: 0.0007204500641744274, 
2026-09-21 13:22:45.192 DEBUG: loss breakdown: energy_per_atom: 0.2988579850225393, forces: 6.755762873479487, stress: 0.000874618187865229, 
2026-09-21 13:22:45.337 DEBUG: loss breakdown: energy_per_atom: 5.743867231051413, forces: 11.535658557219392, stress: 0.00048542680999428644, 
2026-09-21 13:22:45.474 DEBUG: loss breakdown: energy_per_atom: 0.2410039869452265, forces: 11.986171236975805, stress: 0.00037620624776720863, 
2026-09-21 13:22:45.602 DEBUG: loss breakdown: energy_per_atom: 0.1817147464472736, forces: 12.89127848640369, stress: 0.0006494479620797219, 
2026-09-21 13:22:45.753 DEBUG: loss breakdown: energy_per_atom: 2.9340689162448528, forces: 10.464419781707955, stress: 0.0003247766431206467, 
2026-09-21 13:22:45.900 DEBUG: loss breakdown: energy_per_atom: 0.45971322877334053, forces: 29.754662104180458, stress: 0.0009067931807438972, 
2026-09-21 13:22:46.047 DEBUG: loss breakdown: energy_per_atom: 0.3961239078399405, forces: 12.330024044890605, stress: 0.0007269677796886118, 
2026-09-21 13:22:46.172 DEBUG: loss breakdown: energy_per_atom: 14.62016716363259, forces: 33.58173823426828, stress: 0.0009004184920705379, 
2026-09-21 13:22:46.304 DEBUG: loss breakdown: energy_per_atom: 0.2888842786973327, forces: 16.663466925281163, stress: 0.0003886973357038453, 
2026-09-21 13:22:46.436 DEBUG: loss breakdown: energy_per_atom: 0.18366769677109102, forces: 6.541955493137867, stress: 0.00041411794540314475, 
2026-09-21 13:22:46.575 DEBUG: loss breakdown: energy_per_atom: 0.33847606551970444, forces: 16.773827942665935, stress: 0.0003289554185640138, 
2026-09-21 13:22:46.714 DEBUG: loss breakdown: energy_per_atom: 4.132486464482339, forces: 14.513419668740916, stress: 0.0003121948672419698, 
2026-09-21 13:22:46.861 DEBUG: loss breakdown: energy_per_atom: 6.54219154117403, forces: 8.040892783867712, stress: 0.00039699424371656994, 
2026-09-21 13:22:46.994 DEBUG: loss breakdown: energy_per_atom: 0.48656059880749764, forces: 8.853412960976454, stress: 0.0007350233375899374, 
2026-09-21 13:22:47.127 DEBUG: loss breakdown: energy_per_atom: 0.8754671170753576, forces: 22.99518682003267, stress: 0.000728793329298753, 
2026-09-21 13:22:47.280 DEBUG: loss breakdown: energy_per_atom: 0.11227654440850836, forces: 10.290765643015973, stress: 0.00106976399304439, 
2026-09-21 13:22:47.423 DEBUG: loss breakdown: energy_per_atom: 1.4424507429221791, forces: 11.873784473460502, stress: 0.000821900167256101, 
2026-09-21 13:22:47.575 DEBUG: loss breakdown: energy_per_atom: 0.40395982269135355, forces: 22.626881319582775, stress: 0.0011229145521333675, 
2026-09-21 13:22:47.719 DEBUG: loss breakdown: energy_per_atom: 0.9448965299339, forces: 9.93469531378805, stress: 0.0011367657124255362, 
2026-09-21 13:22:47.850 DEBUG: loss breakdown: energy_per_atom: 0.8829243242339684, forces: 15.094591436700908, stress: 0.0009789295218757142, 
2026-09-21 13:22:47.975 DEBUG: loss breakdown: energy_per_atom: 1.712490224098653, forces: 7.127408662317267, stress: 0.00039271240754981587, 
2026-09-21 13:22:48.106 DEBUG: loss breakdown: energy_per_atom: 0.30669013153415836, forces: 7.424771744111287, stress: 0.005893052896254408, 
2026-09-21 13:22:48.230 DEBUG: loss breakdown: energy_per_atom: 0.2561420193405597, forces: 20.327761943494576, stress: 0.00031396150878527945, 
2026-09-21 13:22:48.402 DEBUG: loss breakdown: energy_per_atom: 0.3084880769790759, forces: 19.07181908871519, stress: 0.0003635945791413196, 
2026-09-21 13:22:48.562 DEBUG: loss breakdown: energy_per_atom: 0.19290290140527483, forces: 10.949065732811029, stress: 0.0004115716260711285, 
2026-09-21 13:22:48.713 DEBUG: loss breakdown: energy_per_atom: 0.32890692011272815, forces: 11.252218254112982, stress: 0.0007811980085633902, 
2026-09-21 13:22:48.844 DEBUG: loss breakdown: energy_per_atom: 3.044707225009408, forces: 19.958560574140314, stress: 0.0003805585469494452, 
2026-09-21 13:22:48.972 DEBUG: loss breakdown: energy_per_atom: 0.8658879398371859, forces: 13.355479009784494, stress: 0.0005668635110908499, 
2026-09-21 13:22:49.118 DEBUG: loss breakdown: energy_per_atom: 5.993153297810182, forces: 65.49835898010673, stress: 0.004280515964297079, 
2026-09-21 13:22:49.265 DEBUG: loss breakdown: energy_per_atom: 0.2543909657355837, forces: 7.809851904224965, stress: 0.001767086323022854, 
2026-09-21 13:22:49.394 DEBUG: loss breakdown: energy_per_atom: 38.74901190441948, forces: 10.886673243441994, stress: 0.0008253148577024564, 
2026-09-21 13:22:49.533 DEBUG: loss breakdown: energy_per_atom: 4.082285185178914, forces: 16.02206360872093, stress: 0.0007709592128219821, 
2026-09-21 13:22:49.678 DEBUG: loss breakdown: energy_per_atom: 0.5730459814207063, forces: 10.348061079941784, stress: 0.0006659237713073847, 
2026-09-21 13:22:49.816 DEBUG: loss breakdown: energy_per_atom: 0.35155787075196576, forces: 14.849211391221514, stress: 0.0013650051638607092, 
2026-09-21 13:22:49.962 DEBUG: loss breakdown: energy_per_atom: 0.34130530059642095, forces: 26.887850326944523, stress: 0.0008563466434396281, 
2026-09-21 13:22:50.116 DEBUG: loss breakdown: energy_per_atom: 2.8546805876292654, forces: 15.078626349484361, stress: 0.0002734804658929032, 
2026-09-21 13:22:50.257 DEBUG: loss breakdown: energy_per_atom: 0.6407818186269246, forces: 17.462597271359208, stress: 0.0005802142014304159, 
2026-09-21 13:22:50.391 DEBUG: loss breakdown: energy_per_atom: 0.3024560053634573, forces: 19.105299718124947, stress: 0.003973421915775228, 
2026-09-21 13:22:50.541 DEBUG: loss breakdown: energy_per_atom: 2.687025216296419, forces: 25.789337625777637, stress: 0.0006029005781764911, 
2026-09-21 13:22:50.683 DEBUG: loss breakdown: energy_per_atom: 0.9317898204548914, forces: 22.034043765468, stress: 0.0003184598546643533, 
2026-09-21 13:22:50.821 DEBUG: loss breakdown: energy_per_atom: 8.789317649248845, forces: 15.980059676549118, stress: 0.00044536475573257354, 
2026-09-21 13:22:50.958 DEBUG: loss breakdown: energy_per_atom: 0.9213241224294243, forces: 12.805786222889717, stress: 0.0006281398100123945, 
2026-09-21 13:22:51.094 DEBUG: loss breakdown: energy_per_atom: 0.7732447963328946, forces: 17.79779227544273, stress: 0.0008334750835536974, 
2026-09-21 13:22:51.249 DEBUG: loss breakdown: energy_per_atom: 0.6066050272613414, forces: 123.01172068270543, stress: 0.01354907818560848, 
2026-09-21 13:22:51.376 DEBUG: loss breakdown: energy_per_atom: 0.9262678396069639, forces: 22.94517369779497, stress: 0.0005819007976159157, 
2026-09-21 13:22:51.511 DEBUG: loss breakdown: energy_per_atom: 0.28321508467381773, forces: 23.227346630735415, stress: 0.00025878142561307156, 
2026-09-21 13:22:51.659 DEBUG: loss breakdown: energy_per_atom: 0.7753938886929537, forces: 16.770302175107858, stress: 0.0010969994431534137, 
2026-09-21 13:22:51.805 DEBUG: loss breakdown: energy_per_atom: 0.5764467978595429, forces: 13.862293450528263, stress: 0.0008254542758239082, 
2026-09-21 13:22:51.953 DEBUG: loss breakdown: energy_per_atom: 1.3952799555319544, forces: 7.2805821714624965, stress: 0.0006020375899836857, 
2026-09-21 13:22:52.099 DEBUG: loss breakdown: energy_per_atom: 1.2009089351613218, forces: 13.068593202443024, stress: 0.00042078838956119885, 
2026-09-21 13:22:52.240 DEBUG: loss breakdown: energy_per_atom: 0.6457451176642586, forces: 17.321851856998528, stress: 0.00021207681999725739, 
2026-09-21 13:22:52.389 DEBUG: loss breakdown: energy_per_atom: 0.39606660256384657, forces: 9.969648175401357, stress: 0.0006526646455990149, 
2026-09-21 13:22:52.516 DEBUG: loss breakdown: energy_per_atom: 0.2960380427000258, forces: 22.914591725430267, stress: 0.00036604370751297673, 
2026-09-21 13:22:52.643 DEBUG: loss breakdown: energy_per_atom: 0.9892020248201189, forces: 19.725559806529, stress: 0.00043068283642550296, 
2026-09-21 13:22:52.784 DEBUG: loss breakdown: energy_per_atom: 14.190977828270263, forces: 8.488421338244724, stress: 0.0003937281084918901, 
2026-09-21 13:22:52.910 DEBUG: loss breakdown: energy_per_atom: 0.6379870956637581, forces: 12.94359217794489, stress: 0.0006875179986724263, 
2026-09-21 13:22:53.058 DEBUG: loss breakdown: energy_per_atom: 0.27376085416614426, forces: 7.1139350376846435, stress: 0.0008210297884890778, 
2026-09-21 13:22:53.185 DEBUG: loss breakdown: energy_per_atom: 0.5097680601240471, forces: 23.82125795779767, stress: 0.000819768464910075, 
2026-09-21 13:22:53.327 DEBUG: loss breakdown: energy_per_atom: 4.191040207329292, forces: 21.315153295280524, stress: 0.00043533406093554324, 
2026-09-21 13:22:53.470 DEBUG: loss breakdown: energy_per_atom: 0.19999941265774165, forces: 22.383428732586175, stress: 0.00912857658048667, 
2026-09-21 13:22:53.625 DEBUG: loss breakdown: energy_per_atom: 0.31251264121119504, forces: 20.69292784997544, stress: 0.0005587254453483318, 
2026-09-21 13:22:53.775 DEBUG: loss breakdown: energy_per_atom: 0.9506424709519692, forces: 23.07468764083518, stress: 0.0010914922299496944, 
2026-09-21 13:22:53.917 DEBUG: loss breakdown: energy_per_atom: 1.4254326170136165, forces: 13.18850371642255, stress: 0.0013945206961577471, 
2026-09-21 13:22:54.052 DEBUG: loss breakdown: energy_per_atom: 0.17953462148114577, forces: 8.055730229670704, stress: 0.0007273361656565965, 
2026-09-21 13:22:54.200 DEBUG: loss breakdown: energy_per_atom: 0.9079423147786184, forces: 17.030232108501625, stress: 0.0009362820374539779, 
2026-09-21 13:22:54.348 DEBUG: loss breakdown: energy_per_atom: 1.0885043601187585, forces: 14.918962331705007, stress: 0.00048429838987622015, 
2026-09-21 13:22:54.498 DEBUG: loss breakdown: energy_per_atom: 1.2651284050787037, forces: 14.139071059548241, stress: 0.00042207385080399894, 
2026-09-21 13:22:54.655 DEBUG: loss breakdown: energy_per_atom: 6.54316805508551, forces: 7.059654045337005, stress: 0.0010877594031321403, 
2026-09-21 13:22:54.786 DEBUG: loss breakdown: energy_per_atom: 6.321714842554609, forces: 35.694514166065424, stress: 0.0013687793345347145, 
2026-09-21 13:22:54.930 DEBUG: loss breakdown: energy_per_atom: 1.1854913215109122, forces: 21.058861385095483, stress: 0.0011288714016959695, 
2026-09-21 13:22:55.074 DEBUG: loss breakdown: energy_per_atom: 0.24839522922298685, forces: 26.162352968008484, stress: 0.0007143221253629976, 
2026-09-21 13:22:55.199 DEBUG: loss breakdown: energy_per_atom: 0.2565154224057052, forces: 12.408285973032008, stress: 0.0006372302968284382, 
2026-09-21 13:22:55.333 DEBUG: loss breakdown: energy_per_atom: 0.9153380676988241, forces: 20.96064452158732, stress: 0.0008048524663857662, 
2026-09-21 13:22:55.487 DEBUG: loss breakdown: energy_per_atom: 0.5071681595534331, forces: 9.645178312527339, stress: 0.0006309916212651911, 
2026-09-21 13:22:55.631 DEBUG: loss breakdown: energy_per_atom: 12.044846549103987, forces: 29.831698440954735, stress: 0.0009835490467268676, 
2026-09-21 13:22:55.790 DEBUG: loss breakdown: energy_per_atom: 3.56417304871022, forces: 421.74980049627743, stress: 0.0012480610917989996, 
2026-09-21 13:22:55.952 DEBUG: loss breakdown: energy_per_atom: 0.1837243785455418, forces: 2.575608288617724, stress: 0.0008897015228124032, 
2026-09-21 13:22:56.084 DEBUG: loss breakdown: energy_per_atom: 0.24343773232055224, forces: 19.702378930729054, stress: 0.0013605008804931573, 
2026-09-21 13:22:56.248 DEBUG: loss breakdown: energy_per_atom: 15.65922847603712, forces: 86.23176740194428, stress: 0.004978316542426116, 
2026-09-21 13:22:56.384 DEBUG: loss breakdown: energy_per_atom: 0.9248226839157973, forces: 17.550034359819485, stress: 0.0008363437614701008, 
2026-09-21 13:22:56.529 DEBUG: loss breakdown: energy_per_atom: 1.2947773038376909, forces: 42.210572899955466, stress: 0.0011000680252868295, 
2026-09-21 13:22:56.667 DEBUG: loss breakdown: energy_per_atom: 0.6858843497213865, forces: 14.230346897565799, stress: 0.0008540952244348294, 
2026-09-21 13:22:56.814 DEBUG: loss breakdown: energy_per_atom: 1.814324120498226, forces: 17.517857140123247, stress: 0.0005388556817065078, 
2026-09-21 13:22:56.952 DEBUG: loss breakdown: energy_per_atom: 22.79741737084953, forces: 17.114282999980933, stress: 0.000619842388594044, 
2026-09-21 13:22:57.081 DEBUG: loss breakdown: energy_per_atom: 3.4784720503138775, forces: 8.713251871490206, stress: 0.00084860649063107, 
2026-09-21 13:22:57.220 DEBUG: loss breakdown: energy_per_atom: 0.3208896774644754, forces: 17.435605176837083, stress: 0.0014440972366252043, 
2026-09-21 13:22:57.353 DEBUG: loss breakdown: energy_per_atom: 0.23658462399917513, forces: 15.528022956763202, stress: 0.0005935084882804024, 
2026-09-21 13:22:57.509 DEBUG: loss breakdown: energy_per_atom: 0.25882545618115577, forces: 8.560291844639094, stress: 0.0006286537249521123, 
2026-09-21 13:22:57.656 DEBUG: loss breakdown: energy_per_atom: 0.31701189889587106, forces: 9.961993476418856, stress: 0.0007831017882138138, 
2026-09-21 13:22:57.800 DEBUG: loss breakdown: energy_per_atom: 6.255500307031282, forces: 5.605661224930665, stress: 0.0011443772598300997, 
2026-09-21 13:22:57.935 DEBUG: loss breakdown: energy_per_atom: 0.3635691863982609, forces: 16.43857795003264, stress: 0.0008430781641413984, 
2026-09-21 13:22:58.081 DEBUG: loss breakdown: energy_per_atom: 3.8481668861067844, forces: 24.530718038683442, stress: 0.0004097111096253473, 
2026-09-21 13:22:58.222 DEBUG: loss breakdown: energy_per_atom: 0.2875565707769926, forces: 11.79591897051997, stress: 0.0006069116499431175, 
2026-09-21 13:22:58.350 DEBUG: loss breakdown: energy_per_atom: 5.638732852006255, forces: 80.87979331911546, stress: 0.0008256566715880192, 
2026-09-21 13:22:58.492 DEBUG: loss breakdown: energy_per_atom: 0.9068023294539531, forces: 6.940518343171698, stress: 0.004977906167181727, 
2026-09-21 13:22:58.635 DEBUG: loss breakdown: energy_per_atom: 4.2302013926271735, forces: 8.16919326037488, stress: 0.0009245027483844473, 
2026-09-21 13:22:58.796 DEBUG: loss breakdown: energy_per_atom: 32.97188647726519, forces: 12.13361861348636, stress: 0.0006715825105884318, 
2026-09-21 13:22:58.929 DEBUG: loss breakdown: energy_per_atom: 1.4760963424515148, forces: 25.665291306278615, stress: 0.006492288504505309, 
2026-09-21 13:22:59.077 DEBUG: loss breakdown: energy_per_atom: 0.7882458077247017, forces: 22.232766680399155, stress: 0.0007244361548621246, 
2026-09-21 13:22:59.222 DEBUG: loss breakdown: energy_per_atom: 0.6408837808432408, forces: 8.744809684164228, stress: 0.0005867194174368465, 
2026-09-21 13:22:59.352 DEBUG: loss breakdown: energy_per_atom: 0.11466979420402515, forces: 11.874042752838223, stress: 0.0006149659445963888, 
2026-09-21 13:22:59.497 DEBUG: loss breakdown: energy_per_atom: 0.252800039660959, forces: 18.047824536974964, stress: 0.0005314301987882238, 
2026-09-21 13:22:59.625 DEBUG: loss breakdown: energy_per_atom: 0.5287138632369118, forces: 8.649517303123803, stress: 0.0006722232920826491, 
2026-09-21 13:22:59.771 DEBUG: loss breakdown: energy_per_atom: 0.820974371416826, forces: 15.022555282689233, stress: 0.000258196951367548, 
2026-09-21 13:22:59.905 DEBUG: loss breakdown: energy_per_atom: 2.9021575055309388, forces: 16.28008824443398, stress: 0.0004670041413558634, 
2026-09-21 13:23:00.029 DEBUG: loss breakdown: energy_per_atom: 0.4791707731730237, forces: 32.793431365781466, stress: 0.0005201411958045307, 
2026-09-21 13:23:00.159 DEBUG: loss breakdown: energy_per_atom: 0.34941463006429174, forces: 11.860472887492945, stress: 0.00043976717483543474, 
2026-09-21 13:23:00.285 DEBUG: loss breakdown: energy_per_atom: 0.4243914310312249, forces: 51.5502926772138, stress: 0.0029449719961066436, 
2026-09-21 13:23:00.429 DEBUG: loss breakdown: energy_per_atom: 1.9182773154638313, forces: 29.099202039110956, stress: 0.0006994276561369746, 
2026-09-21 13:23:00.580 DEBUG: loss breakdown: energy_per_atom: 0.21907785127318435, forces: 7.720886805903515, stress: 0.0009625380637372204, 
2026-09-21 13:23:00.724 DEBUG: loss breakdown: energy_per_atom: 0.32330219599898213, forces: 65.77246707119943, stress: 0.0031630177506862442, 
2026-09-21 13:23:00.858 DEBUG: loss breakdown: energy_per_atom: 0.9869602648401761, forces: 49.198847170950636, stress: 0.0046957337220494225, 
2026-09-21 13:23:01.012 DEBUG: loss breakdown: energy_per_atom: 1.4438904081193877, forces: 10.740058687211832, stress: 0.0008862288496030207, 
2026-09-21 13:23:01.164 DEBUG: loss breakdown: energy_per_atom: 0.8318784376967323, forces: 12.394847067102743, stress: 0.0008444582134105328, 
2026-09-21 13:23:01.316 DEBUG: loss breakdown: energy_per_atom: 0.18796613896262726, forces: 70.89861729677779, stress: 0.00042615272872352484, 
2026-09-21 13:23:01.463 DEBUG: loss breakdown: energy_per_atom: 0.22609606428976164, forces: 56.680049582332195, stress: 0.001041861105816184, 
2026-09-21 13:23:01.612 DEBUG: loss breakdown: energy_per_atom: 0.5389738334527907, forces: 11.905706161646307, stress: 0.000608403803287333, 
2026-09-21 13:23:01.762 DEBUG: loss breakdown: energy_per_atom: 0.33361676360049475, forces: 14.323684752338009, stress: 0.0005873803264547933, 
2026-09-21 13:23:01.900 DEBUG: loss breakdown: energy_per_atom: 1.7336241948579094, forces: 41.4073807330442, stress: 0.00045442222948363024, 
2026-09-21 13:23:02.044 DEBUG: loss breakdown: energy_per_atom: 0.5249550438336237, forces: 17.00917805318477, stress: 0.0003472568946320351, 
2026-09-21 13:23:02.197 DEBUG: loss breakdown: energy_per_atom: 0.4896815378274221, forces: 8.299072667780946, stress: 0.000431470262314846, 
2026-09-21 13:23:02.341 DEBUG: loss breakdown: energy_per_atom: 0.47390380655184206, forces: 17.231313239189223, stress: 0.004986195794159788, 
2026-09-21 13:23:02.491 DEBUG: loss breakdown: energy_per_atom: 9.182844337158459, forces: 23.009414078593068, stress: 0.0008528246856868414, 
2026-09-21 13:23:02.652 DEBUG: loss breakdown: energy_per_atom: 0.7889269550240757, forces: 46.26172206304408, stress: 0.0008387095631501493, 
2026-09-21 13:23:02.822 DEBUG: loss breakdown: energy_per_atom: 0.19660813099424335, forces: 31.821911966115103, stress: 0.000722379574602491, 
2026-09-21 13:23:02.953 DEBUG: loss breakdown: energy_per_atom: 0.14470395367029862, forces: 12.004169407018562, stress: 0.0010765117642462594, 
2026-09-21 13:23:03.086 DEBUG: loss breakdown: energy_per_atom: 0.24771667320165025, forces: 13.287406507388319, stress: 0.0014443435898214673, 
2026-09-21 13:23:03.218 DEBUG: loss breakdown: energy_per_atom: 0.21739487934600638, forces: 26.8473748308418, stress: 0.008101726291133742, 
2026-09-21 13:23:03.376 DEBUG: loss breakdown: energy_per_atom: 2.81981829446239, forces: 17.073923450811666, stress: 0.0005741079032679927, 
2026-09-21 13:23:03.526 DEBUG: loss breakdown: energy_per_atom: 2.5328301563285724, forces: 9.590755834018877, stress: 0.0005813961431025835, 
2026-09-21 13:23:03.661 DEBUG: loss breakdown: energy_per_atom: 0.43523677659682447, forces: 199.33406912189358, stress: 0.0014400824229755438, 
2026-09-21 13:23:03.811 DEBUG: loss breakdown: energy_per_atom: 0.37770605233986265, forces: 28.778599437024205, stress: 0.000656900994826122, 
2026-09-21 13:23:03.942 DEBUG: loss breakdown: energy_per_atom: 25.37717606050579, forces: 19.352900438086994, stress: 0.000444863360139233, 
2026-09-21 13:23:04.073 DEBUG: loss breakdown: energy_per_atom: 1.2399532280682988, forces: 63.31925533381093, stress: 0.0007389366795015735, 
2026-09-21 13:23:04.201 DEBUG: loss breakdown: energy_per_atom: 2.814270066142317, forces: 14.035982310814518, stress: 0.012480756276753376, 
2026-09-21 13:23:04.338 DEBUG: loss breakdown: energy_per_atom: 0.26085027504828245, forces: 12.509695817335231, stress: 0.0007892509377476365, 
2026-09-21 13:23:04.499 DEBUG: loss breakdown: energy_per_atom: 0.5310593328821425, forces: 22.49253951951014, stress: 0.00039385537650452485, 
2026-09-21 13:23:04.638 DEBUG: loss breakdown: energy_per_atom: 0.3781553382147647, forces: 17.77005943259565, stress: 0.0010331623320118946, 
2026-09-21 13:23:04.786 DEBUG: loss breakdown: energy_per_atom: 0.45495994472330825, forces: 24.38054379960823, stress: 0.003950677072198645, 
2026-09-21 13:23:04.933 DEBUG: loss breakdown: energy_per_atom: 0.30735704436869526, forces: 32.036072983184, stress: 0.00047033432629910523, 
2026-09-21 13:23:05.089 DEBUG: loss breakdown: energy_per_atom: 2.85580313999644, forces: 16.11216552545566, stress: 0.0008032038861489753, 
2026-09-21 13:23:05.237 DEBUG: loss breakdown: energy_per_atom: 8.78025607693696, forces: 783.7845434790247, stress: 0.00070051272717184, 
2026-09-21 13:23:05.377 DEBUG: loss breakdown: energy_per_atom: 0.13480931669044666, forces: 23.78840551378002, stress: 0.0007780598678436164, 
2026-09-21 13:23:05.536 DEBUG: loss breakdown: energy_per_atom: 1.9919399703747478, forces: 31.049765049278804, stress: 0.000580172113277206, 
2026-09-21 13:23:05.693 DEBUG: loss breakdown: energy_per_atom: 0.2892742864762009, forces: 36.277102844959956, stress: 0.0004633458205938751, 
2026-09-21 13:23:05.855 DEBUG: loss breakdown: energy_per_atom: 1.1221666064620286, forces: 75.52775132549438, stress: 0.012125357677635822, 
2026-09-21 13:23:05.995 DEBUG: loss breakdown: energy_per_atom: 0.11227076991092294, forces: 15.742179502025813, stress: 0.00044867590433260516, 
2026-09-21 13:23:06.126 DEBUG: loss breakdown: energy_per_atom: 0.5121026955959007, forces: 28.03547526948159, stress: 0.00036176224962810303, 
2026-09-21 13:23:06.293 DEBUG: loss breakdown: energy_per_atom: 0.25230655578115935, forces: 16.347469144612248, stress: 0.000633608735146834, 
2026-09-21 13:23:06.451 DEBUG: loss breakdown: energy_per_atom: 0.33475719626003, forces: 7.812203030573671, stress: 0.0003058732841318271, 
2026-09-21 13:23:06.605 DEBUG: loss breakdown: energy_per_atom: 0.6671247563296299, forces: 11.104300394127112, stress: 0.0005421853960079448, 
2026-09-21 13:23:06.745 DEBUG: loss breakdown: energy_per_atom: 1.2494490518858683, forces: 15.972072366393741, stress: 0.0008384987804181442, 
2026-09-21 13:23:06.872 DEBUG: loss breakdown: energy_per_atom: 0.312965347603802, forces: 15.681119756721863, stress: 0.0019435596960705093, 
2026-09-21 13:23:07.013 DEBUG: loss breakdown: energy_per_atom: 0.7040643446742118, forces: 326.6963353580193, stress: 0.0017485295597047669, 
2026-09-21 13:23:07.140 DEBUG: loss breakdown: energy_per_atom: 1.6556364464261413, forces: 16.391521432547364, stress: 0.0010090373145365081, 
2026-09-21 13:23:07.274 DEBUG: loss breakdown: energy_per_atom: 1.0292041636919822, forces: 19.302236182565245, stress: 0.0011104781253246866, 
2026-09-21 13:23:07.406 DEBUG: loss breakdown: energy_per_atom: 0.4779928795440004, forces: 29.604186214443036, stress: 0.0018049390348286068, 
2026-09-21 13:23:07.548 DEBUG: loss breakdown: energy_per_atom: 27.24456033853013, forces: 14.077631352100568, stress: 0.0007857893215181012, 
2026-09-21 13:23:07.687 DEBUG: loss breakdown: energy_per_atom: 2.5336310280084358, forces: 105.91080995990261, stress: 0.0100542887574579, 
2026-09-21 13:23:07.838 DEBUG: loss breakdown: energy_per_atom: 1.3051979493600065, forces: 15.023603697753943, stress: 0.0009260492073424628, 
2026-09-21 13:23:07.969 DEBUG: loss breakdown: energy_per_atom: 2.971447054309638, forces: 86.78544442403972, stress: 0.001499244204016541, 
2026-09-21 13:23:08.101 DEBUG: loss breakdown: energy_per_atom: 0.14026023187497086, forces: 24.312172117019884, stress: 0.0009482476529288063, 
2026-09-21 13:23:08.232 DEBUG: loss breakdown: energy_per_atom: 10.352201115633877, forces: 15.27821210246385, stress: 0.0011493295266742807, 
2026-09-21 13:23:08.370 DEBUG: loss breakdown: energy_per_atom: 0.27275259006332475, forces: 33.539820315043116, stress: 0.0006063038460347561, 
2026-09-21 13:23:08.517 DEBUG: loss breakdown: energy_per_atom: 1.4825239877046172, forces: 26.624397471687377, stress: 0.0006829692051591661, 
2026-09-21 13:23:08.677 DEBUG: loss breakdown: energy_per_atom: 3.0894940983684918, forces: 55.419597004107665, stress: 0.00034760122816007195, 
2026-09-21 13:23:08.838 DEBUG: loss breakdown: energy_per_atom: 0.3260042108417601, forces: 38.85084742447616, stress: 0.0005664635321768403, 
2026-09-21 13:23:08.993 DEBUG: loss breakdown: energy_per_atom: 4.458819853387849, forces: 13.714754291725061, stress: 0.0006031581707784324, 
2026-09-21 13:23:09.139 DEBUG: loss breakdown: energy_per_atom: 1.5634850268004257, forces: 21.193926399745486, stress: 0.0007613204413726533, 
2026-09-21 13:23:09.301 DEBUG: loss breakdown: energy_per_atom: 0.8606760695810538, forces: 11.392659249020543, stress: 0.0005547018717221621, 
2026-09-21 13:23:09.445 DEBUG: loss breakdown: energy_per_atom: 74.46228154716485, forces: 10.732725920712127, stress: 0.0012022114358335003, 
2026-09-21 13:23:09.584 DEBUG: loss breakdown: energy_per_atom: 4.961457321018743, forces: 10.386216221114585, stress: 0.0009082614333814416, 
2026-09-21 13:23:09.729 DEBUG: loss breakdown: energy_per_atom: 0.4131370315251003, forces: 11.596763279002701, stress: 0.0009606306324506055, 
2026-09-21 13:23:09.882 DEBUG: loss breakdown: energy_per_atom: 0.38796096719974416, forces: 19.28308581405395, stress: 0.0011669535866524194, 
2026-09-21 13:23:10.039 DEBUG: loss breakdown: energy_per_atom: 3.90149108233729, forces: 21.874130986162204, stress: 0.0004760423816702183, 
2026-09-21 13:23:10.193 DEBUG: loss breakdown: energy_per_atom: 0.36909238163744834, forces: 14.735387300767622, stress: 0.0003360157514444925, 
2026-09-21 13:23:10.353 DEBUG: loss breakdown: energy_per_atom: 0.39983025973515146, forces: 54.23637166064851, stress: 0.0016272014060813229, 
2026-09-21 13:23:10.486 DEBUG: loss breakdown: energy_per_atom: 0.41338481460621657, forces: 22.152902730337836, stress: 0.0007870901986016968, 
2026-09-21 13:23:10.619 DEBUG: loss breakdown: energy_per_atom: 0.5886791591595366, forces: 15.918523786746583, stress: 0.009695364913532302, 
2026-09-21 13:23:10.753 DEBUG: loss breakdown: energy_per_atom: 0.4837896751482078, forces: 16.606811455862722, stress: 0.000913611855517506, 
2026-09-21 13:23:10.884 DEBUG: loss breakdown: energy_per_atom: 0.8053036396189602, forces: 201845.23930236374, stress: 0.005810427456505864, 
2026-09-21 13:23:11.047 DEBUG: loss breakdown: energy_per_atom: 17.780041435808894, forces: 23.285623129365565, stress: 0.014154245994444545, 
2026-09-21 13:23:11.195 DEBUG: loss breakdown: energy_per_atom: 2.5196672855904643, forces: 23.708064674151327, stress: 0.0006285309279919116, 
2026-09-21 13:23:11.351 DEBUG: loss breakdown: energy_per_atom: 5.49557752716529, forces: 23.338603449117148, stress: 0.0019850395509549094, 
2026-09-21 13:23:11.496 DEBUG: loss breakdown: energy_per_atom: 1.3304433978325847, forces: 15.503759839583237, stress: 0.0012961609066918164, 
2026-09-21 13:23:11.632 DEBUG: loss breakdown: energy_per_atom: 1.537469381527937, forces: 13.150750055708984, stress: 0.0019209454036615897, 
2026-09-21 13:23:11.764 DEBUG: loss breakdown: energy_per_atom: 0.291668823624729, forces: 25.351513028383522, stress: 0.001235692006356876, 
2026-09-21 13:23:11.911 DEBUG: loss breakdown: energy_per_atom: 0.5210070335150253, forces: 15.132317014269061, stress: 0.0014853455768257266, 
2026-09-21 13:23:12.035 DEBUG: loss breakdown: energy_per_atom: 0.22656583297630156, forces: 23.606429124483544, stress: 0.0009222743809170976, 
2026-09-21 13:23:12.174 DEBUG: loss breakdown: energy_per_atom: 3.3694086469978597, forces: 11.339983705077, stress: 0.0014404193662009717, 
2026-09-21 13:23:12.317 DEBUG: loss breakdown: energy_per_atom: 0.27349661080496734, forces: 21.14948903925744, stress: 0.0011581408175288079, 
2026-09-21 13:23:12.459 DEBUG: loss breakdown: energy_per_atom: 1.4770020508788813, forces: 17.960216876288058, stress: 0.0011045420360847158, 
2026-09-21 13:23:12.613 DEBUG: loss breakdown: energy_per_atom: 0.25149502236873794, forces: 7.401613819841586, stress: 0.0016639490789432565, 
2026-09-21 13:23:12.748 DEBUG: loss breakdown: energy_per_atom: 5.049823853298946, forces: 28.778775624795816, stress: 0.0013407307918819388, 
2026-09-21 13:23:12.874 DEBUG: loss breakdown: energy_per_atom: 0.6943186488187814, forces: 11.126401994538716, stress: 0.0014976761217826732, 
2026-09-21 13:23:13.011 DEBUG: loss breakdown: energy_per_atom: 0.4946609698235361, forces: 35.04281253334593, stress: 0.0014863045708582493, 
2026-09-21 13:23:13.145 DEBUG: loss breakdown: energy_per_atom: 1.5133312530197736, forces: 16.58690825419101, stress: 0.007771152665603893, 
2026-09-21 13:23:13.289 DEBUG: loss breakdown: energy_per_atom: 1.5850441632631713, forces: 26.12817459677243, stress: 0.0015647146835779345, 
2026-09-21 13:23:13.467 DEBUG: loss breakdown: energy_per_atom: 0.4768877890727256, forces: 18.313689089059615, stress: 0.0009503855731981868, 
2026-09-21 13:23:13.634 DEBUG: loss breakdown: energy_per_atom: 0.4686938974116046, forces: 7.1764644121894, stress: 0.0007841329679570136, 
2026-09-21 13:23:13.770 DEBUG: loss breakdown: energy_per_atom: 0.17182730716218458, forces: 12.167897762413794, stress: 0.0018357741336506128, 
2026-09-21 13:23:13.913 DEBUG: loss breakdown: energy_per_atom: 8.974385229809164, forces: 19.06003684020079, stress: 0.0013854697295507107, 
2026-09-21 13:23:14.062 DEBUG: loss breakdown: energy_per_atom: 0.3757598049239712, forces: 8.423154883356538, stress: 0.0007849164130549482, 
2026-09-21 13:23:14.210 DEBUG: loss breakdown: energy_per_atom: 0.3582470947327602, forces: 10.984910204784333, stress: 0.0006134343736640065, 
2026-09-21 13:23:14.349 DEBUG: loss breakdown: energy_per_atom: 0.408853458263876, forces: 20.90317389812508, stress: 0.008895428736073498, 
2026-09-21 13:23:14.494 DEBUG: loss breakdown: energy_per_atom: 6.613619261978338, forces: 9.28340511004534, stress: 0.006656984974223788, 
2026-09-21 13:23:14.638 DEBUG: loss breakdown: energy_per_atom: 0.6618593482053958, forces: 15.834079252917757, stress: 0.0003540243881524926, 
2026-09-21 13:23:14.797 DEBUG: loss breakdown: energy_per_atom: 0.6577110172780256, forces: 15.073146368700579, stress: 0.001307225749873198, 
2026-09-21 13:23:14.938 DEBUG: loss breakdown: energy_per_atom: 0.10968230491260267, forces: 11.489638007853548, stress: 0.00043803400797478784, 
2026-09-21 13:23:15.095 DEBUG: loss breakdown: energy_per_atom: 20.324420972980086, forces: 8.971448092956784, stress: 0.0005286247132467126, 
2026-09-21 13:23:15.248 DEBUG: loss breakdown: energy_per_atom: 0.2743674569896562, forces: 14.850416372778238, stress: 0.0008753182249345566, 
2026-09-21 13:23:15.402 DEBUG: loss breakdown: energy_per_atom: 9.363311179767646, forces: 15.493135909458525, stress: 0.0008461881650389763, 
2026-09-21 13:23:15.543 DEBUG: loss breakdown: energy_per_atom: 35.35306158654413, forces: 40.21580642857358, stress: 0.0007791027030823884, 
2026-09-21 13:23:15.697 DEBUG: loss breakdown: energy_per_atom: 8.42620472081659, forces: 35.290425271126956, stress: 0.0007968176357836532, 
2026-09-21 13:23:15.840 DEBUG: loss breakdown: energy_per_atom: 0.28205817627300545, forces: 19.734099994729128, stress: 0.013185884634970441, 
2026-09-21 13:23:15.994 DEBUG: loss breakdown: energy_per_atom: 0.8256615217204174, forces: 16.019305482599624, stress: 0.0004598499737045969, 
2026-09-21 13:23:16.151 DEBUG: loss breakdown: energy_per_atom: 0.19063865585217402, forces: 32.84687374918581, stress: 0.0014718129456985911, 
2026-09-21 13:23:16.308 DEBUG: loss breakdown: energy_per_atom: 1.3468609937230316, forces: 8.304064151716243, stress: 0.0005670374281519997, 
2026-09-21 13:23:16.441 DEBUG: loss breakdown: energy_per_atom: 0.1961029688356376, forces: 12.137380380004355, stress: 0.003630376026572133, 
2026-09-21 13:23:16.588 DEBUG: loss breakdown: energy_per_atom: 0.2516486066050578, forces: 12.167173290334949, stress: 0.00036620555594749066, 
2026-09-21 13:23:16.737 DEBUG: loss breakdown: energy_per_atom: 3.591423409390635, forces: 65.44082469048705, stress: 0.009994691684588823, 
2026-09-21 13:23:16.865 DEBUG: loss breakdown: energy_per_atom: 0.8267446909116339, forces: 17.24202585535208, stress: 0.0007971909290965089, 
2026-09-21 13:23:16.998 DEBUG: loss breakdown: energy_per_atom: 0.2958185610955386, forces: 23.71166232461623, stress: 0.0004386099179418806, 
2026-09-21 13:23:17.160 DEBUG: loss breakdown: energy_per_atom: 0.4120268900886629, forces: 14.294162712367447, stress: 0.0010296326978541073, 
2026-09-21 13:23:17.319 DEBUG: loss breakdown: energy_per_atom: 0.7933812989066837, forces: 16.2525849427675, stress: 0.00037755213000074744, 
2026-09-21 13:23:17.471 DEBUG: loss breakdown: energy_per_atom: 10.699913112656821, forces: 12.642106924394698, stress: 0.0007359118974878343, 
2026-09-21 13:23:17.616 DEBUG: loss breakdown: energy_per_atom: 0.66032061144448, forces: 17.350948303004746, stress: 0.001543690015292149, 
2026-09-21 13:23:17.745 DEBUG: loss breakdown: energy_per_atom: 5.480066307892224, forces: 37.088805758933404, stress: 0.0012704171250821862, 
2026-09-21 13:23:17.904 DEBUG: loss breakdown: energy_per_atom: 76.19996726003743, forces: 22.83450060253426, stress: 0.0007796590551069969, 
2026-09-21 13:23:18.033 DEBUG: loss breakdown: energy_per_atom: 5.0271076905440815, forces: 7.988696658328928, stress: 0.0010107661057426804, 
2026-09-21 13:23:18.164 DEBUG: loss breakdown: energy_per_atom: 0.10446606806399139, forces: 5.764595132785664, stress: 0.0011453857017155828, 
2026-09-21 13:23:18.303 DEBUG: loss breakdown: energy_per_atom: 4.22322374780355, forces: 9.817256440296639, stress: 0.0012906468128302652, 
2026-09-21 13:23:18.471 DEBUG: loss breakdown: energy_per_atom: 0.13541916768239937, forces: 9.734500425374575, stress: 0.0007835306497126155, 
2026-09-21 13:23:18.621 DEBUG: loss breakdown: energy_per_atom: 41.84865262004911, forces: 12.451235994122573, stress: 0.0004466843887675828, 
2026-09-21 13:23:18.756 DEBUG: loss breakdown: energy_per_atom: 0.36412054272616223, forces: 11.719823615752368, stress: 0.0008032086697175228, 
2026-09-21 13:23:18.896 DEBUG: loss breakdown: energy_per_atom: 8.039050651402341, forces: 17.430774015494528, stress: 0.0007853932508637787, 
2026-09-21 13:23:19.027 DEBUG: loss breakdown: energy_per_atom: 0.7906325953644773, forces: 9.128519431357994, stress: 0.0009955877854654386, 
2026-09-21 13:23:19.171 DEBUG: loss breakdown: energy_per_atom: 0.8399855811816209, forces: 14.320660843560074, stress: 0.0005781586314881194, 
2026-09-21 13:23:19.318 DEBUG: loss breakdown: energy_per_atom: 1.812648379484665, forces: 10.634494179094322, stress: 0.0016724696730178305, 
2026-09-21 13:23:19.470 DEBUG: loss breakdown: energy_per_atom: 2.8603011802244787, forces: 21.228638909711165, stress: 0.0008412972888301942, 
2026-09-21 13:23:19.616 DEBUG: loss breakdown: energy_per_atom: 0.23116011064009978, forces: 11.710348544446546, stress: 0.0009437078186091038, 
2026-09-21 13:23:19.754 DEBUG: loss breakdown: energy_per_atom: 0.9156052336399146, forces: 14.895227511254452, stress: 0.001381553249972638, 
2026-09-21 13:23:19.890 DEBUG: loss breakdown: energy_per_atom: 0.4025469383855147, forces: 16.34827895532058, stress: 0.0011178549145317899, 
2026-09-21 13:23:20.041 DEBUG: loss breakdown: energy_per_atom: 2.964165194182331, forces: 98.45419897335356, stress: 0.000555559586708062, 
2026-09-21 13:23:20.176 DEBUG: loss breakdown: energy_per_atom: 2.9631110225852306, forces: 8.429178178117104, stress: 0.0012445561349942605, 
2026-09-21 13:23:20.324 DEBUG: loss breakdown: energy_per_atom: 0.5220507553773395, forces: 92.53774885458263, stress: 0.0005711940435378931, 
2026-09-21 13:23:20.464 DEBUG: loss breakdown: energy_per_atom: 2.8481615469130497, forces: 7.895605189306071, stress: 0.001857035720977422, 
2026-09-21 13:23:20.605 DEBUG: loss breakdown: energy_per_atom: 0.16260938569019864, forces: 17.324489788364662, stress: 0.0007826739588712825, 
2026-09-21 13:23:20.757 DEBUG: loss breakdown: energy_per_atom: 25.729777982926592, forces: 10.444993489405492, stress: 0.0012360363539758003, 
2026-09-21 13:23:20.916 DEBUG: loss breakdown: energy_per_atom: 2.2183532865010207, forces: 46.9613575100996, stress: 0.006030870309493544, 
2026-09-21 13:23:21.068 DEBUG: loss breakdown: energy_per_atom: 2.457095481656881, forces: 14.083682883933138, stress: 0.0008507219064033479, 
2026-09-21 13:23:21.225 DEBUG: loss breakdown: energy_per_atom: 32.85708196491216, forces: 6.368480346401944, stress: 0.0020300489956537357, 
2026-09-21 13:23:21.375 DEBUG: loss breakdown: energy_per_atom: 47.43268894361341, forces: 14.691678682790924, stress: 0.001067762430725424, 
2026-09-21 13:23:21.509 DEBUG: loss breakdown: energy_per_atom: 0.28567174996165023, forces: 34.1142245585743, stress: 0.0009044943675780746, 
2026-09-21 13:23:21.647 DEBUG: loss breakdown: energy_per_atom: 8.544137603929126, forces: 26.133808922492204, stress: 0.00035847217018613914, 
2026-09-21 13:23:21.799 DEBUG: loss breakdown: energy_per_atom: 0.7449987990358625, forces: 15.059770851890208, stress: 0.008290619410938033, 
2026-09-21 13:23:21.935 DEBUG: loss breakdown: energy_per_atom: 0.4609446810179097, forces: 22.76165139539774, stress: 0.0005816430010211201, 
2026-09-21 13:23:22.079 DEBUG: loss breakdown: energy_per_atom: 0.8766047798569706, forces: 16.065862729540427, stress: 0.0009457227457069265, 
2026-09-21 13:23:22.239 DEBUG: loss breakdown: energy_per_atom: 0.37301629090896166, forces: 16.021442830264764, stress: 0.0007351557602781636, 
2026-09-21 13:23:22.374 DEBUG: loss breakdown: energy_per_atom: 0.2334412188318574, forces: 14.762084602492978, stress: 0.0011103621512443098, 
2026-09-21 13:23:22.522 DEBUG: loss breakdown: energy_per_atom: 0.8289726322607301, forces: 62.61506995489883, stress: 0.008861817347569101, 
2026-09-21 13:23:22.672 DEBUG: loss breakdown: energy_per_atom: 0.06819603256417588, forces: 18.594894845862285, stress: 0.0020443609783972905, 
2026-09-21 13:23:22.820 DEBUG: loss breakdown: energy_per_atom: 1.3362200224637886, forces: 12.084465774448415, stress: 0.0009725351658542317, 
2026-09-21 13:23:22.965 DEBUG: loss breakdown: energy_per_atom: 0.49934289151251166, forces: 20.70036807862571, stress: 0.0012794516553251809, 
2026-09-21 13:23:23.104 DEBUG: loss breakdown: energy_per_atom: 75.16351283129188, forces: 12.95151211842811, stress: 0.000658760479145746, 
2026-09-21 13:23:23.234 DEBUG: loss breakdown: energy_per_atom: 0.17955412175144714, forces: 4.752202433699968, stress: 0.0014416414418236348, 
2026-09-21 13:23:23.387 DEBUG: loss breakdown: energy_per_atom: 0.290404586496552, forces: 17.86846989993672, stress: 0.0012096809679827873, 
2026-09-21 13:23:23.538 DEBUG: loss breakdown: energy_per_atom: 0.32658195814154906, forces: 24.778731241400546, stress: 0.0005908269496530552, 
2026-09-21 13:23:23.688 DEBUG: loss breakdown: energy_per_atom: 27.29489894207972, forces: 8.338999746724006, stress: 0.000598888219008722, 
2026-09-21 13:23:23.817 DEBUG: loss breakdown: energy_per_atom: 0.5524642032066859, forces: 9.821322927710305, stress: 0.00034660867282204643, 
2026-09-21 13:23:23.971 DEBUG: loss breakdown: energy_per_atom: 0.16369259090024268, forces: 10.816648067870602, stress: 0.0006755239358954786, 
2026-09-21 13:23:24.110 DEBUG: loss breakdown: energy_per_atom: 0.26582574664681496, forces: 13.808772009554701, stress: 0.0006084527370256769, 
2026-09-21 13:23:24.245 DEBUG: loss breakdown: energy_per_atom: 0.4302192677816448, forces: 11.218810622320898, stress: 0.0005514692961471547, 
2026-09-21 13:23:24.395 DEBUG: loss breakdown: energy_per_atom: 0.28696792320527786, forces: 14.467401558141479, stress: 0.000615964694106267, 
2026-09-21 13:23:24.564 DEBUG: loss breakdown: energy_per_atom: 1.2080825441492196, forces: 106.32608208919878, stress: 0.0006930600490697062, 
2026-09-21 13:23:24.721 DEBUG: loss breakdown: energy_per_atom: 0.72605321556192, forces: 11.05990262087407, stress: 0.0006603701542423666, 
2026-09-21 13:23:24.850 DEBUG: loss breakdown: energy_per_atom: 0.2324591810906087, forces: 11.413731378196458, stress: 0.0012445830133176973, 
2026-09-21 13:23:24.993 DEBUG: loss breakdown: energy_per_atom: 0.8373400822251047, forces: 9.0012206484128, stress: 0.0007908206332235561, 
2026-09-21 13:23:25.134 DEBUG: loss breakdown: energy_per_atom: 0.18049308399604996, forces: 8.801784642656955, stress: 0.0004048779880047053, 
2026-09-21 13:23:25.282 DEBUG: loss breakdown: energy_per_atom: 0.3138240421423555, forces: 10.455412017215307, stress: 0.0034728299455654313, 
2026-09-21 13:23:25.431 DEBUG: loss breakdown: energy_per_atom: 0.27665048204088155, forces: 16.709038946661224, stress: 0.0036840811517678184, 
2026-09-21 13:23:25.593 DEBUG: loss breakdown: energy_per_atom: 1.1580687177105975, forces: 8.162393684227737, stress: 0.000537577798014321, 
2026-09-21 13:23:25.743 DEBUG: loss breakdown: energy_per_atom: 1.0159793063138485, forces: 23.396769718976728, stress: 0.001146358465349397, 
2026-09-21 13:23:25.879 DEBUG: loss breakdown: energy_per_atom: 0.6702613463939155, forces: 83.87599093255844, stress: 0.00401410726888938, 
2026-09-21 13:23:26.029 DEBUG: loss breakdown: energy_per_atom: 0.6973371756011173, forces: 24.610274338153697, stress: 0.005770805423399786, 
2026-09-21 13:23:26.168 DEBUG: loss breakdown: energy_per_atom: 0.3476471781068201, forces: 20.778047367228737, stress: 0.001495418457010986, 
2026-09-21 13:23:26.295 DEBUG: loss breakdown: energy_per_atom: 3.9679100259843696, forces: 18.23763352618572, stress: 0.0011434939473112206, 
2026-09-21 13:23:26.441 DEBUG: loss breakdown: energy_per_atom: 0.3847142295510255, forces: 7.761991814462478, stress: 0.0006306427193779354, 
2026-09-21 13:23:26.585 DEBUG: loss breakdown: energy_per_atom: 0.4160414683148783, forces: 21.295451565764264, stress: 0.0006904799570599806, 
2026-09-21 13:23:26.727 DEBUG: loss breakdown: energy_per_atom: 0.2622258318550618, forces: 25.768087403788886, stress: 0.004694269984872781, 
2026-09-21 13:23:26.879 DEBUG: loss breakdown: energy_per_atom: 0.3133105417548514, forces: 11.393532339310784, stress: 0.0005897342703576427, 
2026-09-21 13:23:27.035 DEBUG: loss breakdown: energy_per_atom: 0.1833188895331604, forces: 26.04354258042753, stress: 0.0010429054510349115, 
2026-09-21 13:23:27.187 DEBUG: loss breakdown: energy_per_atom: 0.1562335872062736, forces: 8.896826163126963, stress: 0.0006417143872578738, 
2026-09-21 13:23:27.335 DEBUG: loss breakdown: energy_per_atom: 2.8412631198751814, forces: 8.90034368701032, stress: 0.000854945411640415, 
2026-09-21 13:23:27.489 DEBUG: loss breakdown: energy_per_atom: 0.18758028671692156, forces: 12.2245650827373, stress: 0.0009135698530478684, 
2026-09-21 13:23:27.640 DEBUG: loss breakdown: energy_per_atom: 1.6515333771133571, forces: 19.322905854889452, stress: 0.0009822199683514143, 
2026-09-21 13:23:27.769 DEBUG: loss breakdown: energy_per_atom: 0.8262516301126823, forces: 17.548310301502713, stress: 0.0009595227375024134, 
2026-09-21 13:23:27.916 DEBUG: loss breakdown: energy_per_atom: 0.19525558727955925, forces: 14.893276984051559, stress: 0.0011336315779949839, 
2026-09-21 13:23:28.071 DEBUG: loss breakdown: energy_per_atom: 9.028032797397195, forces: 15.691255318502797, stress: 0.0005119254655317355, 
2026-09-21 13:23:28.234 DEBUG: loss breakdown: energy_per_atom: 0.2847902984247542, forces: 10.534220451584286, stress: 0.0009761736717789064, 
2026-09-21 13:23:28.382 DEBUG: loss breakdown: energy_per_atom: 0.5868578955203777, forces: 8.799040077780614, stress: 0.0004534133331797339, 
2026-09-21 13:23:28.522 DEBUG: loss breakdown: energy_per_atom: 0.7988234878473512, forces: 31.573932339355242, stress: 0.0008737239465570872, 
2026-09-21 13:23:28.670 DEBUG: loss breakdown: energy_per_atom: 12.095439883953098, forces: 14.375030010436415, stress: 0.000703687491413143, 
2026-09-21 13:23:28.813 DEBUG: loss breakdown: energy_per_atom: 0.2016628485740678, forces: 73.25481935570983, stress: 0.00068598815744068, 
2026-09-21 13:23:28.964 DEBUG: loss breakdown: energy_per_atom: 0.6244093595505824, forces: 21.7163173153528, stress: 0.001005437020657029, 
2026-09-21 13:23:29.096 DEBUG: loss breakdown: energy_per_atom: 1.3095285862659911, forces: 15.539136513623191, stress: 0.0006065623353943964, 
2026-09-21 13:23:29.234 DEBUG: loss breakdown: energy_per_atom: 4.231062081902278, forces: 68.05555180241267, stress: 0.0006835170659068752, 
2026-09-21 13:23:29.383 DEBUG: loss breakdown: energy_per_atom: 2.5564480806386265, forces: 15.235751021225822, stress: 0.0010253846594641958, 
2026-09-21 13:23:29.526 DEBUG: loss breakdown: energy_per_atom: 0.8034121772668008, forces: 13.349994577686816, stress: 0.0014279487812849146, 
2026-09-21 13:23:29.650 DEBUG: loss breakdown: energy_per_atom: 6.5663672697208835, forces: 29.385770208784812, stress: 0.0007442863467962062, 
2026-09-21 13:23:29.784 DEBUG: loss breakdown: energy_per_atom: 0.41633825941479974, forces: 141.0101723343253, stress: 0.0057977309094490335, 
2026-09-21 13:23:29.933 DEBUG: loss breakdown: energy_per_atom: 15.46206881820266, forces: 30.298993874745694, stress: 0.0003495448298452895, 
2026-09-21 13:23:30.067 DEBUG: loss breakdown: energy_per_atom: 11.176184282609874, forces: 6.75526997959244, stress: 0.00044629843683522124, 
2026-09-21 13:23:30.205 DEBUG: loss breakdown: energy_per_atom: 0.2840739956759778, forces: 22.82846327758913, stress: 0.0005369285152106056, 
2026-09-21 13:23:30.357 DEBUG: loss breakdown: energy_per_atom: 0.24329471515119652, forces: 15.684423238227124, stress: 0.00036523819024639924, 
2026-09-21 13:23:30.509 DEBUG: loss breakdown: energy_per_atom: 0.8413380497035177, forces: 60.76866131258413, stress: 0.0035068406001723396, 
2026-09-21 13:23:30.668 DEBUG: loss breakdown: energy_per_atom: 2.2211967257695724, forces: 15.118842857837695, stress: 0.0008064367491037532, 
2026-09-21 13:23:30.818 DEBUG: loss breakdown: energy_per_atom: 26.637822367741013, forces: 60.50505475007304, stress: 0.0007262272543887035, 
2026-09-21 13:23:30.963 DEBUG: loss breakdown: energy_per_atom: 0.6355574309808353, forces: 7.91143189731474, stress: 0.0062758515446762345, 
2026-09-21 13:23:31.109 DEBUG: loss breakdown: energy_per_atom: 0.36582619842934627, forces: 21.765804097205667, stress: 0.0011067423085038336, 
2026-09-21 13:23:31.248 DEBUG: loss breakdown: energy_per_atom: 0.603725891434953, forces: 25.132900291888266, stress: 0.000674878396516694, 
2026-09-21 13:23:31.379 DEBUG: loss breakdown: energy_per_atom: 25.077893206954325, forces: 23.35793796764674, stress: 0.000920210588298803, 
2026-09-21 13:23:31.527 DEBUG: loss breakdown: energy_per_atom: 0.3184406766137313, forces: 17.330647272827676, stress: 0.0010546485452107039, 
2026-09-21 13:23:31.672 DEBUG: loss breakdown: energy_per_atom: 0.28673443172156443, forces: 11.901555014052732, stress: 0.001150821753509343, 
2026-09-21 13:23:31.811 DEBUG: loss breakdown: energy_per_atom: 1.005339405001902, forces: 15.648399361536994, stress: 0.0007191439784117837, 
2026-09-21 13:23:31.937 DEBUG: loss breakdown: energy_per_atom: 0.23012143704093013, forces: 7.810488609285395, stress: 0.0011270301626373376, 
2026-09-21 13:23:32.060 DEBUG: loss breakdown: energy_per_atom: 14.940247563328425, forces: 85.90521381099036, stress: 0.0010748191756172303, 
2026-09-21 13:23:32.188 DEBUG: loss breakdown: energy_per_atom: 2.030836677132797, forces: 11.482099385640943, stress: 0.0007849974506808885, 
2026-09-21 13:23:32.319 DEBUG: loss breakdown: energy_per_atom: 0.1285151184270911, forces: 12.431004024620522, stress: 0.0006979240798432343, 
2026-09-21 13:23:32.447 DEBUG: loss breakdown: energy_per_atom: 0.3424583656043011, forces: 15.093840671178413, stress: 0.0007989150322019324, 
2026-09-21 13:23:32.583 DEBUG: loss breakdown: energy_per_atom: 9.498494716362293, forces: 24.844861056200095, stress: 0.0011913403478374805, 
2026-09-21 13:23:32.733 DEBUG: loss breakdown: energy_per_atom: 0.45566433595268807, forces: 8.018575877766008, stress: 0.0010919541441700546, 
2026-09-21 13:23:32.884 DEBUG: loss breakdown: energy_per_atom: 0.20102567824104903, forces: 21.00611276240199, stress: 0.004114200854815686, 
2026-09-21 13:23:33.020 DEBUG: loss breakdown: energy_per_atom: 0.9195936335674969, forces: 9.498457812551237, stress: 0.0008379740559592175, 
2026-09-21 13:23:33.153 DEBUG: loss breakdown: energy_per_atom: 0.7082550167441466, forces: 23.022227581179912, stress: 0.0006446824022040741, 
2026-09-21 13:23:33.283 DEBUG: loss breakdown: energy_per_atom: 0.3540991289179069, forces: 13.97065163223715, stress: 0.0011756771323161506, 
2026-09-21 13:23:33.431 DEBUG: loss breakdown: energy_per_atom: 2.778073699752419, forces: 10.41237229310882, stress: 0.0011616782640084702, 
2026-09-21 13:23:33.572 DEBUG: loss breakdown: energy_per_atom: 9.2336782532046, forces: 8.684210300564118, stress: 0.001345932841083656, 
2026-09-21 13:23:33.715 DEBUG: loss breakdown: energy_per_atom: 0.5312312901604117, forces: 5.444576258446353, stress: 0.001707548499669377, 
2026-09-21 13:23:33.846 DEBUG: loss breakdown: energy_per_atom: 0.4831796754322828, forces: 20.808638681032672, stress: 0.0016207996591913918, 
2026-09-21 13:23:33.980 DEBUG: loss breakdown: energy_per_atom: 0.3917204802503238, forces: 9.884232317227832, stress: 0.001653260080294862, 
2026-09-21 13:23:34.134 DEBUG: loss breakdown: energy_per_atom: 0.47142863542138436, forces: 19.674955306776955, stress: 0.0014131143181571226, 
2026-09-21 13:23:34.271 DEBUG: loss breakdown: energy_per_atom: 0.9503836748280378, forces: 9.207689630216041, stress: 0.0013626240982669005, 
2026-09-21 13:23:34.404 DEBUG: loss breakdown: energy_per_atom: 0.5508873219947096, forces: 25.064579781570128, stress: 0.0007663748386863615, 
2026-09-21 13:23:34.535 DEBUG: loss breakdown: energy_per_atom: 2.2863625605752693, forces: 11.592788660087795, stress: 0.005021176907949606, 
2026-09-21 13:23:34.667 DEBUG: loss breakdown: energy_per_atom: 0.4269607869204256, forces: 20.421856400238, stress: 0.0012193522981178652, 
2026-09-21 13:23:34.829 DEBUG: loss breakdown: energy_per_atom: 0.6528331435440173, forces: 20.198151966897644, stress: 0.0018304352929313953, 
2026-09-21 13:23:34.974 DEBUG: loss breakdown: energy_per_atom: 9.994337326132893, forces: 25.67378516712489, stress: 0.0015467158580787382, 
2026-09-21 13:23:35.141 DEBUG: loss breakdown: energy_per_atom: 0.5980865169555938, forces: 11.60276287649731, stress: 0.00209404972196099, 
2026-09-21 13:23:35.281 DEBUG: loss breakdown: energy_per_atom: 0.5936649730842344, forces: 30.115466333057245, stress: 0.002762990565158249, 
2026-09-21 13:23:35.409 DEBUG: loss breakdown: energy_per_atom: 0.8157212293653298, forces: 9.648468739454362, stress: 0.0026668849487097336, 
2026-09-21 13:23:35.548 DEBUG: loss breakdown: energy_per_atom: 0.6964932235264458, forces: 15.55589810224218, stress: 0.002316841809242307, 
2026-09-21 13:23:35.681 DEBUG: loss breakdown: energy_per_atom: 2.1958358195680097, forces: 15.019511623186377, stress: 0.0009053787175721305, 
2026-09-21 13:23:35.838 DEBUG: loss breakdown: energy_per_atom: 0.5480194028606562, forces: 17.515972878844437, stress: 0.000938955583468751, 
2026-09-21 13:23:35.988 DEBUG: loss breakdown: energy_per_atom: 9.77772113795471, forces: 20.09794721407753, stress: 0.000802626569458233, 
2026-09-21 13:23:36.127 DEBUG: loss breakdown: energy_per_atom: 0.5945427070660384, forces: 5.349301217135407, stress: 0.0006845940127605136, 
2026-09-21 13:23:36.270 DEBUG: loss breakdown: energy_per_atom: 1.0742008702956065, forces: 13.882084692515049, stress: 0.0008632207600201325, 
2026-09-21 13:23:36.418 DEBUG: loss breakdown: energy_per_atom: 4.368944775482989, forces: 25.984725585761293, stress: 0.001023970566946626, 
2026-09-21 13:23:36.559 DEBUG: loss breakdown: energy_per_atom: 0.7801846787376411, forces: 17.28940304779902, stress: 0.0009780128310718044, 
2026-09-21 13:23:36.697 DEBUG: loss breakdown: energy_per_atom: 0.2325179061373239, forces: 39.04158061455867, stress: 0.0005751468015535081, 
2026-09-21 13:23:36.824 DEBUG: loss breakdown: energy_per_atom: 1.5579456898875463, forces: 19.143873615616585, stress: 0.0011988120864713093, 
2026-09-21 13:23:36.962 DEBUG: loss breakdown: energy_per_atom: 3.737086183464029, forces: 44.02150336619401, stress: 0.007954886103843213, 
2026-09-21 13:23:37.094 DEBUG: loss breakdown: energy_per_atom: 1.972629502353085, forces: 37.3189350184974, stress: 0.0024690634437847647, 
2026-09-21 13:23:37.247 DEBUG: loss breakdown: energy_per_atom: 6.002556415735922, forces: 32.82400318191745, stress: 0.0009337337653630508, 
2026-09-21 13:23:37.396 DEBUG: loss breakdown: energy_per_atom: 0.9362633163149721, forces: 21.08838174412215, stress: 0.001007306774604849, 
2026-09-21 13:23:37.541 DEBUG: loss breakdown: energy_per_atom: 0.4620368176795626, forces: 10.81355876237225, stress: 0.0008854057907023053, 
2026-09-21 13:23:37.679 DEBUG: loss breakdown: energy_per_atom: 20.931809251856492, forces: 67.17098105329178, stress: 0.0006108224181293607, 
2026-09-21 13:23:37.840 DEBUG: loss breakdown: energy_per_atom: 3.172133683387641, forces: 18.770962590651823, stress: 0.0016722259621283723, 
2026-09-21 13:23:37.985 DEBUG: loss breakdown: energy_per_atom: 1.7683688980607017, forces: 18.016087873921567, stress: 0.0011607063198716089, 
2026-09-21 13:23:38.119 DEBUG: loss breakdown: energy_per_atom: 0.24709303374676214, forces: 53.04719731890696, stress: 0.004873094335005021, 
2026-09-21 13:23:38.272 DEBUG: loss breakdown: energy_per_atom: 0.80854836555544, forces: 20.163170579375855, stress: 0.0018710427736141682, 
2026-09-21 13:23:38.423 DEBUG: loss breakdown: energy_per_atom: 0.2696843407496081, forces: 14.3194951192998, stress: 0.001050875760416882, 
2026-09-21 13:23:38.575 DEBUG: loss breakdown: energy_per_atom: 0.23958855528175502, forces: 14.362796666037655, stress: 0.0016557664129462813, 
2026-09-21 13:23:38.737 DEBUG: loss breakdown: energy_per_atom: 0.31850335578036576, forces: 14.289085914794414, stress: 0.0014045697561549761, 
2026-09-21 13:23:38.896 DEBUG: loss breakdown: energy_per_atom: 1.2616510308155562, forces: 21.381458631221992, stress: 0.0010726090863370308, 
2026-09-21 13:23:39.036 DEBUG: loss breakdown: energy_per_atom: 4.807467210274539, forces: 15.246621453292958, stress: 0.0011151018916882834, 
2026-09-21 13:23:39.181 DEBUG: loss breakdown: energy_per_atom: 0.32700723648498875, forces: 8.585090078541766, stress: 0.0009126250923711796, 
2026-09-21 13:23:39.321 DEBUG: loss breakdown: energy_per_atom: 0.22646672600278195, forces: 15.857198612962916, stress: 0.0007049994997992749, 
2026-09-21 13:23:39.522 DEBUG: loss breakdown: energy_per_atom: 1.9454489369457184, forces: 10.922500903084925, stress: 0.000544331331459575, 
2026-09-21 13:23:39.673 DEBUG: loss breakdown: energy_per_atom: 3.719311729250708, forces: 9.030520412052844, stress: 0.0005390722521570619, 
2026-09-21 13:23:39.827 DEBUG: loss breakdown: energy_per_atom: 1.718922899130864, forces: 21.907847409390527, stress: 0.0006782851052628712, 
2026-09-21 13:23:39.966 DEBUG: loss breakdown: energy_per_atom: 0.2792398525251548, forces: 18.3332650857749, stress: 0.0008269931326262799, 
2026-09-21 13:23:40.113 DEBUG: loss breakdown: energy_per_atom: 0.3201438118005412, forces: 13.467339680182262, stress: 0.0007304138379359199, 
2026-09-21 13:23:40.254 DEBUG: loss breakdown: energy_per_atom: 1.059660913414424, forces: 16.394834498308093, stress: 0.0012662617255973184, 
2026-09-21 13:23:40.396 DEBUG: loss breakdown: energy_per_atom: 0.19545061665092972, forces: 9.441102712918344, stress: 0.0017688172989044825, 
2026-09-21 13:23:40.543 DEBUG: loss breakdown: energy_per_atom: 0.6841468542110305, forces: 7.671874839334782, stress: 0.001019404948627715, 
2026-09-21 13:23:40.698 DEBUG: loss breakdown: energy_per_atom: 0.2987778001685227, forces: 10.8435620053228, stress: 0.000903692082334262, 
2026-09-21 13:23:40.842 DEBUG: loss breakdown: energy_per_atom: 3.505228059347767, forces: 18.49956775332042, stress: 0.000842572645975533, 
2026-09-21 13:23:40.989 DEBUG: loss breakdown: energy_per_atom: 0.22979933079421536, forces: 17.141219111733857, stress: 0.0010162921747393628, 
2026-09-21 13:23:41.120 DEBUG: loss breakdown: energy_per_atom: 3.6925504051002345, forces: 10.559862125013733, stress: 0.0010335460855197603, 
2026-09-21 13:23:41.248 DEBUG: loss breakdown: energy_per_atom: 0.17277828781481033, forces: 13.09304775844662, stress: 0.0017727143186827231, 
2026-09-21 13:23:41.379 DEBUG: loss breakdown: energy_per_atom: 0.8965350988192157, forces: 22.426212599327574, stress: 0.0007961255743370655, 
2026-09-21 13:23:41.518 DEBUG: loss breakdown: energy_per_atom: 3.6248232454010774, forces: 19.503879934305033, stress: 0.0013122930908562851, 
2026-09-21 13:23:41.652 DEBUG: loss breakdown: energy_per_atom: 0.1988956936660517, forces: 5.333946421621262, stress: 0.0009495521510287248, 
2026-09-21 13:23:41.780 DEBUG: loss breakdown: energy_per_atom: 5.425292419747331, forces: 19.467198030505383, stress: 0.0011539760069946428, 
2026-09-21 13:23:41.921 DEBUG: loss breakdown: energy_per_atom: 1.2107245276036738, forces: 23.988600963234923, stress: 0.0016024534258111784, 
2026-09-21 13:23:42.055 DEBUG: loss breakdown: energy_per_atom: 0.1605093996348395, forces: 26.288528379759278, stress: 0.0022162179997264808, 
2026-09-21 13:23:42.208 DEBUG: loss breakdown: energy_per_atom: 0.14207976554206483, forces: 5.824807464999241, stress: 0.0009580349087422693, 
2026-09-21 13:23:42.360 DEBUG: loss breakdown: energy_per_atom: 9.09702241442711, forces: 9.178826275502763, stress: 0.0013342714732208377, 
2026-09-21 13:23:42.504 DEBUG: loss breakdown: energy_per_atom: 8.461330855280377, forces: 11.3748865664593, stress: 0.0009226714867403266, 
2026-09-21 13:23:42.651 DEBUG: loss breakdown: energy_per_atom: 0.26181068080237063, forces: 10.433766767253678, stress: 0.0014988785335210046, 
2026-09-21 13:23:42.806 DEBUG: loss breakdown: energy_per_atom: 1.4156671121665938, forces: 14.39756932269213, stress: 0.0011783626493134863, 
2026-09-21 13:23:42.950 DEBUG: loss breakdown: energy_per_atom: 3.4245896431923475, forces: 11.732693418425848, stress: 0.0007437733095921494, 
2026-09-21 13:23:43.082 DEBUG: loss breakdown: energy_per_atom: 0.5029973748586336, forces: 155.28820618360996, stress: 0.0017578332144283643, 
2026-09-21 13:23:43.224 DEBUG: loss breakdown: energy_per_atom: 0.44960652652829647, forces: 16.842042138214314, stress: 0.0008538704236709903, 
2026-09-21 13:23:43.394 DEBUG: loss breakdown: energy_per_atom: 6.869720631984256, forces: 20.5006677384058, stress: 0.001301677937711929, 
2026-09-21 13:23:43.549 DEBUG: loss breakdown: energy_per_atom: 1.5771334849765346, forces: 49.04922031678706, stress: 0.0011987609869670726, 
2026-09-21 13:23:43.707 DEBUG: loss breakdown: energy_per_atom: 35.69410307717802, forces: 8.542408301989436, stress: 0.0009030841586733179, 
2026-09-21 13:23:43.844 DEBUG: loss breakdown: energy_per_atom: 0.5377507985494905, forces: 18.122184119613284, stress: 0.007767284873962917, 
2026-09-21 13:23:43.981 DEBUG: loss breakdown: energy_per_atom: 5.358185860386319, forces: 15.09905879027439, stress: 0.0008074620544893581, 
2026-09-21 13:23:44.138 DEBUG: loss breakdown: energy_per_atom: 0.2587085947468076, forces: 36.82502080025836, stress: 0.00098704944016341, 
2026-09-21 13:23:44.270 DEBUG: loss breakdown: energy_per_atom: 6.563429006559542, forces: 18.48404725790345, stress: 0.0013722095146113155, 
2026-09-21 13:23:44.437 DEBUG: loss breakdown: energy_per_atom: 0.47062458382095046, forces: 15.041206236098958, stress: 0.0013961210610888243, 
2026-09-21 13:23:44.595 DEBUG: loss breakdown: energy_per_atom: 0.3201443453633323, forces: 24.441258149157136, stress: 0.001803887906637697, 
2026-09-21 13:23:44.741 DEBUG: loss breakdown: energy_per_atom: 0.45603753597760854, forces: 9.463772446128088, stress: 0.0015107261132760346, 
2026-09-21 13:23:44.884 DEBUG: loss breakdown: energy_per_atom: 7.771846002100001, forces: 10.547683822069835, stress: 0.008621554470569956, 
2026-09-21 13:23:45.017 DEBUG: loss breakdown: energy_per_atom: 13.014091192033051, forces: 6.77596574118082, stress: 0.0006352981144285864, 
2026-09-21 13:23:45.166 DEBUG: loss breakdown: energy_per_atom: 0.2576430138099086, forces: 8.466394942058871, stress: 0.0006880120208678506, 
2026-09-21 13:23:45.311 DEBUG: loss breakdown: energy_per_atom: 1.4617297697465519, forces: 9.407804067742331, stress: 0.0005505349754615226, 
2026-09-21 13:23:45.458 DEBUG: loss breakdown: energy_per_atom: 11.49866618533867, forces: 9.406420391355685, stress: 0.0006513608744921524, 
2026-09-21 13:23:45.613 DEBUG: loss breakdown: energy_per_atom: 1.2295332316154781, forces: 9.819828203552577, stress: 0.001456492756278261, 
2026-09-21 13:23:45.771 DEBUG: loss breakdown: energy_per_atom: 2.9054380817001504, forces: 8.234987111847538, stress: 0.0010341286603437788, 
2026-09-21 13:23:45.915 DEBUG: loss breakdown: energy_per_atom: 0.7150898287935986, forces: 16.815420259706077, stress: 0.0008364053882418618, 
2026-09-21 13:23:46.057 DEBUG: loss breakdown: energy_per_atom: 7.106054167145216, forces: 13.183847100865187, stress: 0.0016315952375859724, 
2026-09-21 13:23:46.195 DEBUG: loss breakdown: energy_per_atom: 0.3656655169355616, forces: 25.49825556009609, stress: 0.001011345680311865, 
2026-09-21 13:23:46.348 DEBUG: loss breakdown: energy_per_atom: 2.619954700207157, forces: 18.931196727691336, stress: 0.0050879015215802076, 
2026-09-21 13:23:46.489 DEBUG: loss breakdown: energy_per_atom: 1.4574944650246118, forces: 21.344469978632883, stress: 0.0011881700346053987, 
2026-09-21 13:23:46.615 DEBUG: loss breakdown: energy_per_atom: 6.713907465242343, forces: 27.269913050747263, stress: 0.0018351824242153877, 
2026-09-21 13:23:46.752 DEBUG: loss breakdown: energy_per_atom: 0.3695515265262358, forces: 16.559747806534006, stress: 0.00039352212654987186, 
2026-09-21 13:23:46.884 DEBUG: loss breakdown: energy_per_atom: 0.15422233833651813, forces: 18.882521103157877, stress: 0.0006960967752727955, 
2026-09-21 13:23:47.015 DEBUG: loss breakdown: energy_per_atom: 23.155712688200765, forces: 10.232315747718857, stress: 0.0005774416814411185, 
2026-09-21 13:23:47.158 DEBUG: loss breakdown: energy_per_atom: 10.593838380670295, forces: 15.121971373121115, stress: 0.0008250517200224218, 
2026-09-21 13:23:47.307 DEBUG: loss breakdown: energy_per_atom: 0.5022668539198573, forces: 18.438819430346154, stress: 0.0005172158045309633, 
2026-09-21 13:23:47.454 DEBUG: loss breakdown: energy_per_atom: 0.13367974680548897, forces: 26.179799376950903, stress: 0.0012251867243139704, 
2026-09-21 13:23:47.602 DEBUG: loss breakdown: energy_per_atom: 0.36707102452440077, forces: 12.955613199190557, stress: 0.001260456888727807, 
2026-09-21 13:23:47.752 DEBUG: loss breakdown: energy_per_atom: 0.17824943527609266, forces: 15.468027291084088, stress: 0.0006752461377081885, 
2026-09-21 13:23:47.907 DEBUG: loss breakdown: energy_per_atom: 0.5132146957312698, forces: 19.34537015287604, stress: 0.0012133296099692598, 
2026-09-21 13:23:48.031 DEBUG: loss breakdown: energy_per_atom: 1.1590183629549637, forces: 13.123879495685022, stress: 0.0005699613842709433, 
2026-09-21 13:23:48.167 DEBUG: loss breakdown: energy_per_atom: 3.66311425710364, forces: 7.531435223548715, stress: 0.0035629867318165837, 
2026-09-21 13:23:48.298 DEBUG: loss breakdown: energy_per_atom: 13.859907926216996, forces: 18.18756713735165, stress: 0.0008417710556630727, 
2026-09-21 13:23:48.435 DEBUG: loss breakdown: energy_per_atom: 0.2873277548390331, forces: 37.09931682354228, stress: 0.0006999011528038297, 
2026-09-21 13:23:48.583 DEBUG: loss breakdown: energy_per_atom: 0.20135155437220076, forces: 11.25833398524621, stress: 0.0009828436984763353, 
2026-09-21 13:23:48.706 DEBUG: loss breakdown: energy_per_atom: 1.7146203115683785, forces: 12.199114697909952, stress: 0.000477225622672177, 
2026-09-21 13:23:48.841 DEBUG: loss breakdown: energy_per_atom: 0.9352381030521908, forces: 5.7475138172871985, stress: 0.0007042423235870533, 
2026-09-21 13:23:48.986 DEBUG: loss breakdown: energy_per_atom: 1.809859291310675, forces: 70.88610146348535, stress: 0.0006738224195045471, 
2026-09-21 13:23:49.127 DEBUG: loss breakdown: energy_per_atom: 0.4054243510478848, forces: 12.379067359308763, stress: 0.0011151890646859972, 
2026-09-21 13:23:49.274 DEBUG: loss breakdown: energy_per_atom: 0.4363715557995672, forces: 22.695475803014023, stress: 0.0007749935907642148, 
2026-09-21 13:23:49.429 DEBUG: loss breakdown: energy_per_atom: 0.19105204916399027, forces: 17.73874184819056, stress: 0.0005825040457866125, 
2026-09-21 13:23:49.583 DEBUG: loss breakdown: energy_per_atom: 8.296913441554834, forces: 15.858890792393726, stress: 0.0008324183195895373, 
2026-09-21 13:23:49.724 DEBUG: loss breakdown: energy_per_atom: 0.6409786951171788, forces: 12.52007472063962, stress: 0.000899298317000529, 
2026-09-21 13:23:49.872 DEBUG: loss breakdown: energy_per_atom: 0.1823856106218167, forces: 36.15942902859916, stress: 0.0006908245575626789, 
2026-09-21 13:23:50.028 DEBUG: loss breakdown: energy_per_atom: 0.28394931572267423, forces: 36.360910788049786, stress: 0.0006116232823242967, 
2026-09-21 13:23:50.153 DEBUG: loss breakdown: energy_per_atom: 0.5646711734733837, forces: 20.226468769227488, stress: 0.0006848474109435772, 
2026-09-21 13:23:50.286 DEBUG: loss breakdown: energy_per_atom: 5.993097876080138, forces: 22.280146289930958, stress: 0.0003288876086372795, 
2026-09-21 13:23:50.449 DEBUG: loss breakdown: energy_per_atom: 0.31735795841134307, forces: 13.42259464214467, stress: 0.0014306922102900483, 
2026-09-21 13:23:50.599 DEBUG: loss breakdown: energy_per_atom: 1.7308581215128145, forces: 9.376423140194499, stress: 0.0009049667567779884, 
2026-09-21 13:23:50.742 DEBUG: loss breakdown: energy_per_atom: 1.6486242070157795, forces: 13.804981743819871, stress: 0.0007776844637486141, 
2026-09-21 13:23:50.892 DEBUG: loss breakdown: energy_per_atom: 0.8979807074273264, forces: 19.999286185918542, stress: 0.0021440585523390177, 
2026-09-21 13:23:51.029 DEBUG: loss breakdown: energy_per_atom: 1.3363607106486413, forces: 22.630782175122285, stress: 0.000685794344320945, 
2026-09-21 13:23:51.183 DEBUG: loss breakdown: energy_per_atom: 85.97531624556001, forces: 18.487493800016857, stress: 0.006058440801791642, 
2026-09-21 13:23:51.313 DEBUG: loss breakdown: energy_per_atom: 5.133870145824644, forces: 10.096198352794723, stress: 0.0005399416337727833, 
2026-09-21 13:23:51.440 DEBUG: loss breakdown: energy_per_atom: 14.3606307859335, forces: 47.4546034354754, stress: 0.0011082964553030552, 
2026-09-21 13:23:51.565 DEBUG: loss breakdown: energy_per_atom: 0.5747398332520398, forces: 9.593403469755932, stress: 0.00068589208528205, 
2026-09-21 13:23:51.689 DEBUG: loss breakdown: energy_per_atom: 0.17393665786215262, forces: 25.267547093765963, stress: 0.0008406865967070758, 
2026-09-21 13:23:51.824 DEBUG: loss breakdown: energy_per_atom: 0.18952616759056257, forces: 33.93529968592824, stress: 0.0011373283899606553, 
2026-09-21 13:23:51.956 DEBUG: loss breakdown: energy_per_atom: 0.19281662846858122, forces: 9.0154238822007, stress: 0.0008824554139460493, 
2026-09-21 13:23:52.099 DEBUG: loss breakdown: energy_per_atom: 0.890706493185847, forces: 20.58481310611706, stress: 0.0009113421561366775, 
2026-09-21 13:23:52.241 DEBUG: loss breakdown: energy_per_atom: 0.9559587814639239, forces: 5.929440456504607, stress: 0.0008385265760757971, 
2026-09-21 13:23:52.373 DEBUG: loss breakdown: energy_per_atom: 0.567682676090451, forces: 30.779573104816738, stress: 0.0005054415639100641, 
2026-09-21 13:23:52.523 DEBUG: loss breakdown: energy_per_atom: 0.41261456006304265, forces: 9.455707870148055, stress: 0.009325538956467174, 
2026-09-21 13:23:52.665 DEBUG: loss breakdown: energy_per_atom: 1.7018207755685275, forces: 15.879273617143388, stress: 0.0008140216825627488, 
2026-09-21 13:23:52.806 DEBUG: loss breakdown: energy_per_atom: 0.2537053797205258, forces: 11.142504172597354, stress: 0.0010966233590780153, 
2026-09-21 13:23:52.951 DEBUG: loss breakdown: energy_per_atom: 0.18967751277269046, forces: 9.391751881301232, stress: 0.0008707910691893323, 
2026-09-21 13:23:53.090 DEBUG: loss breakdown: energy_per_atom: 11.505786676038243, forces: 86.8767377009501, stress: 0.0010494777911475908, 
2026-09-21 13:23:53.224 DEBUG: loss breakdown: energy_per_atom: 0.3301822221267201, forces: 12.162479432596273, stress: 0.0012294590379004692, 
2026-09-21 13:23:53.363 DEBUG: loss breakdown: energy_per_atom: 1.654624137791741, forces: 12.456052484582834, stress: 0.0005379339112258286, 
2026-09-21 13:23:53.495 DEBUG: loss breakdown: energy_per_atom: 1.0816709563719655, forces: 15.960951813303298, stress: 0.0053808047840096275, 
2026-09-21 13:23:53.621 DEBUG: loss breakdown: energy_per_atom: 0.4889572785883064, forces: 14.680337663869123, stress: 0.005364189963550731, 
2026-09-21 13:23:53.754 DEBUG: loss breakdown: energy_per_atom: 0.5472538387455533, forces: 9.612400587124212, stress: 0.0007018877095929499, 
2026-09-21 13:23:53.902 DEBUG: loss breakdown: energy_per_atom: 0.17618834251262552, forces: 21.985443763544314, stress: 0.0006641927739153374, 
2026-09-21 13:23:54.057 DEBUG: loss breakdown: energy_per_atom: 0.17491896209122312, forces: 13.39347880528034, stress: 0.0006791337082280136, 
2026-09-21 13:23:54.199 DEBUG: loss breakdown: energy_per_atom: 0.501030093936606, forces: 18.551368733404242, stress: 0.00187766576081402, 
2026-09-21 13:23:54.352 DEBUG: loss breakdown: energy_per_atom: 84.31309369099992, forces: 19.23460834464925, stress: 0.004963032924543902, 
2026-09-21 13:23:54.483 DEBUG: loss breakdown: energy_per_atom: 0.875052919008535, forces: 30.77797147464286, stress: 0.0008038833624537234, 
2026-09-21 13:23:54.622 DEBUG: loss breakdown: energy_per_atom: 0.704819838897914, forces: 65.70982612830566, stress: 0.005720668469370973, 
2026-09-21 13:23:54.778 DEBUG: loss breakdown: energy_per_atom: 1.1232424573561914, forces: 20.871044171807725, stress: 0.007637700009920932, 
2026-09-21 13:23:54.932 DEBUG: loss breakdown: energy_per_atom: 0.4920912869228573, forces: 15.468355671636333, stress: 0.0008996864627511347, 
2026-09-21 13:23:55.083 DEBUG: loss breakdown: energy_per_atom: 0.1703807398766982, forces: 12.804263989741202, stress: 0.0012510223601132507, 
2026-09-21 13:23:55.231 DEBUG: loss breakdown: energy_per_atom: 17.991292207670043, forces: 10.990639528131496, stress: 0.004039846831543213, 
2026-09-21 13:23:55.387 DEBUG: loss breakdown: energy_per_atom: 0.4127632290877762, forces: 8.28071450869339, stress: 0.0010405879566418525, 
2026-09-21 13:23:55.521 DEBUG: loss breakdown: energy_per_atom: 13.862581713001166, forces: 23.6125586284833, stress: 0.0007976717074708115, 
2026-09-21 13:23:55.682 DEBUG: loss breakdown: energy_per_atom: 0.1713224339569394, forces: 14.191495093062667, stress: 0.0008334486488955495, 
2026-09-21 13:23:55.818 DEBUG: loss breakdown: energy_per_atom: 0.5397700975392205, forces: 10.921729310800588, stress: 0.004818885456253499, 
2026-09-21 13:23:55.967 DEBUG: loss breakdown: energy_per_atom: 0.4541754361803735, forces: 6.469094412479855, stress: 0.0009334156710541046, 
2026-09-21 13:23:56.112 DEBUG: loss breakdown: energy_per_atom: 0.7142818628849635, forces: 14.693409266376376, stress: 0.0013248192309804371, 
2026-09-21 13:23:56.247 DEBUG: loss breakdown: energy_per_atom: 0.8363898597781255, forces: 11.940900621740704, stress: 0.0010464818780427376, 
2026-09-21 13:23:56.390 DEBUG: loss breakdown: energy_per_atom: 0.19650784952339362, forces: 12.122904791845153, stress: 0.0009087081844674145, 
2026-09-21 13:23:56.531 DEBUG: loss breakdown: energy_per_atom: 0.17553049122586223, forces: 26.746184116651516, stress: 0.0014456378576267132, 
2026-09-21 13:23:56.682 DEBUG: loss breakdown: energy_per_atom: 2.91316838275018, forces: 3.719091054042478, stress: 0.0010317418949355446, 
2026-09-21 13:23:56.851 DEBUG: loss breakdown: energy_per_atom: 0.6838832062661622, forces: 17.737222238269002, stress: 0.0008911144738714088, 
2026-09-21 13:23:56.995 DEBUG: loss breakdown: energy_per_atom: 4.7047842748378335, forces: 30.480390737800246, stress: 0.0005855068049093636, 
2026-09-21 13:23:57.131 DEBUG: loss breakdown: energy_per_atom: 0.8461420960160473, forces: 15.345921112444897, stress: 0.0023543225162954563, 
2026-09-21 13:23:57.278 DEBUG: loss breakdown: energy_per_atom: 1.9641713538208092, forces: 18.77580613563318, stress: 0.0005073881112153943, 
2026-09-21 13:23:57.425 DEBUG: loss breakdown: energy_per_atom: 0.3134566296781466, forces: 15.706314560542973, stress: 0.0007267612275640247, 
2026-09-21 13:23:57.581 DEBUG: loss breakdown: energy_per_atom: 0.8216633730285373, forces: 38.78798983357651, stress: 0.0059946999090456305, 
2026-09-21 13:23:57.744 DEBUG: loss breakdown: energy_per_atom: 0.6986152000055598, forces: 25.407342835507222, stress: 0.0002644879094378005, 
2026-09-21 13:23:57.896 DEBUG: loss breakdown: energy_per_atom: 0.740121588002649, forces: 9.523145885139414, stress: 0.0006828702232310218, 
2026-09-21 13:23:58.044 DEBUG: loss breakdown: energy_per_atom: 1.4221525676214686, forces: 4.203815618415076, stress: 0.0006658939987774543, 
2026-09-21 13:23:58.233 DEBUG: loss breakdown: energy_per_atom: 0.38266759546391915, forces: 18.233882720205973, stress: 0.0008120304524875748, 
2026-09-21 13:23:58.367 DEBUG: loss breakdown: energy_per_atom: 1.1614828962786452, forces: 32.3471883425452, stress: 0.0006076193141374072, 
2026-09-21 13:23:58.504 DEBUG: loss breakdown: energy_per_atom: 0.29431244282654, forces: 12.432351361599094, stress: 0.0006263778620442574, 
2026-09-21 13:23:58.641 DEBUG: loss breakdown: energy_per_atom: 11.088469237596149, forces: 11.868013587858037, stress: 0.0005334866736199038, 
2026-09-21 13:23:58.780 DEBUG: loss breakdown: energy_per_atom: 5.709015306499485, forces: 6.113315715872616, stress: 0.0007797172590296602, 
2026-09-21 13:23:58.920 DEBUG: loss breakdown: energy_per_atom: 38.73935423915179, forces: 18.4520581270739, stress: 0.006829065112861637, 
2026-09-21 13:23:59.057 DEBUG: loss breakdown: energy_per_atom: 3.910661984536695, forces: 20.171312211186933, stress: 0.0007176432424304337, 
2026-09-21 13:23:59.210 DEBUG: loss breakdown: energy_per_atom: 0.28506770314602925, forces: 19.36423997730998, stress: 0.0006724822691442716, 
2026-09-21 13:23:59.362 DEBUG: loss breakdown: energy_per_atom: 0.34904804899665365, forces: 12.403061730576873, stress: 0.00044906089386698785, 
2026-09-21 13:23:59.513 DEBUG: loss breakdown: energy_per_atom: 1.2042299666818062, forces: 7.100750404308723, stress: 0.0009202387997909277, 
2026-09-21 13:23:59.647 DEBUG: loss breakdown: energy_per_atom: 2.385519355952536, forces: 6.008880514902092, stress: 0.001481845601766636, 
2026-09-21 13:23:59.786 DEBUG: loss breakdown: energy_per_atom: 0.5704112264650116, forces: 33.35936131232201, stress: 0.016697210100219236, 
2026-09-21 13:23:59.936 DEBUG: loss breakdown: energy_per_atom: 0.2733641260171653, forces: 18.118756608946544, stress: 0.0007474576323162713, 
2026-09-21 13:24:00.078 DEBUG: loss breakdown: energy_per_atom: 8.527292305251988, forces: 11.848109739910628, stress: 0.0009022703637177744, 
2026-09-21 13:24:00.228 DEBUG: loss breakdown: energy_per_atom: 7.203876599881209, forces: 16.055251440553082, stress: 0.00038200196751511824, 
2026-09-21 13:24:00.374 DEBUG: loss breakdown: energy_per_atom: 0.7316673959335158, forces: 9.596552044279573, stress: 0.0007126221064075684, 
2026-09-21 13:24:00.514 DEBUG: loss breakdown: energy_per_atom: 0.19708438807412892, forces: 10.227599428269597, stress: 0.000742188097107276, 
2026-09-21 13:24:00.665 DEBUG: loss breakdown: energy_per_atom: 0.34423922753233205, forces: 15.709647405092653, stress: 0.0012935797028932417, 
2026-09-21 13:24:00.794 DEBUG: loss breakdown: energy_per_atom: 14.391328746103339, forces: 19.625270865656187, stress: 0.0006673798129994044, 
2026-09-21 13:24:00.922 DEBUG: loss breakdown: energy_per_atom: 0.16226406317267017, forces: 10.411397019482637, stress: 0.0005278179315428896, 
2026-09-21 13:24:01.077 DEBUG: loss breakdown: energy_per_atom: 0.3199741118839123, forces: 33.465127304502396, stress: 0.0010690331604025943, 
2026-09-21 13:24:01.240 DEBUG: loss breakdown: energy_per_atom: 10.656400022550942, forces: 17.151594021705396, stress: 0.0007226655751996093, 
2026-09-21 13:24:01.399 DEBUG: loss breakdown: energy_per_atom: 0.4727666683727956, forces: 14.524428549032928, stress: 0.010379105250566246, 
2026-09-21 13:24:01.540 DEBUG: loss breakdown: energy_per_atom: 0.2017735056265962, forces: 11.408311963452892, stress: 0.000827925047330104, 
2026-09-21 13:24:01.682 DEBUG: loss breakdown: energy_per_atom: 0.3535528234128864, forces: 18.77593241343706, stress: 0.0011712005459049704, 
2026-09-21 13:24:01.838 DEBUG: loss breakdown: energy_per_atom: 9.252254406604527, forces: 20.055576842080104, stress: 0.001017153610412235, 
2026-09-21 13:24:01.985 DEBUG: loss breakdown: energy_per_atom: 0.3244314588979279, forces: 13.40487259750235, stress: 0.001544225741810735, 
2026-09-21 13:24:02.129 DEBUG: loss breakdown: energy_per_atom: 4.886322922855996, forces: 110.47478100199444, stress: 0.005067826038293642, 
2026-09-21 13:24:02.272 DEBUG: loss breakdown: energy_per_atom: 0.5906757979126795, forces: 7.789371940458627, stress: 0.001795587193415159, 
2026-09-21 13:24:02.409 DEBUG: loss breakdown: energy_per_atom: 3.0218901718986895, forces: 9.292241012630775, stress: 0.00029696882035364547, 
2026-09-21 13:24:02.559 DEBUG: loss breakdown: energy_per_atom: 5.210173060657432, forces: 9.347858453767643, stress: 0.0005817233789423465, 
2026-09-21 13:24:02.711 DEBUG: loss breakdown: energy_per_atom: 0.22747709957640033, forces: 7.733496600786426, stress: 0.0008198625528006171, 
2026-09-21 13:24:02.861 DEBUG: loss breakdown: energy_per_atom: 0.37437316389676356, forces: 11.812823804497, stress: 0.0008227072373998107, 
2026-09-21 13:24:03.009 DEBUG: loss breakdown: energy_per_atom: 1.2276444901479457, forces: 139.2762977792315, stress: 0.007085618867690441, 
2026-09-21 13:24:03.157 DEBUG: loss breakdown: energy_per_atom: 0.25745024596637756, forces: 18.923414107872574, stress: 0.0005448833643076478, 
2026-09-21 13:24:03.296 DEBUG: loss breakdown: energy_per_atom: 2.1522785780334455, forces: 16.22768688986406, stress: 0.0005299148800805084, 
2026-09-21 13:24:03.433 DEBUG: loss breakdown: energy_per_atom: 0.38817702862141673, forces: 6.105642145833384, stress: 0.0009257582745404727, 
2026-09-21 13:24:03.570 DEBUG: loss breakdown: energy_per_atom: 0.9409253756275094, forces: 12.078369249434102, stress: 0.0006760826187511049, 
2026-09-21 13:24:03.706 DEBUG: loss breakdown: energy_per_atom: 0.9316159675180378, forces: 21.628776481788663, stress: 0.0072640633559186785, 
2026-09-21 13:24:03.835 DEBUG: loss breakdown: energy_per_atom: 8.915132723007995, forces: 12.375912236563561, stress: 0.0004755282308236015, 
2026-09-21 13:24:03.987 DEBUG: loss breakdown: energy_per_atom: 32.15777728335515, forces: 20.70702421458171, stress: 0.0006480882071936202, 
2026-09-21 13:24:04.140 DEBUG: loss breakdown: energy_per_atom: 4.323686138636882, forces: 49.68415318107399, stress: 0.0012169100000239711, 
2026-09-21 13:24:04.280 DEBUG: loss breakdown: energy_per_atom: 4.972545015931901, forces: 8.311964330077927, stress: 0.0008430358728399108, 
2026-09-21 13:24:04.431 DEBUG: loss breakdown: energy_per_atom: 0.18825982525146823, forces: 9.360415590996949, stress: 0.0010407634765945944, 
2026-09-21 13:24:04.572 DEBUG: loss breakdown: energy_per_atom: 26.477969040368368, forces: 11.655978135037715, stress: 0.0006834468508041223, 
2026-09-21 13:24:04.717 DEBUG: loss breakdown: energy_per_atom: 0.9093943085789917, forces: 36.98714050674774, stress: 0.0007368021849580367, 
2026-09-21 13:24:04.859 DEBUG: loss breakdown: energy_per_atom: 0.68357218161598, forces: 14.552190778592697, stress: 0.0004137334275326867, 
2026-09-21 13:24:05.001 DEBUG: loss breakdown: energy_per_atom: 0.24845258134320175, forces: 8.984076906713629, stress: 0.0005469981213682611, 
2026-09-21 13:24:05.212 DEBUG: loss breakdown: energy_per_atom: 0.18379657708471775, forces: 20.083640109063307, stress: 0.000722686882731439, 
2026-09-21 13:24:05.353 DEBUG: loss breakdown: energy_per_atom: 0.3597578106643373, forces: 12.9617630428914, stress: 0.004279313947978789, 
2026-09-21 13:24:05.493 DEBUG: loss breakdown: energy_per_atom: 0.1969863972516027, forces: 14.656619214547304, stress: 0.0013000995902166473, 
2026-09-21 13:24:05.634 DEBUG: loss breakdown: energy_per_atom: 0.34578082257433207, forces: 12.175896871022946, stress: 0.0010065600466886173, 
2026-09-21 13:24:05.766 DEBUG: loss breakdown: energy_per_atom: 0.31329914929186087, forces: 11.366121303270079, stress: 0.0011388827556894185, 
2026-09-21 13:24:05.919 DEBUG: loss breakdown: energy_per_atom: 1.4177041214895159, forces: 16.68321235110191, stress: 0.0010910262952234387, 
2026-09-21 13:24:06.056 DEBUG: loss breakdown: energy_per_atom: 18.197036374829487, forces: 8.87471798367363, stress: 0.001176193480226655, 
2026-09-21 13:24:06.189 DEBUG: loss breakdown: energy_per_atom: 0.8818217127482334, forces: 7.923689113888534, stress: 0.0011103552467371127, 
2026-09-21 13:24:06.327 DEBUG: loss breakdown: energy_per_atom: 0.27824479349856057, forces: 10.904398689842912, stress: 0.0013357291934074094, 
2026-09-21 13:24:06.468 DEBUG: loss breakdown: energy_per_atom: 23.49568560144718, forces: 8.624666639415796, stress: 0.0007758909804502726, 
2026-09-21 13:24:06.622 DEBUG: loss breakdown: energy_per_atom: 0.2799765518135386, forces: 17.119444539264045, stress: 0.0006607978757950501, 
2026-09-21 13:24:06.768 DEBUG: loss breakdown: energy_per_atom: 18.77795509475321, forces: 15.856888764145245, stress: 0.0002866390503995066, 
2026-09-21 13:24:06.917 DEBUG: loss breakdown: energy_per_atom: 7.917294313550795, forces: 24.806096377282714, stress: 0.0006379660421914754, 
2026-09-21 13:24:07.066 DEBUG: loss breakdown: energy_per_atom: 0.7029868766379705, forces: 16.411550905060494, stress: 0.00036951143371008986, 
2026-09-21 13:24:07.218 DEBUG: loss breakdown: energy_per_atom: 0.32786127011865995, forces: 11.607818050711497, stress: 0.00522177036165345, 
2026-09-21 13:24:07.349 DEBUG: loss breakdown: energy_per_atom: 0.9675429575663915, forces: 8.175399231069763, stress: 0.0003884359946179593, 
2026-09-21 13:24:07.486 DEBUG: loss breakdown: energy_per_atom: 2.822696480680718, forces: 11.326430490960597, stress: 0.0011154914002398295, 
2026-09-21 13:24:07.635 DEBUG: loss breakdown: energy_per_atom: 0.2570564118923148, forces: 12.214639290165888, stress: 0.0008681204017428082, 
2026-09-21 13:24:07.787 DEBUG: loss breakdown: energy_per_atom: 0.6941054397322094, forces: 27.376484016168877, stress: 0.0009332090912238165, 
2026-09-21 13:24:07.951 DEBUG: loss breakdown: energy_per_atom: 14.346779149421849, forces: 13.958967364028164, stress: 0.0008223237871846022, 
2026-09-21 13:24:08.078 DEBUG: loss breakdown: energy_per_atom: 0.2553168787250032, forces: 9.932550327572848, stress: 0.000821461404053488, 
2026-09-21 13:24:08.211 DEBUG: loss breakdown: energy_per_atom: 4.981880904724651, forces: 22.718046566822576, stress: 0.000698721625509159, 
2026-09-21 13:24:08.347 DEBUG: loss breakdown: energy_per_atom: 4.012492741292106, forces: 8.476768008002853, stress: 0.0007957630293769362, 
2026-09-21 13:24:08.485 DEBUG: loss breakdown: energy_per_atom: 8.42159891665568, forces: 38.4373705117799, stress: 0.0006418443081972887, 
2026-09-21 13:24:08.619 DEBUG: loss breakdown: energy_per_atom: 0.24090493757893996, forces: 19.015896595356374, stress: 0.0009638162801690346, 
2026-09-21 13:24:08.772 DEBUG: loss breakdown: energy_per_atom: 22.52467281776394, forces: 10.033027861535485, stress: 0.0041221476561947605, 
2026-09-21 13:24:08.909 DEBUG: loss breakdown: energy_per_atom: 0.18531541050032133, forces: 28.36415996821171, stress: 0.00092752565249849, 
2026-09-21 13:24:09.043 DEBUG: loss breakdown: energy_per_atom: 0.33123487195909646, forces: 18.745989288590863, stress: 0.0007904055981503075, 
2026-09-21 13:24:09.176 DEBUG: loss breakdown: energy_per_atom: 0.27114480843924876, forces: 17.541394458949014, stress: 0.0007702245366718909, 
2026-09-21 13:24:09.311 DEBUG: loss breakdown: energy_per_atom: 56.08057963076357, forces: 45.54211293836242, stress: 0.0009089257653863593, 
2026-09-21 13:24:09.439 DEBUG: loss breakdown: energy_per_atom: 5.297752810511076, forces: 12.997559930980199, stress: 0.0007978139251458892, 
2026-09-21 13:24:09.569 DEBUG: loss breakdown: energy_per_atom: 1.1235967964001679, forces: 16.698173111142935, stress: 0.003226491725636901, 
2026-09-21 13:24:09.715 DEBUG: loss breakdown: energy_per_atom: 1.4727112974081082, forces: 12.51425874509802, stress: 0.0008375339927868172, 
2026-09-21 13:24:09.855 DEBUG: loss breakdown: energy_per_atom: 0.9602662611569718, forces: 18.949335335435904, stress: 0.0009939322084362876, 
2026-09-21 13:24:09.990 DEBUG: loss breakdown: energy_per_atom: 2.2872009248494893, forces: 6.574449783153351, stress: 0.0004077124429098712, 
2026-09-21 13:24:10.126 DEBUG: loss breakdown: energy_per_atom: 1.8652223351972197, forces: 5.271227718536251, stress: 0.00039791058845268086, 
2026-09-21 13:24:10.279 DEBUG: loss breakdown: energy_per_atom: 0.40858465036374214, forces: 10.884140294179941, stress: 0.0009797309841506569, 
2026-09-21 13:24:10.418 DEBUG: loss breakdown: energy_per_atom: 0.74628879992725, forces: 20.36193807200659, stress: 0.0005094752086037688, 
2026-09-21 13:24:10.557 DEBUG: loss breakdown: energy_per_atom: 0.15377982509508883, forces: 11.477061813137148, stress: 0.0007760710695875738, 
2026-09-21 13:24:10.696 DEBUG: loss breakdown: energy_per_atom: 0.1835700123463467, forces: 12.17919573889689, stress: 0.001994626557714148, 
2026-09-21 13:24:10.837 DEBUG: loss breakdown: energy_per_atom: 2.7122474826695, forces: 15.171093186762475, stress: 0.0004018118320837135, 
2026-09-21 13:24:10.978 DEBUG: loss breakdown: energy_per_atom: 14.92320689627968, forces: 5.693140659395627, stress: 0.0006094840299531683, 
2026-09-21 13:24:11.128 DEBUG: loss breakdown: energy_per_atom: 0.24919749246045822, forces: 67.44324184251283, stress: 0.0009731146853911993, 
2026-09-21 13:24:11.269 DEBUG: loss breakdown: energy_per_atom: 1.2126004840227658, forces: 12.247978457764518, stress: 0.0006463888794940552, 
2026-09-21 13:24:11.405 DEBUG: loss breakdown: energy_per_atom: 0.4249392504433889, forces: 11.829758750181087, stress: 0.0006297323016650681, 
2026-09-21 13:24:11.557 DEBUG: loss breakdown: energy_per_atom: 3.489767766579679, forces: 5.863446448258923, stress: 0.000528747559126736, 
2026-09-21 13:24:11.705 DEBUG: loss breakdown: energy_per_atom: 0.16755640882551487, forces: 24.473990760894647, stress: 0.0008691258757719649, 
2026-09-21 13:24:11.843 DEBUG: loss breakdown: energy_per_atom: 0.3596844388321103, forces: 15.271717774747948, stress: 0.0005543044641074651, 
2026-09-21 13:24:11.974 DEBUG: loss breakdown: energy_per_atom: 7.698488825854109, forces: 16.778438002420636, stress: 0.000612420100708752, 
2026-09-21 13:24:12.123 DEBUG: loss breakdown: energy_per_atom: 0.19575913916000542, forces: 9.834356334680127, stress: 0.0007601877820802742, 
2026-09-21 13:24:12.256 DEBUG: loss breakdown: energy_per_atom: 0.290156725642315, forces: 22.664621390621985, stress: 0.000445932845622758, 
2026-09-21 13:24:12.393 DEBUG: loss breakdown: energy_per_atom: 0.33889405238424275, forces: 13.622456659664028, stress: 0.0010079528007053502, 
2026-09-21 13:24:12.529 DEBUG: loss breakdown: energy_per_atom: 0.12336847926921646, forces: 8.36051150441396, stress: 0.000754175167081457, 
2026-09-21 13:24:12.681 DEBUG: loss breakdown: energy_per_atom: 0.26453076121250296, forces: 19.545121414202885, stress: 0.0009532589583220529, 
2026-09-21 13:24:12.834 DEBUG: loss breakdown: energy_per_atom: 0.6838290869073723, forces: 13.889027143048544, stress: 0.000786483628994404, 
2026-09-21 13:24:12.983 DEBUG: loss breakdown: energy_per_atom: 2.0267664263480007, forces: 110.6382138382003, stress: 0.000647364844954129, 
2026-09-21 13:24:13.117 DEBUG: loss breakdown: energy_per_atom: 6.963591166839487, forces: 9.62945272443589, stress: 0.0005410207295510554, 
2026-09-21 13:24:13.247 DEBUG: loss breakdown: energy_per_atom: 7.2038136868978295, forces: 7.741720243268409, stress: 0.0006514142421528869, 
2026-09-21 13:24:13.372 DEBUG: loss breakdown: energy_per_atom: 1.2686036831421306, forces: 6.947223599687528, stress: 0.0007881523593647993, 
2026-09-21 13:24:13.500 DEBUG: loss breakdown: energy_per_atom: 0.9474072632145827, forces: 7.611405734075231, stress: 0.004689878135424092, 
2026-09-21 13:24:13.654 DEBUG: loss breakdown: energy_per_atom: 0.6467215749876883, forces: 8.93058572918377, stress: 0.006581094389506208, 
2026-09-21 13:24:13.782 DEBUG: loss breakdown: energy_per_atom: 0.17945345822628164, forces: 11.266174347884629, stress: 0.0008266494423385677, 
2026-09-21 13:24:13.927 DEBUG: loss breakdown: energy_per_atom: 0.2611801480958671, forces: 6.020226410950855, stress: 0.0008436202513992193, 
2026-09-21 13:24:14.073 DEBUG: loss breakdown: energy_per_atom: 0.2648212382224365, forces: 9.574089663129834, stress: 0.005875006760926415, 
2026-09-21 13:24:14.221 DEBUG: loss breakdown: energy_per_atom: 4.556053809134215, forces: 12.014812047398197, stress: 0.0007622359588227031, 
2026-09-21 13:24:14.375 DEBUG: loss breakdown: energy_per_atom: 0.5310657280066935, forces: 19.339212280570408, stress: 0.000552466574069499, 
2026-09-21 13:24:14.530 DEBUG: loss breakdown: energy_per_atom: 5.234873637091153, forces: 21.62488835150527, stress: 0.0006442222784969219, 
2026-09-21 13:24:14.680 DEBUG: loss breakdown: energy_per_atom: 0.2024163217599626, forces: 3.4187444522173758, stress: 0.0006454278601235746, 
2026-09-21 13:24:14.842 DEBUG: loss breakdown: energy_per_atom: 0.30273922886070503, forces: 11.446261498679473, stress: 0.0008633333767204322, 
2026-09-21 13:24:14.997 DEBUG: loss breakdown: energy_per_atom: 1.3619246768789057, forces: 16.814216769085835, stress: 0.0006774836936901019, 
2026-09-21 13:24:15.144 DEBUG: loss breakdown: energy_per_atom: 0.46382353258294257, forces: 17.59484050758979, stress: 0.004463541890900851, 
2026-09-21 13:24:15.296 DEBUG: loss breakdown: energy_per_atom: 5.182243035895683, forces: 14.313084093718857, stress: 0.0007274687404436778, 
2026-09-21 13:24:15.438 DEBUG: loss breakdown: energy_per_atom: 0.3566857347176961, forces: 18.82096323554015, stress: 0.0006677325559545353, 
2026-09-21 13:24:15.584 DEBUG: loss breakdown: energy_per_atom: 0.47660997868509414, forces: 23.915978361445557, stress: 0.0012739897730637232, 
2026-09-21 13:24:15.719 DEBUG: loss breakdown: energy_per_atom: 0.19793716258596747, forces: 10.241434359696353, stress: 0.0030841522357973957, 
2026-09-21 13:24:15.871 DEBUG: loss breakdown: energy_per_atom: 1.8870562282723427, forces: 11.997129269598751, stress: 0.0004176014780936466, 
2026-09-21 13:24:16.024 DEBUG: loss breakdown: energy_per_atom: 4.2267034893123885, forces: 14.238843255789362, stress: 0.004879721009190783, 
2026-09-21 13:24:16.167 DEBUG: loss breakdown: energy_per_atom: 0.18382824096488004, forces: 18.282685995835234, stress: 0.0005307556894630193, 
2026-09-21 13:24:16.305 DEBUG: loss breakdown: energy_per_atom: 0.3102140141659596, forces: 9.672944559591814, stress: 0.0006377946859240767, 
2026-09-21 13:24:16.451 DEBUG: loss breakdown: energy_per_atom: 2.2696397770180106, forces: 10.11007011262328, stress: 0.0005822020434027613, 
2026-09-21 13:24:16.590 DEBUG: loss breakdown: energy_per_atom: 0.27051092944914945, forces: 17.77184125593664, stress: 0.00043166681432815773, 
2026-09-21 13:24:16.744 DEBUG: loss breakdown: energy_per_atom: 3.6733880916454167, forces: 15.297272235310968, stress: 0.0049096714317035895, 
2026-09-21 13:24:16.893 DEBUG: loss breakdown: energy_per_atom: 0.16168368614001544, forces: 22.96100312054484, stress: 0.00020201513866762588, 
2026-09-21 13:24:17.033 DEBUG: loss breakdown: energy_per_atom: 27.952567272457284, forces: 23.777538684496083, stress: 0.0005620883557435815, 
2026-09-21 13:24:17.163 DEBUG: loss breakdown: energy_per_atom: 0.7824046541404868, forces: 7.09066961342957, stress: 0.001095206097923727, 
2026-09-21 13:24:17.304 DEBUG: loss breakdown: energy_per_atom: 0.21896826440613815, forces: 12.251861612234947, stress: 0.0007999792973674871, 
2026-09-21 13:24:17.447 DEBUG: loss breakdown: energy_per_atom: 1.5789940719685616, forces: 10.986028451568354, stress: 0.0004089796336041725, 
2026-09-21 13:24:17.580 DEBUG: loss breakdown: energy_per_atom: 3.4930003763027155, forces: 338.4677641651283, stress: 0.0013748084660341565, 
2026-09-21 13:24:17.713 DEBUG: loss breakdown: energy_per_atom: 3.1068489517514375, forces: 24.320157794366672, stress: 0.0013774279850793767, 
2026-09-21 13:24:17.851 DEBUG: loss breakdown: energy_per_atom: 0.25343405644755973, forces: 26.42235232385715, stress: 0.0008764861312579316, 
2026-09-21 13:24:18.004 DEBUG: loss breakdown: energy_per_atom: 4.401423128379037, forces: 17.94384949815055, stress: 0.001217300310613685, 
2026-09-21 13:24:18.160 DEBUG: loss breakdown: energy_per_atom: 0.33158285587531566, forces: 28.75846221997998, stress: 0.0023480294426483942, 
2026-09-21 13:24:18.312 DEBUG: loss breakdown: energy_per_atom: 2.0987917993757645, forces: 5.675166193221568, stress: 0.000538412993238644, 
2026-09-21 13:24:18.470 DEBUG: loss breakdown: energy_per_atom: 4.083997286146296, forces: 16.816102426617725, stress: 0.0008528913869451458, 
2026-09-21 13:24:18.608 DEBUG: loss breakdown: energy_per_atom: 2.6446055435105196, forces: 12.538690645179853, stress: 0.0007403774569817507, 
2026-09-21 13:24:18.768 DEBUG: loss breakdown: energy_per_atom: 1.0713459974317054, forces: 22.754451468238923, stress: 0.00507844430901032, 
2026-09-21 13:24:18.921 DEBUG: loss breakdown: energy_per_atom: 1.2214575121943494, forces: 17.022014744789303, stress: 0.00033479514771522914, 
2026-09-21 13:24:19.075 DEBUG: loss breakdown: energy_per_atom: 23.43434430606229, forces: 13.707762290628905, stress: 0.0006521112481314702, 
2026-09-21 13:24:19.212 DEBUG: loss breakdown: energy_per_atom: 73.5023752659418, forces: 32.844953350463726, stress: 0.0007739161978065123, 
2026-09-21 13:24:19.342 DEBUG: loss breakdown: energy_per_atom: 0.1058400747598662, forces: 11.08821307081044, stress: 0.0012920026168583099, 
2026-09-21 13:24:19.475 DEBUG: loss breakdown: energy_per_atom: 0.455727145433681, forces: 361.336404902884, stress: 0.0011960075478471355, 
2026-09-21 13:24:19.604 DEBUG: loss breakdown: energy_per_atom: 1.2345032905834736, forces: 27.88882859271218, stress: 0.002571447561371754, 
2026-09-21 13:24:20.002 DEBUG: loss breakdown: energy_per_atom: 0.1928540997037368, forces: 13.590557091787762, stress: 0.002912050594890633, 
2026-09-21 13:24:20.133 DEBUG: loss breakdown: energy_per_atom: 0.433938708263082, forces: 15.078405541594671, stress: 0.0013237251644253726, 
2026-09-21 13:24:20.267 DEBUG: loss breakdown: energy_per_atom: 0.4527724126268466, forces: 17.027704981785124, stress: 0.0025629845399187615, 
2026-09-21 13:24:20.396 DEBUG: loss breakdown: energy_per_atom: 0.38165707379629166, forces: 19.400474328962563, stress: 0.000997740921768912, 
2026-09-21 13:24:20.531 DEBUG: loss breakdown: energy_per_atom: 0.46562919363033567, forces: 14.865780147045282, stress: 0.0007165327921317024, 
2026-09-21 13:24:20.679 DEBUG: loss breakdown: energy_per_atom: 0.2027525670580555, forces: 16.258862221507663, stress: 0.0007721063723050785, 
2026-09-21 13:24:20.822 DEBUG: loss breakdown: energy_per_atom: 0.15368847683769438, forces: 16.800973218512567, stress: 0.0005972540892936958, 
2026-09-21 13:24:20.961 DEBUG: loss breakdown: energy_per_atom: 0.5858528287352153, forces: 25.349509611199846, stress: 0.0011108722641499794, 
2026-09-21 13:24:21.094 DEBUG: loss breakdown: energy_per_atom: 0.3331148125902942, forces: 10.231940350193302, stress: 0.0008618062212075955, 
2026-09-21 13:24:21.236 DEBUG: loss breakdown: energy_per_atom: 0.5794459160106387, forces: 17.630944920918907, stress: 0.0009655640334115771, 
2026-09-21 13:24:21.369 DEBUG: loss breakdown: energy_per_atom: 1.1975310183305157, forces: 16.318209087557698, stress: 0.0006799726888986851, 
2026-09-21 13:24:21.499 DEBUG: loss breakdown: energy_per_atom: 9.81170451777742, forces: 18.789090710695586, stress: 0.0009585336331921052, 
2026-09-21 13:24:21.632 DEBUG: loss breakdown: energy_per_atom: 4.315051793130205, forces: 46.94703129185672, stress: 0.00844865903012854, 
2026-09-21 13:24:21.758 DEBUG: loss breakdown: energy_per_atom: 1.8807527433987614, forces: 14.691936101148764, stress: 0.0008650063732539315, 
2026-09-21 13:24:21.884 DEBUG: loss breakdown: energy_per_atom: 8.154802276762979, forces: 10.163144862154686, stress: 0.0007688008035493057, 
2026-09-21 13:24:22.041 DEBUG: loss breakdown: energy_per_atom: 56.097132422727405, forces: 14.23608871854039, stress: 0.0006180752180553968, 
2026-09-21 13:24:22.192 DEBUG: loss breakdown: energy_per_atom: 10.13765353936848, forces: 182.2513985640409, stress: 0.0009450126068965477, 
2026-09-21 13:24:22.330 DEBUG: loss breakdown: energy_per_atom: 0.2214641655610435, forces: 12.038553571766391, stress: 0.000870369860728692, 
2026-09-21 13:24:22.462 DEBUG: loss breakdown: energy_per_atom: 0.7748444229762683, forces: 11.816002273808525, stress: 0.0034274152074421547, 
2026-09-21 13:24:22.604 DEBUG: loss breakdown: energy_per_atom: 0.1730128002093938, forces: 15.833753958432853, stress: 0.0010047483525823307, 
2026-09-21 13:24:22.736 DEBUG: loss breakdown: energy_per_atom: 58.273173317924, forces: 21.210215130545954, stress: 0.001253988005301423, 
2026-09-21 13:24:22.868 DEBUG: loss breakdown: energy_per_atom: 0.25220471630342545, forces: 23.979816371243057, stress: 0.0013991639034999915, 
2026-09-21 13:24:23.003 DEBUG: loss breakdown: energy_per_atom: 1.098809062152955, forces: 8.953656828992553, stress: 0.0014526974885184672, 
2026-09-21 13:24:23.138 DEBUG: loss breakdown: energy_per_atom: 0.29834981167731833, forces: 10.970420803086446, stress: 0.0009759411885106842, 
2026-09-21 13:24:23.276 DEBUG: loss breakdown: energy_per_atom: 15.685505644311865, forces: 7.872669800168197, stress: 0.0008555252777651438, 
2026-09-21 13:24:23.414 DEBUG: loss breakdown: energy_per_atom: 0.25348951878205456, forces: 15.23233071690775, stress: 0.0012636339352250158, 
2026-09-21 13:24:23.544 DEBUG: loss breakdown: energy_per_atom: 0.1346853976708495, forces: 134.29245300498573, stress: 0.0011187946570164326, 
2026-09-21 13:24:23.682 DEBUG: loss breakdown: energy_per_atom: 0.1614344893822185, forces: 17.05617408144313, stress: 0.0006656305233051055, 
2026-09-21 13:24:23.815 DEBUG: loss breakdown: energy_per_atom: 1.356075541019386, forces: 18.024247787859057, stress: 0.00039371664842461143, 
2026-09-21 13:24:23.970 DEBUG: loss breakdown: energy_per_atom: 0.7932321731714552, forces: 20.150053540523807, stress: 0.00041853868095382613, 
2026-09-21 13:24:24.125 DEBUG: loss breakdown: energy_per_atom: 0.5047251526150321, forces: 11.702272368076, stress: 0.0005991596784289586, 
2026-09-21 13:24:24.277 DEBUG: loss breakdown: energy_per_atom: 0.5217187093180669, forces: 60.2343632245692, stress: 0.002876187757214956, 
2026-09-21 13:24:24.421 DEBUG: loss breakdown: energy_per_atom: 0.4549301943573169, forces: 6.921108298045299, stress: 0.000825525658171781, 
2026-09-21 13:24:24.565 DEBUG: loss breakdown: energy_per_atom: 1.0071967963726176, forces: 7.094505654911555, stress: 0.0027506284906543, 
2026-09-21 13:24:24.972 DEBUG: loss breakdown: energy_per_atom: 0.36808898680333507, forces: 14.637001707203332, stress: 0.000735694982758034, 
2026-09-21 13:24:25.127 DEBUG: loss breakdown: energy_per_atom: 0.4666081067311272, forces: 14.597246858164173, stress: 0.0007128049188073014, 
2026-09-21 13:24:25.248 DEBUG: loss breakdown: energy_per_atom: 0.512120973093445, forces: 17.172982181196915, stress: 0.0005840650012628322, 
2026-09-21 13:24:25.396 DEBUG: loss breakdown: energy_per_atom: 0.4946361382624234, forces: 31.198127057784326, stress: 0.0005775401563029128, 
2026-09-21 13:24:25.524 DEBUG: loss breakdown: energy_per_atom: 1.5958768742545382, forces: 13.671288069904678, stress: 0.0023211497276493997, 
2026-09-21 13:24:25.688 DEBUG: loss breakdown: energy_per_atom: 2.3883657310001, forces: 64.94967092893744, stress: 0.0007286189005572511, 
2026-09-21 13:24:25.847 DEBUG: loss breakdown: energy_per_atom: 1.0150902216175766, forces: 9.555119100435675, stress: 0.0007139403439202598, 
2026-09-21 13:24:25.989 DEBUG: loss breakdown: energy_per_atom: 1.3167589433947136, forces: 6.011047289889756, stress: 0.0008708021942664174, 
2026-09-21 13:24:26.137 DEBUG: loss breakdown: energy_per_atom: 0.4688580182309673, forces: 6.168694207527885, stress: 0.0006397406639714785, 
2026-09-21 13:24:26.277 DEBUG: loss breakdown: energy_per_atom: 3.17803787316741, forces: 10.070911401800014, stress: 0.0007380079677449471, 
2026-09-21 13:24:26.427 DEBUG: loss breakdown: energy_per_atom: 14.01044615137028, forces: 11.206386047230376, stress: 0.000747694481622987, 
2026-09-21 13:24:26.581 DEBUG: loss breakdown: energy_per_atom: 0.24254560558203403, forces: 9.178132030471334, stress: 0.0006810626186079098, 
2026-09-21 13:24:26.736 DEBUG: loss breakdown: energy_per_atom: 0.12459681152049848, forces: 15.356959478778487, stress: 0.0005959641156284937, 
2026-09-21 13:24:26.891 DEBUG: loss breakdown: energy_per_atom: 16.26352591346304, forces: 21.560814489167047, stress: 0.000742295762207263, 
2026-09-21 13:24:27.026 DEBUG: loss breakdown: energy_per_atom: 0.27246641867674576, forces: 6.184511269605246, stress: 0.001117751835952654, 
2026-09-21 13:24:27.164 DEBUG: loss breakdown: energy_per_atom: 24.445109542057722, forces: 29.042315564419013, stress: 0.0007903652171588984, 
2026-09-21 13:24:27.319 DEBUG: loss breakdown: energy_per_atom: 0.2004748338503154, forces: 15.067268767844984, stress: 0.0006777005460176401, 
2026-09-21 13:24:27.467 DEBUG: loss breakdown: energy_per_atom: 3.5995567456792097, forces: 14.825612829438626, stress: 0.0008590961204787245, 
2026-09-21 13:24:27.603 DEBUG: loss breakdown: energy_per_atom: 0.4963095490339412, forces: 8.293706642484116, stress: 0.001277104887914153, 
2026-09-21 13:24:27.759 DEBUG: loss breakdown: energy_per_atom: 1.1489304184132625, forces: 8.930551914042635, stress: 0.011570734649049785, 
2026-09-21 13:24:27.914 DEBUG: loss breakdown: energy_per_atom: 44.03440432362195, forces: 86.05573167074586, stress: 0.001771055425632829, 
2026-09-21 13:24:28.063 DEBUG: loss breakdown: energy_per_atom: 0.20329371439903737, forces: 15.2503225444492, stress: 0.0005536241150589599, 
2026-09-21 13:24:28.201 DEBUG: loss breakdown: energy_per_atom: 1.20017408418334, forces: 8.967944690103073, stress: 0.0023777216034283114, 
2026-09-21 13:24:28.344 DEBUG: loss breakdown: energy_per_atom: 1.3923493077372076, forces: 16.817272470444262, stress: 0.0008952385073247331, 
2026-09-21 13:24:28.493 DEBUG: loss breakdown: energy_per_atom: 59.3878223307816, forces: 13.636712205694918, stress: 0.005070129797281272, 
2026-09-21 13:24:28.621 DEBUG: loss breakdown: energy_per_atom: 1.3524766056675643, forces: 11.871541662352342, stress: 0.0013523177562647845, 
2026-09-21 13:24:28.760 DEBUG: loss breakdown: energy_per_atom: 12.436723366529325, forces: 11.178879959932484, stress: 0.0011195288979159363, 
2026-09-21 13:24:28.896 DEBUG: loss breakdown: energy_per_atom: 1.8035638804443725, forces: 8.580550645793585, stress: 0.0005265363319206061, 
2026-09-21 13:24:29.033 DEBUG: loss breakdown: energy_per_atom: 0.7107097993038802, forces: 10.775160791489924, stress: 0.0007404603859447951, 
2026-09-21 13:24:29.163 DEBUG: loss breakdown: energy_per_atom: 0.9572066810731336, forces: 16.390915275966343, stress: 0.0004466151296808089, 
2026-09-21 13:24:29.330 DEBUG: loss breakdown: energy_per_atom: 12.241614375018479, forces: 11.588684422261846, stress: 0.0007205648193261153, 
2026-09-21 13:24:29.483 DEBUG: loss breakdown: energy_per_atom: 0.25356179817720353, forces: 10.217321682010555, stress: 0.00039150741231982545, 
2026-09-21 13:24:29.617 DEBUG: loss breakdown: energy_per_atom: 0.15579980730688728, forces: 12.909405333549309, stress: 0.0004956062532869177, 
2026-09-21 13:24:29.755 DEBUG: loss breakdown: energy_per_atom: 0.19293423470802043, forces: 15.84354088520751, stress: 0.0007203742435061105, 
2026-09-21 13:24:29.892 DEBUG: loss breakdown: energy_per_atom: 0.27137622281714124, forces: 12.859614997404156, stress: 0.00059393934080304, 
2026-09-21 13:24:30.025 DEBUG: loss breakdown: energy_per_atom: 37.4457952906094, forces: 13.894011356460842, stress: 0.0008025438128358436, 
2026-09-21 13:24:30.410 DEBUG: loss breakdown: energy_per_atom: 7.864093494960453, forces: 11.746899661428047, stress: 0.0007286334330343556, 
2026-09-21 13:24:30.545 DEBUG: loss breakdown: energy_per_atom: 0.3110035606826099, forces: 9.605682008745404, stress: 0.0006863608866926551, 
2026-09-21 13:24:30.670 DEBUG: loss breakdown: energy_per_atom: 0.8744313207481883, forces: 25.92615991665066, stress: 0.0034979343300829253, 
2026-09-21 13:24:30.799 DEBUG: loss breakdown: energy_per_atom: 0.7118397723131169, forces: 10.684542102047038, stress: 0.0005911439632465486, 
2026-09-21 13:24:30.937 DEBUG: loss breakdown: energy_per_atom: 7.999897868833946, forces: 12.327684911067685, stress: 0.0009872566504168373, 
2026-09-21 13:24:31.072 DEBUG: loss breakdown: energy_per_atom: 7.621739724742361, forces: 15.24371844407693, stress: 0.0009463680543359949, 
2026-09-21 13:24:31.221 DEBUG: loss breakdown: energy_per_atom: 0.19052019993765926, forces: 17.755666314266335, stress: 0.00083825045937277, 
2026-09-21 13:24:31.366 DEBUG: loss breakdown: energy_per_atom: 2.204505406005567, forces: 13.48403459704448, stress: 0.0011270676708519335, 
2026-09-21 13:24:31.510 DEBUG: loss breakdown: energy_per_atom: 6.984657274786585, forces: 13.170202643188494, stress: 0.0016796746959781641, 
2026-09-21 13:24:31.657 DEBUG: loss breakdown: energy_per_atom: 0.3848335565011519, forces: 21.121829436688863, stress: 0.0009357780746052411, 
2026-09-21 13:24:31.796 DEBUG: loss breakdown: energy_per_atom: 0.47184463072992744, forces: 14.251577134680037, stress: 0.0008649524422963884, 
2026-09-21 13:24:31.919 DEBUG: loss breakdown: energy_per_atom: 0.7427046370696287, forces: 15.473671386358129, stress: 0.0006440377414992161, 
2026-09-21 13:24:32.050 DEBUG: loss breakdown: energy_per_atom: 4.906206193003133, forces: 12.787656907415853, stress: 0.00036350464649902414, 
2026-09-21 13:24:32.168 DEBUG: loss breakdown: energy_per_atom: 1.0335306580459869, forces: 7.10375212360104, stress: 0.0014512866897566882, 
2026-09-21 13:24:32.300 DEBUG: loss breakdown: energy_per_atom: 0.6750848737495729, forces: 12.264733268794878, stress: 0.0006199595901580997, 
2026-09-21 13:24:32.432 DEBUG: loss breakdown: energy_per_atom: 0.28426077859436855, forces: 14.418308980296226, stress: 0.002958059202681596, 
2026-09-21 13:24:32.568 DEBUG: loss breakdown: energy_per_atom: 1.3744265400855382, forces: 29.203301293142303, stress: 0.0014071772534802291, 
2026-09-21 13:24:32.702 DEBUG: loss breakdown: energy_per_atom: 0.16035396046571054, forces: 23.95274310753725, stress: 0.0006861613403956663, 
2026-09-21 13:24:32.853 DEBUG: loss breakdown: energy_per_atom: 0.49649016222338876, forces: 10.138252935189952, stress: 0.0012620110632762993, 
2026-09-21 13:24:32.983 DEBUG: loss breakdown: energy_per_atom: 0.4398016813363286, forces: 20.0956342924863, stress: 0.0008420621272930142, 
2026-09-21 13:24:33.151 DEBUG: loss breakdown: energy_per_atom: 3.355361078060493, forces: 15.384707870683387, stress: 0.0011591309866604352, 
2026-09-21 13:24:33.301 DEBUG: loss breakdown: energy_per_atom: 0.3927065464293743, forces: 14.250404351755181, stress: 0.0010358839552754094, 
2026-09-21 13:24:33.449 DEBUG: loss breakdown: energy_per_atom: 0.7813899449045114, forces: 34.6603591809496, stress: 0.0007800223750245553, 
2026-09-21 13:24:33.598 DEBUG: loss breakdown: energy_per_atom: 0.32549223351322193, forces: 11.1913054862114, stress: 0.0004714517668412307, 
2026-09-21 13:24:33.725 DEBUG: loss breakdown: energy_per_atom: 2.04901961329991, forces: 12.583010471231953, stress: 0.0005858582191335121, 
2026-09-21 13:24:33.865 DEBUG: loss breakdown: energy_per_atom: 0.47203568672316143, forces: 13.928556475825726, stress: 0.0028890092898463298, 
2026-09-21 13:24:34.005 DEBUG: loss breakdown: energy_per_atom: 2.214122197088179, forces: 10.725991183392383, stress: 0.0009065736686006382, 
2026-09-21 13:24:34.163 DEBUG: loss breakdown: energy_per_atom: 0.1543727622229483, forces: 20.88242000662168, stress: 0.0007414030876004283, 
2026-09-21 13:24:34.305 DEBUG: loss breakdown: energy_per_atom: 0.48197771271898315, forces: 15.238450422740923, stress: 0.003799726330902058, 
2026-09-21 13:24:34.433 DEBUG: loss breakdown: energy_per_atom: 0.6404256720832979, forces: 16.476407582303008, stress: 0.003066262115323724, 
2026-09-21 13:24:34.576 DEBUG: loss breakdown: energy_per_atom: 0.2507220754134865, forces: 20.313583133534337, stress: 0.00041717087569005884, 
2026-09-21 13:24:34.704 DEBUG: loss breakdown: energy_per_atom: 0.16690534446226674, forces: 7.5708019552599275, stress: 0.0006804583554771238, 
2026-09-21 13:24:34.836 DEBUG: loss breakdown: energy_per_atom: 0.7253415451075687, forces: 8.684869493908169, stress: 0.000553025220840653, 
2026-09-21 13:24:34.964 DEBUG: loss breakdown: energy_per_atom: 0.32990123697511364, forces: 9.321197210131476, stress: 0.0005858800073497131, 
2026-09-21 13:24:35.103 DEBUG: loss breakdown: energy_per_atom: 0.3177309103692905, forces: 26.658298874019593, stress: 0.0005242671430491252, 
2026-09-21 13:24:35.259 DEBUG: loss breakdown: energy_per_atom: 0.21844488109913335, forces: 32.06803224813999, stress: 0.002007646744635985, 
2026-09-21 13:24:35.425 DEBUG: loss breakdown: energy_per_atom: 0.7826553051221026, forces: 11.831754710074346, stress: 0.0008630405594833061, 
2026-09-21 13:24:35.575 DEBUG: loss breakdown: energy_per_atom: 1.7182329326133075, forces: 8.543862779036584, stress: 0.000721989012422589, 
2026-09-21 13:24:35.728 DEBUG: loss breakdown: energy_per_atom: 0.24204543911751505, forces: 95.5647801667535, stress: 0.0012296266885236167, 
2026-09-21 13:24:35.882 DEBUG: loss breakdown: energy_per_atom: 0.277531679308712, forces: 7.106530585601231, stress: 0.0007856428134218277, 
2026-09-21 13:24:36.039 DEBUG: loss breakdown: energy_per_atom: 0.5492121006440339, forces: 67.0789970301305, stress: 0.0007549973393096048, 
2026-09-21 13:24:36.188 DEBUG: loss breakdown: energy_per_atom: 0.20876368206510537, forces: 20.71384527867708, stress: 0.00598295980851996, 
2026-09-21 13:24:36.318 DEBUG: loss breakdown: energy_per_atom: 0.5211666287374908, forces: 27.60477171268602, stress: 0.001467387616290031, 
2026-09-21 13:24:36.456 DEBUG: loss breakdown: energy_per_atom: 0.4655454804288823, forces: 12.604241263644008, stress: 0.00048358332638683287, 
2026-09-21 13:24:36.603 DEBUG: loss breakdown: energy_per_atom: 2.6994981913396816, forces: 43.265800116362776, stress: 0.0005462296008971387, 
2026-09-21 13:24:36.753 DEBUG: loss breakdown: energy_per_atom: 0.21055046533676386, forces: 35.90501326795913, stress: 0.0005116889327939863, 
2026-09-21 13:24:36.903 DEBUG: loss breakdown: energy_per_atom: 0.7555390965913685, forces: 32.761592916328595, stress: 0.0005604165711038389, 
2026-09-21 13:24:37.040 DEBUG: loss breakdown: energy_per_atom: 0.8279649410340878, forces: 10.72311152759422, stress: 0.00044021811126147305, 
2026-09-21 13:24:37.200 DEBUG: loss breakdown: energy_per_atom: 0.41278679874715585, forces: 16.697400130180426, stress: 0.0062577578931464865, 
2026-09-21 13:24:37.353 DEBUG: loss breakdown: energy_per_atom: 0.7271797945489284, forces: 14.52069869400976, stress: 0.0006280240661750594, 
2026-09-21 13:24:37.491 DEBUG: loss breakdown: energy_per_atom: 0.9448437520696098, forces: 16.237274125024296, stress: 0.0003847262223791885, 
2026-09-21 13:24:37.631 DEBUG: loss breakdown: energy_per_atom: 6.087119994178176, forces: 10.414046569986189, stress: 0.000752563655153382, 
2026-09-21 13:24:37.758 DEBUG: loss breakdown: energy_per_atom: 0.25149967978438137, forces: 14.48258618976735, stress: 0.0011665616330315853, 
2026-09-21 13:24:37.892 DEBUG: loss breakdown: energy_per_atom: 2.3146373844304673, forces: 12.936830832784748, stress: 0.0010849410802032781, 
2026-09-21 13:24:38.025 DEBUG: loss breakdown: energy_per_atom: 0.24879634531345637, forces: 13.07793378890655, stress: 0.0006284443354591054, 
2026-09-21 13:24:38.187 DEBUG: loss breakdown: energy_per_atom: 0.34203866920670534, forces: 12.99978769570107, stress: 0.0012168889100122326, 
2026-09-21 13:24:38.348 DEBUG: loss breakdown: energy_per_atom: 0.4727643538595167, forces: 58.110073662899495, stress: 0.0009467138036130448, 
2026-09-21 13:24:38.508 DEBUG: loss breakdown: energy_per_atom: 2.014541103907806, forces: 13.617776808230836, stress: 0.0007851049373019612, 
2026-09-21 13:24:38.656 DEBUG: loss breakdown: energy_per_atom: 0.6925130659817125, forces: 24.674359635147418, stress: 0.0009563191915816499, 
2026-09-21 13:24:38.801 DEBUG: loss breakdown: energy_per_atom: 2.1384735500184555, forces: 11.261502882141968, stress: 0.0011052500416860373, 
2026-09-21 13:24:38.954 DEBUG: loss breakdown: energy_per_atom: 1.2240386157198682, forces: 6.184108428170248, stress: 0.0010129213448425078, 
2026-09-21 13:24:39.102 DEBUG: loss breakdown: energy_per_atom: 0.19914543562961848, forces: 13.273185831892942, stress: 0.0017951423885120268, 
2026-09-21 13:24:39.249 DEBUG: loss breakdown: energy_per_atom: 0.6026214147015034, forces: 17.11476022442493, stress: 0.0019824371402232355, 
2026-09-21 13:24:39.375 DEBUG: loss breakdown: energy_per_atom: 2.557566758560831, forces: 32.06861287557997, stress: 0.0008344253613360544, 
2026-09-21 13:24:39.510 DEBUG: loss breakdown: energy_per_atom: 0.49067320978622697, forces: 37.84099174939468, stress: 0.0009881416297623622, 
2026-09-21 13:24:39.642 DEBUG: loss breakdown: energy_per_atom: 0.6316560828058558, forces: 20.583871953630393, stress: 0.0009806678864851572, 
2026-09-21 13:24:39.775 DEBUG: loss breakdown: energy_per_atom: 9.263328776814097, forces: 12.018894824524422, stress: 0.0012823271435920167, 
2026-09-21 13:24:39.924 DEBUG: loss breakdown: energy_per_atom: 1.9822416300727455, forces: 15.290495993300377, stress: 0.0009409896657002325, 
2026-09-21 13:24:40.052 DEBUG: loss breakdown: energy_per_atom: 12.107579636483045, forces: 13.360327725947862, stress: 0.0015985832256559616, 
2026-09-21 13:24:40.209 DEBUG: loss breakdown: energy_per_atom: 0.26934140964211184, forces: 12.74389729296824, stress: 0.0015295203788311554, 
2026-09-21 13:24:40.365 DEBUG: loss breakdown: energy_per_atom: 0.48899007636022046, forces: 16.709615466462736, stress: 0.0009182964291452704, 
2026-09-21 13:24:40.540 DEBUG: loss breakdown: energy_per_atom: 0.45402253859223696, forces: 19.95863428165692, stress: 0.0015287972076887001, 
2026-09-21 13:24:40.693 DEBUG: loss breakdown: energy_per_atom: 0.38830840985965115, forces: 12.393758840670039, stress: 0.004001597303827207, 
2026-09-21 13:24:40.838 DEBUG: loss breakdown: energy_per_atom: 0.7595413908425886, forces: 15.323079567199544, stress: 0.0011607495572718562, 
2026-09-21 13:24:40.957 DEBUG: loss breakdown: energy_per_atom: 0.31543635507159645, forces: 18.732168558635223, stress: 0.0009475503180034618, 
2026-09-21 13:24:41.085 DEBUG: loss breakdown: energy_per_atom: 1.0461538376837933, forces: 12.428078539202508, stress: 0.0009945665526614929, 
2026-09-21 13:24:41.225 DEBUG: loss breakdown: energy_per_atom: 16.73593961608753, forces: 15.098459929943683, stress: 0.0006616333234086907, 
2026-09-21 13:24:41.640 DEBUG: loss breakdown: energy_per_atom: 2.932831847439475, forces: 13.393377617172888, stress: 0.0007331452611647567, 
2026-09-21 13:24:41.774 DEBUG: loss breakdown: energy_per_atom: 1.4307572392719319, forces: 21.481849902619825, stress: 0.0009319807051491982, 
2026-09-21 13:24:41.895 DEBUG: loss breakdown: energy_per_atom: 0.28353342396974146, forces: 29.129495709481752, stress: 0.0007517085900361109, 
2026-09-21 13:24:42.283 DEBUG: loss breakdown: energy_per_atom: 3.5270411635690455, forces: 4.541546505799132, stress: 0.0008213156923759764, 
2026-09-21 13:24:42.416 DEBUG: loss breakdown: energy_per_atom: 0.1299894830858617, forces: 19.134734789783376, stress: 0.0005507380851536575, 
2026-09-21 13:24:42.540 DEBUG: loss breakdown: energy_per_atom: 0.36484852717780625, forces: 15.92999573036935, stress: 0.0005607948374315804, 
2026-09-21 13:24:42.658 DEBUG: loss breakdown: energy_per_atom: 2.2769893048886027, forces: 21.83166432168439, stress: 0.0006066699066186481, 
2026-09-21 13:24:42.773 DEBUG: loss breakdown: energy_per_atom: 0.21004977181340334, forces: 7.994627606016941, stress: 0.0004930233207641217, 
2026-09-21 13:24:42.903 DEBUG: loss breakdown: energy_per_atom: 1.1371441072141515, forces: 19.105289907389086, stress: 0.0006770332136380572, 
2026-09-21 13:24:43.037 DEBUG: loss breakdown: energy_per_atom: 0.1734071099628132, forces: 14.713362171215886, stress: 0.0005750317215635726, 
2026-09-21 13:24:43.174 DEBUG: loss breakdown: energy_per_atom: 0.24151350780191372, forces: 27.12753840313654, stress: 0.0004966154251431812, 
2026-09-21 13:24:43.311 DEBUG: loss breakdown: energy_per_atom: 0.566958601677066, forces: 11.883586492618663, stress: 0.0004953964529554575, 
2026-09-21 13:24:43.439 DEBUG: loss breakdown: energy_per_atom: 0.195564214789095, forces: 18.107317218704654, stress: 0.002416853218693936, 
2026-09-21 13:24:43.575 DEBUG: loss breakdown: energy_per_atom: 1.6163561378462399, forces: 17.502498406082143, stress: 0.0006283982777562146, 
2026-09-21 13:24:43.706 DEBUG: loss breakdown: energy_per_atom: 0.22896222102263541, forces: 14.943695404934607, stress: 0.0003386703280358362, 
2026-09-21 13:24:43.855 DEBUG: loss breakdown: energy_per_atom: 0.15092193685196262, forces: 33.79431491115602, stress: 0.0005687242148597987, 
2026-09-21 13:24:44.002 DEBUG: loss breakdown: energy_per_atom: 8.645567178881201, forces: 16.733520802450023, stress: 0.004557518953679776, 
2026-09-21 13:24:44.131 DEBUG: loss breakdown: energy_per_atom: 0.09944720889480042, forces: 10.487731038810299, stress: 0.0011280145471636817, 
2026-09-21 13:24:44.281 DEBUG: loss breakdown: energy_per_atom: 7.8145622339777745, forces: 16.60821534706201, stress: 0.0009096526154759048, 
2026-09-21 13:24:44.450 DEBUG: loss breakdown: energy_per_atom: 0.37351155699462607, forces: 350.5791015874771, stress: 0.0012364300595613207, 
2026-09-21 13:24:44.592 DEBUG: loss breakdown: energy_per_atom: 0.18044990644110914, forces: 6.838358017186434, stress: 0.0005919313666112385, 
2026-09-21 13:24:44.745 DEBUG: loss breakdown: energy_per_atom: 0.11564782931852716, forces: 12.391080709389419, stress: 0.0013358154289826102, 
2026-09-21 13:24:44.933 DEBUG: loss breakdown: energy_per_atom: 0.17915588123292092, forces: 14.779200011571824, stress: 0.0008939763775877874, 
2026-09-21 13:24:45.068 DEBUG: loss breakdown: energy_per_atom: 0.7665083180963324, forces: 21.60860424859435, stress: 0.0007251293786770121, 
2026-09-21 13:24:45.202 DEBUG: loss breakdown: energy_per_atom: 2.252747375033016, forces: 12.000102553746455, stress: 0.0007402307863357263, 
2026-09-21 13:24:45.332 DEBUG: loss breakdown: energy_per_atom: 0.5204509116395888, forces: 63.5025274368942, stress: 0.0016303303879573491, 
2026-09-21 13:24:45.467 DEBUG: loss breakdown: energy_per_atom: 0.5895807076052255, forces: 32.5294868448648, stress: 0.0009119848959579713, 
2026-09-21 13:24:45.603 DEBUG: loss breakdown: energy_per_atom: 0.6021657358450865, forces: 20.58572116582203, stress: 0.0010473106217339784, 
2026-09-21 13:24:46.000 DEBUG: loss breakdown: energy_per_atom: 2.714864257591175, forces: 10.783298164305, stress: 0.0009211739191373157, 
2026-09-21 13:24:46.138 DEBUG: loss breakdown: energy_per_atom: 0.17975694721097424, forces: 15.996104396687972, stress: 0.001213371855203735, 
2026-09-21 13:24:46.260 DEBUG: loss breakdown: energy_per_atom: 6.15039168470323, forces: 29.937898156389046, stress: 0.001470118227771519, 
2026-09-21 13:24:46.378 DEBUG: loss breakdown: energy_per_atom: 0.10756643538024512, forces: 27.02643853791054, stress: 0.0009517037235130534, 
2026-09-21 13:24:46.503 DEBUG: loss breakdown: energy_per_atom: 1.087605334703876, forces: 10.107773192007812, stress: 0.0005588373162817335, 
2026-09-21 13:24:46.631 DEBUG: loss breakdown: energy_per_atom: 1.2534509825146058, forces: 11.235177146458534, stress: 0.0007027918391850739, 
2026-09-21 13:24:46.783 DEBUG: loss breakdown: energy_per_atom: 13.614597869321706, forces: 7.8702668460877865, stress: 0.0005857684551445574, 
2026-09-21 13:24:46.924 DEBUG: loss breakdown: energy_per_atom: 0.2816968241708086, forces: 26.498673665063055, stress: 0.0004543099784408017, 
2026-09-21 13:24:47.071 DEBUG: loss breakdown: energy_per_atom: 0.15475703372296085, forces: 34.58365424603388, stress: 0.0006503273262035004, 
2026-09-21 13:24:47.224 DEBUG: loss breakdown: energy_per_atom: 1.116655845044935, forces: 11.100365212724169, stress: 0.0008193870668241079, 
2026-09-21 13:24:47.387 DEBUG: loss breakdown: energy_per_atom: 0.2596416479614245, forces: 16.159807249374833, stress: 0.0009461351498724547, 
2026-09-21 13:24:47.532 DEBUG: loss breakdown: energy_per_atom: 0.6415748670796235, forces: 11.985801238710938, stress: 0.0014142930118733995, 
2026-09-21 13:24:47.660 DEBUG: loss breakdown: energy_per_atom: 0.6591419996764366, forces: 19.379137154917473, stress: 0.0017131491820405046, 
2026-09-21 13:24:47.787 DEBUG: loss breakdown: energy_per_atom: 0.3080313998568524, forces: 16.81753412286285, stress: 0.0004848211222453258, 
