/global/homes/t/twarford/.conda/envs/mace_scf/lib/python3.12/site-packages/e3nn/o3/_wigner.py:10: UserWarning: Environment variable TORCH_FORCE_NO_WEIGHTS_ONLY_LOAD detected, since the`weights_only` argument was not explicitly passed to `torch.load`, forcing weights_only=False.
  _Jd, _W3j_flat, _W3j_indices = torch.load(os.path.join(os.path.dirname(__file__), 'constants.pt'))
/global/homes/t/twarford/.conda/envs/mace_scf/lib/python3.12/site-packages/e3nn/o3/_wigner.py:10: UserWarning: Environment variable TORCH_FORCE_NO_WEIGHTS_ONLY_LOAD detected, since the`weights_only` argument was not explicitly passed to `torch.load`, forcing weights_only=False.
  _Jd, _W3j_flat, _W3j_indices = torch.load(os.path.join(os.path.dirname(__file__), 'constants.pt'))
/global/homes/t/twarford/.conda/envs/mace_scf/lib/python3.12/site-packages/e3nn/o3/_wigner.py:10: UserWarning: Environment variable TORCH_FORCE_NO_WEIGHTS_ONLY_LOAD detected, since the`weights_only` argument was not explicitly passed to `torch.load`, forcing weights_only=False.
  _Jd, _W3j_flat, _W3j_indices = torch.load(os.path.join(os.path.dirname(__file__), 'constants.pt'))
/global/homes/t/twarford/.conda/envs/mace_scf/lib/python3.12/site-packages/e3nn/o3/_wigner.py:10: UserWarning: Environment variable TORCH_FORCE_NO_WEIGHTS_ONLY_LOAD detected, since the`weights_only` argument was not explicitly passed to `torch.load`, forcing weights_only=False.
  _Jd, _W3j_flat, _W3j_indices = torch.load(os.path.join(os.path.dirname(__file__), 'constants.pt'))
/global/homes/t/twarford/.conda/envs/mace_scf/lib/python3.12/site-packages/e3nn/o3/_wigner.py:10: UserWarning: Environment variable TORCH_FORCE_NO_WEIGHTS_ONLY_LOAD detected, since the`weights_only` argument was not explicitly passed to `torch.load`, forcing weights_only=False.
  _Jd, _W3j_flat, _W3j_indices = torch.load(os.path.join(os.path.dirname(__file__), 'constants.pt'))
/global/homes/t/twarford/.conda/envs/mace_scf/lib/python3.12/site-packages/e3nn/o3/_wigner.py:10: UserWarning: Environment variable TORCH_FORCE_NO_WEIGHTS_ONLY_LOAD detected, since the`weights_only` argument was not explicitly passed to `torch.load`, forcing weights_only=False.
  _Jd, _W3j_flat, _W3j_indices = torch.load(os.path.join(os.path.dirname(__file__), 'constants.pt'))
/global/homes/t/twarford/.conda/envs/mace_scf/lib/python3.12/site-packages/e3nn/o3/_wigner.py:10: UserWarning: Environment variable TORCH_FORCE_NO_WEIGHTS_ONLY_LOAD detected, since the`weights_only` argument was not explicitly passed to `torch.load`, forcing weights_only=False.
  _Jd, _W3j_flat, _W3j_indices = torch.load(os.path.join(os.path.dirname(__file__), 'constants.pt'))
/global/homes/t/twarford/.conda/envs/mace_scf/lib/python3.12/site-packages/e3nn/o3/_wigner.py:10: UserWarning: Environment variable TORCH_FORCE_NO_WEIGHTS_ONLY_LOAD detected, since the`weights_only` argument was not explicitly passed to `torch.load`, forcing weights_only=False.
  _Jd, _W3j_flat, _W3j_indices = torch.load(os.path.join(os.path.dirname(__file__), 'constants.pt'))
/global/homes/t/twarford/.conda/envs/mace_scf/lib/python3.12/site-packages/e3nn/o3/_wigner.py:10: UserWarning: Environment variable TORCH_FORCE_NO_WEIGHTS_ONLY_LOAD detected, since the`weights_only` argument was not explicitly passed to `torch.load`, forcing weights_only=False.
  _Jd, _W3j_flat, _W3j_indices = torch.load(os.path.join(os.path.dirname(__file__), 'constants.pt'))
/global/homes/t/twarford/.conda/envs/mace_scf/lib/python3.12/site-packages/e3nn/o3/_wigner.py:10: UserWarning: Environment variable TORCH_FORCE_NO_WEIGHTS_ONLY_LOAD detected, since the`weights_only` argument was not explicitly passed to `torch.load`, forcing weights_only=False.
  _Jd, _W3j_flat, _W3j_indices = torch.load(os.path.join(os.path.dirname(__file__), 'constants.pt'))
/global/homes/t/twarford/.conda/envs/mace_scf/lib/python3.12/site-packages/e3nn/o3/_wigner.py:10: UserWarning: Environment variable TORCH_FORCE_NO_WEIGHTS_ONLY_LOAD detected, since the`weights_only` argument was not explicitly passed to `torch.load`, forcing weights_only=False.
  _Jd, _W3j_flat, _W3j_indices = torch.load(os.path.join(os.path.dirname(__file__), 'constants.pt'))
/global/homes/t/twarford/.conda/envs/mace_scf/lib/python3.12/site-packages/e3nn/o3/_wigner.py:10: UserWarning: Environment variable TORCH_FORCE_NO_WEIGHTS_ONLY_LOAD detected, since the`weights_only` argument was not explicitly passed to `torch.load`, forcing weights_only=False.
  _Jd, _W3j_flat, _W3j_indices = torch.load(os.path.join(os.path.dirname(__file__), 'constants.pt'))
/global/homes/t/twarford/.conda/envs/mace_scf/lib/python3.12/site-packages/e3nn/o3/_wigner.py:10: UserWarning: Environment variable TORCH_FORCE_NO_WEIGHTS_ONLY_LOAD detected, since the`weights_only` argument was not explicitly passed to `torch.load`, forcing weights_only=False.
  _Jd, _W3j_flat, _W3j_indices = torch.load(os.path.join(os.path.dirname(__file__), 'constants.pt'))
/global/homes/t/twarford/.conda/envs/mace_scf/lib/python3.12/site-packages/e3nn/o3/_wigner.py:10: UserWarning: Environment variable TORCH_FORCE_NO_WEIGHTS_ONLY_LOAD detected, since the`weights_only` argument was not explicitly passed to `torch.load`, forcing weights_only=False.
  _Jd, _W3j_flat, _W3j_indices = torch.load(os.path.join(os.path.dirname(__file__), 'constants.pt'))
/global/homes/t/twarford/.conda/envs/mace_scf/lib/python3.12/site-packages/e3nn/o3/_wigner.py:10: UserWarning: Environment variable TORCH_FORCE_NO_WEIGHTS_ONLY_LOAD detected, since the`weights_only` argument was not explicitly passed to `torch.load`, forcing weights_only=False.
  _Jd, _W3j_flat, _W3j_indices = torch.load(os.path.join(os.path.dirname(__file__), 'constants.pt'))
/global/homes/t/twarford/.conda/envs/mace_scf/lib/python3.12/site-packages/e3nn/o3/_wigner.py:10: UserWarning: Environment variable TORCH_FORCE_NO_WEIGHTS_ONLY_LOAD detected, since the`weights_only` argument was not explicitly passed to `torch.load`, forcing weights_only=False.
  _Jd, _W3j_flat, _W3j_indices = torch.load(os.path.join(os.path.dirname(__file__), 'constants.pt'))
/global/homes/t/twarford/.conda/envs/mace_scf/lib/python3.12/site-packages/e3nn/o3/_wigner.py:10: UserWarning: Environment variable TORCH_FORCE_NO_WEIGHTS_ONLY_LOAD detected, since the`weights_only` argument was not explicitly passed to `torch.load`, forcing weights_only=False.
  _Jd, _W3j_flat, _W3j_indices = torch.load(os.path.join(os.path.dirname(__file__), 'constants.pt'))
/global/homes/t/twarford/.conda/envs/mace_scf/lib/python3.12/site-packages/e3nn/o3/_wigner.py:10: UserWarning: Environment variable TORCH_FORCE_NO_WEIGHTS_ONLY_LOAD detected, since the`weights_only` argument was not explicitly passed to `torch.load`, forcing weights_only=False.
  _Jd, _W3j_flat, _W3j_indices = torch.load(os.path.join(os.path.dirname(__file__), 'constants.pt'))
/global/homes/t/twarford/.conda/envs/mace_scf/lib/python3.12/site-packages/e3nn/o3/_wigner.py:10: UserWarning: Environment variable TORCH_FORCE_NO_WEIGHTS_ONLY_LOAD detected, since the`weights_only` argument was not explicitly passed to `torch.load`, forcing weights_only=False.
  _Jd, _W3j_flat, _W3j_indices = torch.load(os.path.join(os.path.dirname(__file__), 'constants.pt'))
/global/homes/t/twarford/.conda/envs/mace_scf/lib/python3.12/site-packages/e3nn/o3/_wigner.py:10: UserWarning: Environment variable TORCH_FORCE_NO_WEIGHTS_ONLY_LOAD detected, since the`weights_only` argument was not explicitly passed to `torch.load`, forcing weights_only=False.
  _Jd, _W3j_flat, _W3j_indices = torch.load(os.path.join(os.path.dirname(__file__), 'constants.pt'))
/global/homes/t/twarford/.conda/envs/mace_scf/lib/python3.12/site-packages/e3nn/o3/_wigner.py:10: UserWarning: Environment variable TORCH_FORCE_NO_WEIGHTS_ONLY_LOAD detected, since the`weights_only` argument was not explicitly passed to `torch.load`, forcing weights_only=False.
  _Jd, _W3j_flat, _W3j_indices = torch.load(os.path.join(os.path.dirname(__file__), 'constants.pt'))
/global/homes/t/twarford/.conda/envs/mace_scf/lib/python3.12/site-packages/e3nn/o3/_wigner.py:10: UserWarning: Environment variable TORCH_FORCE_NO_WEIGHTS_ONLY_LOAD detected, since the`weights_only` argument was not explicitly passed to `torch.load`, forcing weights_only=False.
  _Jd, _W3j_flat, _W3j_indices = torch.load(os.path.join(os.path.dirname(__file__), 'constants.pt'))
/global/homes/t/twarford/.conda/envs/mace_scf/lib/python3.12/site-packages/e3nn/o3/_wigner.py:10: UserWarning: Environment variable TORCH_FORCE_NO_WEIGHTS_ONLY_LOAD detected, since the`weights_only` argument was not explicitly passed to `torch.load`, forcing weights_only=False.
  _Jd, _W3j_flat, _W3j_indices = torch.load(os.path.join(os.path.dirname(__file__), 'constants.pt'))
/global/homes/t/twarford/.conda/envs/mace_scf/lib/python3.12/site-packages/e3nn/o3/_wigner.py:10: UserWarning: Environment variable TORCH_FORCE_NO_WEIGHTS_ONLY_LOAD detected, since the`weights_only` argument was not explicitly passed to `torch.load`, forcing weights_only=False.
  _Jd, _W3j_flat, _W3j_indices = torch.load(os.path.join(os.path.dirname(__file__), 'constants.pt'))
/global/homes/t/twarford/.conda/envs/mace_scf/lib/python3.12/site-packages/e3nn/o3/_wigner.py:10: UserWarning: Environment variable TORCH_FORCE_NO_WEIGHTS_ONLY_LOAD detected, since the`weights_only` argument was not explicitly passed to `torch.load`, forcing weights_only=False.
  _Jd, _W3j_flat, _W3j_indices = torch.load(os.path.join(os.path.dirname(__file__), 'constants.pt'))
/global/homes/t/twarford/.conda/envs/mace_scf/lib/python3.12/site-packages/e3nn/o3/_wigner.py:10: UserWarning: Environment variable TORCH_FORCE_NO_WEIGHTS_ONLY_LOAD detected, since the`weights_only` argument was not explicitly passed to `torch.load`, forcing weights_only=False.
  _Jd, _W3j_flat, _W3j_indices = torch.load(os.path.join(os.path.dirname(__file__), 'constants.pt'))
/global/homes/t/twarford/.conda/envs/mace_scf/lib/python3.12/site-packages/e3nn/o3/_wigner.py:10: UserWarning: Environment variable TORCH_FORCE_NO_WEIGHTS_ONLY_LOAD detected, since the`weights_only` argument was not explicitly passed to `torch.load`, forcing weights_only=False.
  _Jd, _W3j_flat, _W3j_indices = torch.load(os.path.join(os.path.dirname(__file__), 'constants.pt'))
/global/homes/t/twarford/.conda/envs/mace_scf/lib/python3.12/site-packages/e3nn/o3/_wigner.py:10: UserWarning: Environment variable TORCH_FORCE_NO_WEIGHTS_ONLY_LOAD detected, since the`weights_only` argument was not explicitly passed to `torch.load`, forcing weights_only=False.
  _Jd, _W3j_flat, _W3j_indices = torch.load(os.path.join(os.path.dirname(__file__), 'constants.pt'))
/global/homes/t/twarford/.conda/envs/mace_scf/lib/python3.12/site-packages/e3nn/o3/_wigner.py:10: UserWarning: Environment variable TORCH_FORCE_NO_WEIGHTS_ONLY_LOAD detected, since the`weights_only` argument was not explicitly passed to `torch.load`, forcing weights_only=False.
  _Jd, _W3j_flat, _W3j_indices = torch.load(os.path.join(os.path.dirname(__file__), 'constants.pt'))
/global/homes/t/twarford/.conda/envs/mace_scf/lib/python3.12/site-packages/e3nn/o3/_wigner.py:10: UserWarning: Environment variable TORCH_FORCE_NO_WEIGHTS_ONLY_LOAD detected, since the`weights_only` argument was not explicitly passed to `torch.load`, forcing weights_only=False.
  _Jd, _W3j_flat, _W3j_indices = torch.load(os.path.join(os.path.dirname(__file__), 'constants.pt'))
/global/homes/t/twarford/.conda/envs/mace_scf/lib/python3.12/site-packages/e3nn/o3/_wigner.py:10: UserWarning: Environment variable TORCH_FORCE_NO_WEIGHTS_ONLY_LOAD detected, since the`weights_only` argument was not explicitly passed to `torch.load`, forcing weights_only=False.
  _Jd, _W3j_flat, _W3j_indices = torch.load(os.path.join(os.path.dirname(__file__), 'constants.pt'))
/global/homes/t/twarford/.conda/envs/mace_scf/lib/python3.12/site-packages/e3nn/o3/_wigner.py:10: UserWarning: Environment variable TORCH_FORCE_NO_WEIGHTS_ONLY_LOAD detected, since the`weights_only` argument was not explicitly passed to `torch.load`, forcing weights_only=False.
  _Jd, _W3j_flat, _W3j_indices = torch.load(os.path.join(os.path.dirname(__file__), 'constants.pt'))
/global/homes/t/twarford/.conda/envs/mace_scf/lib/python3.12/site-packages/torch/jit/_script.py:1488: DeprecationWarning: `torch.jit.script` is deprecated. Please switch to `torch.compile` or `torch.export`.
  warnings.warn(
/global/homes/t/twarford/.conda/envs/mace_scf/lib/python3.12/site-packages/torch/jit/_script.py:1488: DeprecationWarning: `torch.jit.script` is deprecated. Please switch to `torch.compile` or `torch.export`.
  warnings.warn(
/global/homes/t/twarford/.conda/envs/mace_scf/lib/python3.12/site-packages/torch/jit/_script.py:1488: DeprecationWarning: `torch.jit.script` is deprecated. Please switch to `torch.compile` or `torch.export`.
  warnings.warn(
/global/homes/t/twarford/.conda/envs/mace_scf/lib/python3.12/site-packages/torch/jit/_script.py:1488: DeprecationWarning: `torch.jit.script` is deprecated. Please switch to `torch.compile` or `torch.export`.
  warnings.warn(
/global/homes/t/twarford/.conda/envs/mace_scf/lib/python3.12/site-packages/torch/jit/_script.py:1488: DeprecationWarning: `torch.jit.script` is deprecated. Please switch to `torch.compile` or `torch.export`.
  warnings.warn(
/global/homes/t/twarford/.conda/envs/mace_scf/lib/python3.12/site-packages/torch/jit/_script.py:1488: DeprecationWarning: `torch.jit.script` is deprecated. Please switch to `torch.compile` or `torch.export`.
  warnings.warn(
/global/homes/t/twarford/.conda/envs/mace_scf/lib/python3.12/site-packages/torch/jit/_script.py:1488: DeprecationWarning: `torch.jit.script` is deprecated. Please switch to `torch.compile` or `torch.export`.
  warnings.warn(
/global/homes/t/twarford/.conda/envs/mace_scf/lib/python3.12/site-packages/torch/jit/_script.py:1488: DeprecationWarning: `torch.jit.script` is deprecated. Please switch to `torch.compile` or `torch.export`.
  warnings.warn(
/global/homes/t/twarford/.conda/envs/mace_scf/lib/python3.12/site-packages/torch/jit/_script.py:1488: DeprecationWarning: `torch.jit.script` is deprecated. Please switch to `torch.compile` or `torch.export`.
  warnings.warn(
/global/homes/t/twarford/.conda/envs/mace_scf/lib/python3.12/site-packages/torch/jit/_script.py:1488: DeprecationWarning: `torch.jit.script` is deprecated. Please switch to `torch.compile` or `torch.export`.
  warnings.warn(
/global/homes/t/twarford/.conda/envs/mace_scf/lib/python3.12/site-packages/torch/jit/_script.py:1488: DeprecationWarning: `torch.jit.script` is deprecated. Please switch to `torch.compile` or `torch.export`.
  warnings.warn(
/global/homes/t/twarford/.conda/envs/mace_scf/lib/python3.12/site-packages/torch/jit/_script.py:1488: DeprecationWarning: `torch.jit.script` is deprecated. Please switch to `torch.compile` or `torch.export`.
  warnings.warn(
/global/homes/t/twarford/.conda/envs/mace_scf/lib/python3.12/site-packages/torch/jit/_script.py:1488: DeprecationWarning: `torch.jit.script` is deprecated. Please switch to `torch.compile` or `torch.export`.
  warnings.warn(
/global/homes/t/twarford/.conda/envs/mace_scf/lib/python3.12/site-packages/torch/jit/_script.py:1488: DeprecationWarning: `torch.jit.script` is deprecated. Please switch to `torch.compile` or `torch.export`.
  warnings.warn(
/global/homes/t/twarford/.conda/envs/mace_scf/lib/python3.12/site-packages/torch/jit/_script.py:1488: DeprecationWarning: `torch.jit.script` is deprecated. Please switch to `torch.compile` or `torch.export`.
  warnings.warn(
/global/homes/t/twarford/.conda/envs/mace_scf/lib/python3.12/site-packages/torch/jit/_script.py:1488: DeprecationWarning: `torch.jit.script` is deprecated. Please switch to `torch.compile` or `torch.export`.
  warnings.warn(
/global/homes/t/twarford/.conda/envs/mace_scf/lib/python3.12/site-packages/torch/jit/_script.py:1488: DeprecationWarning: `torch.jit.script` is deprecated. Please switch to `torch.compile` or `torch.export`.
  warnings.warn(
/global/homes/t/twarford/.conda/envs/mace_scf/lib/python3.12/site-packages/torch/jit/_script.py:1488: DeprecationWarning: `torch.jit.script` is deprecated. Please switch to `torch.compile` or `torch.export`.
  warnings.warn(
/global/homes/t/twarford/.conda/envs/mace_scf/lib/python3.12/site-packages/torch/jit/_script.py:1488: DeprecationWarning: `torch.jit.script` is deprecated. Please switch to `torch.compile` or `torch.export`.
  warnings.warn(
/global/homes/t/twarford/.conda/envs/mace_scf/lib/python3.12/site-packages/torch/jit/_script.py:1488: DeprecationWarning: `torch.jit.script` is deprecated. Please switch to `torch.compile` or `torch.export`.
  warnings.warn(
/global/homes/t/twarford/.conda/envs/mace_scf/lib/python3.12/site-packages/torch/jit/_script.py:1488: DeprecationWarning: `torch.jit.script` is deprecated. Please switch to `torch.compile` or `torch.export`.
  warnings.warn(
/global/homes/t/twarford/.conda/envs/mace_scf/lib/python3.12/site-packages/torch/jit/_script.py:1488: DeprecationWarning: `torch.jit.script` is deprecated. Please switch to `torch.compile` or `torch.export`.
  warnings.warn(
/global/homes/t/twarford/.conda/envs/mace_scf/lib/python3.12/site-packages/torch/jit/_script.py:1488: DeprecationWarning: `torch.jit.script` is deprecated. Please switch to `torch.compile` or `torch.export`.
  warnings.warn(
/global/homes/t/twarford/.conda/envs/mace_scf/lib/python3.12/site-packages/torch/jit/_script.py:1488: DeprecationWarning: `torch.jit.script` is deprecated. Please switch to `torch.compile` or `torch.export`.
  warnings.warn(
/global/homes/t/twarford/.conda/envs/mace_scf/lib/python3.12/site-packages/torch/jit/_script.py:1488: DeprecationWarning: `torch.jit.script` is deprecated. Please switch to `torch.compile` or `torch.export`.
  warnings.warn(
/global/homes/t/twarford/.conda/envs/mace_scf/lib/python3.12/site-packages/torch/jit/_script.py:1488: DeprecationWarning: `torch.jit.script` is deprecated. Please switch to `torch.compile` or `torch.export`.
  warnings.warn(
/global/homes/t/twarford/.conda/envs/mace_scf/lib/python3.12/site-packages/torch/jit/_script.py:1488: DeprecationWarning: `torch.jit.script` is deprecated. Please switch to `torch.compile` or `torch.export`.
  warnings.warn(
/global/homes/t/twarford/.conda/envs/mace_scf/lib/python3.12/site-packages/torch/jit/_script.py:1488: DeprecationWarning: `torch.jit.script` is deprecated. Please switch to `torch.compile` or `torch.export`.
  warnings.warn(
/global/u1/t/twarford/dev/mace-scf/mace_scf/utils/implicit.py:7: UserWarning: torchopt not found, implicit differentiation not available
  warnings.warn("torchopt not found, implicit differentiation not available")
/global/u1/t/twarford/dev/mace-scf/mace_scf/utils/implicit.py:7: UserWarning: torchopt not found, implicit differentiation not available
  warnings.warn("torchopt not found, implicit differentiation not available")
/global/u1/t/twarford/dev/mace-scf/mace_scf/utils/implicit.py:7: UserWarning: torchopt not found, implicit differentiation not available
  warnings.warn("torchopt not found, implicit differentiation not available")
/global/u1/t/twarford/dev/mace-scf/mace_scf/utils/implicit.py:7: UserWarning: torchopt not found, implicit differentiation not available
  warnings.warn("torchopt not found, implicit differentiation not available")
/global/u1/t/twarford/dev/mace-scf/mace_scf/utils/implicit.py:7: UserWarning: torchopt not found, implicit differentiation not available
  warnings.warn("torchopt not found, implicit differentiation not available")
/global/u1/t/twarford/dev/mace-scf/mace_scf/utils/implicit.py:7: UserWarning: torchopt not found, implicit differentiation not available
  warnings.warn("torchopt not found, implicit differentiation not available")
/global/u1/t/twarford/dev/mace-scf/mace_scf/utils/implicit.py:7: UserWarning: torchopt not found, implicit differentiation not available
  warnings.warn("torchopt not found, implicit differentiation not available")
/global/u1/t/twarford/dev/mace-scf/mace_scf/utils/implicit.py:7: UserWarning: torchopt not found, implicit differentiation not available
  warnings.warn("torchopt not found, implicit differentiation not available")
/global/u1/t/twarford/dev/mace-scf/mace_scf/utils/implicit.py:7: UserWarning: torchopt not found, implicit differentiation not available
  warnings.warn("torchopt not found, implicit differentiation not available")
/global/u1/t/twarford/dev/mace-scf/mace_scf/utils/implicit.py:7: UserWarning: torchopt not found, implicit differentiation not available
  warnings.warn("torchopt not found, implicit differentiation not available")
/global/u1/t/twarford/dev/mace-scf/mace_scf/utils/implicit.py:7: UserWarning: torchopt not found, implicit differentiation not available
  warnings.warn("torchopt not found, implicit differentiation not available")
/global/u1/t/twarford/dev/mace-scf/mace_scf/utils/implicit.py:7: UserWarning: torchopt not found, implicit differentiation not available
  warnings.warn("torchopt not found, implicit differentiation not available")
/global/u1/t/twarford/dev/mace-scf/mace_scf/utils/implicit.py:7: UserWarning: torchopt not found, implicit differentiation not available
  warnings.warn("torchopt not found, implicit differentiation not available")
/global/u1/t/twarford/dev/mace-scf/mace_scf/utils/implicit.py:7: UserWarning: torchopt not found, implicit differentiation not available
  warnings.warn("torchopt not found, implicit differentiation not available")
/global/u1/t/twarford/dev/mace-scf/mace_scf/utils/implicit.py:7: UserWarning: torchopt not found, implicit differentiation not available
  warnings.warn("torchopt not found, implicit differentiation not available")
/global/u1/t/twarford/dev/mace-scf/mace_scf/utils/implicit.py:7: UserWarning: torchopt not found, implicit differentiation not available
  warnings.warn("torchopt not found, implicit differentiation not available")
/global/u1/t/twarford/dev/mace-scf/mace_scf/utils/implicit.py:7: UserWarning: torchopt not found, implicit differentiation not available
  warnings.warn("torchopt not found, implicit differentiation not available")
/global/u1/t/twarford/dev/mace-scf/mace_scf/utils/implicit.py:7: UserWarning: torchopt not found, implicit differentiation not available
  warnings.warn("torchopt not found, implicit differentiation not available")
/global/u1/t/twarford/dev/mace-scf/mace_scf/utils/implicit.py:7: UserWarning: torchopt not found, implicit differentiation not available
  warnings.warn("torchopt not found, implicit differentiation not available")
/global/u1/t/twarford/dev/mace-scf/mace_scf/utils/implicit.py:7: UserWarning: torchopt not found, implicit differentiation not available
  warnings.warn("torchopt not found, implicit differentiation not available")
/global/u1/t/twarford/dev/mace-scf/mace_scf/utils/implicit.py:7: UserWarning: torchopt not found, implicit differentiation not available
  warnings.warn("torchopt not found, implicit differentiation not available")
/global/u1/t/twarford/dev/mace-scf/mace_scf/utils/implicit.py:7: UserWarning: torchopt not found, implicit differentiation not available
  warnings.warn("torchopt not found, implicit differentiation not available")
/global/u1/t/twarford/dev/mace-scf/mace_scf/utils/implicit.py:7: UserWarning: torchopt not found, implicit differentiation not available
  warnings.warn("torchopt not found, implicit differentiation not available")
/global/u1/t/twarford/dev/mace-scf/mace_scf/utils/implicit.py:7: UserWarning: torchopt not found, implicit differentiation not available
  warnings.warn("torchopt not found, implicit differentiation not available")
/global/u1/t/twarford/dev/mace-scf/mace_scf/utils/implicit.py:7: UserWarning: torchopt not found, implicit differentiation not available
  warnings.warn("torchopt not found, implicit differentiation not available")
/global/u1/t/twarford/dev/mace-scf/mace_scf/utils/implicit.py:7: UserWarning: torchopt not found, implicit differentiation not available
  warnings.warn("torchopt not found, implicit differentiation not available")
/global/u1/t/twarford/dev/mace-scf/mace_scf/utils/implicit.py:7: UserWarning: torchopt not found, implicit differentiation not available
  warnings.warn("torchopt not found, implicit differentiation not available")
/global/u1/t/twarford/dev/mace-scf/mace_scf/utils/implicit.py:7: UserWarning: torchopt not found, implicit differentiation not available
  warnings.warn("torchopt not found, implicit differentiation not available")
/global/homes/t/twarford/.conda/envs/mace_scf/lib/python3.12/site-packages/torch/jit/_script.py:1488: DeprecationWarning: `torch.jit.script` is deprecated. Please switch to `torch.compile` or `torch.export`.
  warnings.warn(
/global/homes/t/twarford/.conda/envs/mace_scf/lib/python3.12/site-packages/torch/jit/_script.py:1488: DeprecationWarning: `torch.jit.script` is deprecated. Please switch to `torch.compile` or `torch.export`.
  warnings.warn(
/global/homes/t/twarford/.conda/envs/mace_scf/lib/python3.12/site-packages/torch/jit/_script.py:1488: DeprecationWarning: `torch.jit.script` is deprecated. Please switch to `torch.compile` or `torch.export`.
  warnings.warn(
/global/homes/t/twarford/.conda/envs/mace_scf/lib/python3.12/site-packages/torch/jit/_script.py:1488: DeprecationWarning: `torch.jit.script` is deprecated. Please switch to `torch.compile` or `torch.export`.
  warnings.warn(
/global/u1/t/twarford/dev/mace-scf/mace_scf/utils/implicit.py:7: UserWarning: torchopt not found, implicit differentiation not available
  warnings.warn("torchopt not found, implicit differentiation not available")
/global/u1/t/twarford/dev/mace-scf/mace_scf/utils/implicit.py:7: UserWarning: torchopt not found, implicit differentiation not available
  warnings.warn("torchopt not found, implicit differentiation not available")
/global/u1/t/twarford/dev/mace-scf/mace_scf/utils/implicit.py:7: UserWarning: torchopt not found, implicit differentiation not available
  warnings.warn("torchopt not found, implicit differentiation not available")
/global/u1/t/twarford/dev/mace-scf/mace_scf/utils/implicit.py:7: UserWarning: torchopt not found, implicit differentiation not available
  warnings.warn("torchopt not found, implicit differentiation not available")
/global/homes/t/twarford/.conda/envs/mace_scf/lib/python3.12/site-packages/torch/jit/_script.py:1488: DeprecationWarning: `torch.jit.script` is deprecated. Please switch to `torch.compile` or `torch.export`.
  warnings.warn(
/global/homes/t/twarford/.conda/envs/mace_scf/lib/python3.12/site-packages/torch/jit/_script.py:1488: DeprecationWarning: `torch.jit.script` is deprecated. Please switch to `torch.compile` or `torch.export`.
  warnings.warn(
/global/homes/t/twarford/.conda/envs/mace_scf/lib/python3.12/site-packages/torch/jit/_script.py:1488: DeprecationWarning: `torch.jit.script` is deprecated. Please switch to `torch.compile` or `torch.export`.
  warnings.warn(
/global/homes/t/twarford/.conda/envs/mace_scf/lib/python3.12/site-packages/torch/jit/_script.py:1488: DeprecationWarning: `torch.jit.script` is deprecated. Please switch to `torch.compile` or `torch.export`.
  warnings.warn(
/global/homes/t/twarford/.conda/envs/mace_scf/lib/python3.12/site-packages/torch/jit/_script.py:1488: DeprecationWarning: `torch.jit.script` is deprecated. Please switch to `torch.compile` or `torch.export`.
  warnings.warn(
/global/homes/t/twarford/.conda/envs/mace_scf/lib/python3.12/site-packages/torch/jit/_script.py:1488: DeprecationWarning: `torch.jit.script` is deprecated. Please switch to `torch.compile` or `torch.export`.
  warnings.warn(
/global/homes/t/twarford/.conda/envs/mace_scf/lib/python3.12/site-packages/torch/jit/_script.py:1488: DeprecationWarning: `torch.jit.script` is deprecated. Please switch to `torch.compile` or `torch.export`.
  warnings.warn(
/global/homes/t/twarford/.conda/envs/mace_scf/lib/python3.12/site-packages/torch/jit/_script.py:1488: DeprecationWarning: `torch.jit.script` is deprecated. Please switch to `torch.compile` or `torch.export`.
  warnings.warn(
/global/homes/t/twarford/.conda/envs/mace_scf/lib/python3.12/site-packages/torch/jit/_script.py:1488: DeprecationWarning: `torch.jit.script` is deprecated. Please switch to `torch.compile` or `torch.export`.
  warnings.warn(
/global/homes/t/twarford/.conda/envs/mace_scf/lib/python3.12/site-packages/torch/jit/_script.py:1488: DeprecationWarning: `torch.jit.script` is deprecated. Please switch to `torch.compile` or `torch.export`.
  warnings.warn(
/global/homes/t/twarford/.conda/envs/mace_scf/lib/python3.12/site-packages/torch/jit/_script.py:1488: DeprecationWarning: `torch.jit.script` is deprecated. Please switch to `torch.compile` or `torch.export`.
  warnings.warn(
/global/homes/t/twarford/.conda/envs/mace_scf/lib/python3.12/site-packages/torch/jit/_script.py:1488: DeprecationWarning: `torch.jit.script` is deprecated. Please switch to `torch.compile` or `torch.export`.
  warnings.warn(
/global/homes/t/twarford/.conda/envs/mace_scf/lib/python3.12/site-packages/torch/jit/_script.py:1488: DeprecationWarning: `torch.jit.script` is deprecated. Please switch to `torch.compile` or `torch.export`.
  warnings.warn(
/global/homes/t/twarford/.conda/envs/mace_scf/lib/python3.12/site-packages/torch/jit/_script.py:1488: DeprecationWarning: `torch.jit.script` is deprecated. Please switch to `torch.compile` or `torch.export`.
  warnings.warn(
/global/homes/t/twarford/.conda/envs/mace_scf/lib/python3.12/site-packages/torch/jit/_script.py:1488: DeprecationWarning: `torch.jit.script` is deprecated. Please switch to `torch.compile` or `torch.export`.
  warnings.warn(
/global/homes/t/twarford/.conda/envs/mace_scf/lib/python3.12/site-packages/torch/jit/_script.py:1488: DeprecationWarning: `torch.jit.script` is deprecated. Please switch to `torch.compile` or `torch.export`.
  warnings.warn(
/global/homes/t/twarford/.conda/envs/mace_scf/lib/python3.12/ast.py:407: UserWarning: The TorchScript type system doesn't support instance-level annotations on empty non-base types in `__init__`. Instead, either 1) use a type annotation in the class body, or 2) wrap the type in `torch.jit.Attribute`.
  return visitor(node)
/global/homes/t/twarford/.conda/envs/mace_scf/lib/python3.12/ast.py:407: UserWarning: The TorchScript type system doesn't support instance-level annotations on empty non-base types in `__init__`. Instead, either 1) use a type annotation in the class body, or 2) wrap the type in `torch.jit.Attribute`.
  return visitor(node)
/global/homes/t/twarford/.conda/envs/mace_scf/lib/python3.12/ast.py:407: UserWarning: The TorchScript type system doesn't support instance-level annotations on empty non-base types in `__init__`. Instead, either 1) use a type annotation in the class body, or 2) wrap the type in `torch.jit.Attribute`.
  return visitor(node)
/global/homes/t/twarford/.conda/envs/mace_scf/lib/python3.12/site-packages/torch/jit/_script.py:1488: DeprecationWarning: `torch.jit.script` is deprecated. Please switch to `torch.compile` or `torch.export`.
  warnings.warn(
/global/homes/t/twarford/.conda/envs/mace_scf/lib/python3.12/ast.py:407: UserWarning: The TorchScript type system doesn't support instance-level annotations on empty non-base types in `__init__`. Instead, either 1) use a type annotation in the class body, or 2) wrap the type in `torch.jit.Attribute`.
  return visitor(node)
/global/homes/t/twarford/.conda/envs/mace_scf/lib/python3.12/ast.py:407: UserWarning: The TorchScript type system doesn't support instance-level annotations on empty non-base types in `__init__`. Instead, either 1) use a type annotation in the class body, or 2) wrap the type in `torch.jit.Attribute`.
  return visitor(node)
/global/homes/t/twarford/.conda/envs/mace_scf/lib/python3.12/ast.py:407: UserWarning: The TorchScript type system doesn't support instance-level annotations on empty non-base types in `__init__`. Instead, either 1) use a type annotation in the class body, or 2) wrap the type in `torch.jit.Attribute`.
  return visitor(node)
/global/homes/t/twarford/.conda/envs/mace_scf/lib/python3.12/ast.py:407: UserWarning: The TorchScript type system doesn't support instance-level annotations on empty non-base types in `__init__`. Instead, either 1) use a type annotation in the class body, or 2) wrap the type in `torch.jit.Attribute`.
  return visitor(node)
/global/homes/t/twarford/.conda/envs/mace_scf/lib/python3.12/ast.py:407: UserWarning: The TorchScript type system doesn't support instance-level annotations on empty non-base types in `__init__`. Instead, either 1) use a type annotation in the class body, or 2) wrap the type in `torch.jit.Attribute`.
  return visitor(node)
/global/homes/t/twarford/.conda/envs/mace_scf/lib/python3.12/ast.py:407: UserWarning: The TorchScript type system doesn't support instance-level annotations on empty non-base types in `__init__`. Instead, either 1) use a type annotation in the class body, or 2) wrap the type in `torch.jit.Attribute`.
  return visitor(node)
/global/homes/t/twarford/.conda/envs/mace_scf/lib/python3.12/ast.py:407: UserWarning: The TorchScript type system doesn't support instance-level annotations on empty non-base types in `__init__`. Instead, either 1) use a type annotation in the class body, or 2) wrap the type in `torch.jit.Attribute`.
  return visitor(node)
/global/homes/t/twarford/.conda/envs/mace_scf/lib/python3.12/ast.py:407: UserWarning: The TorchScript type system doesn't support instance-level annotations on empty non-base types in `__init__`. Instead, either 1) use a type annotation in the class body, or 2) wrap the type in `torch.jit.Attribute`.
  return visitor(node)
/global/homes/t/twarford/.conda/envs/mace_scf/lib/python3.12/ast.py:407: UserWarning: The TorchScript type system doesn't support instance-level annotations on empty non-base types in `__init__`. Instead, either 1) use a type annotation in the class body, or 2) wrap the type in `torch.jit.Attribute`.
  return visitor(node)
/global/homes/t/twarford/.conda/envs/mace_scf/lib/python3.12/ast.py:407: UserWarning: The TorchScript type system doesn't support instance-level annotations on empty non-base types in `__init__`. Instead, either 1) use a type annotation in the class body, or 2) wrap the type in `torch.jit.Attribute`.
  return visitor(node)
/global/homes/t/twarford/.conda/envs/mace_scf/lib/python3.12/ast.py:407: UserWarning: The TorchScript type system doesn't support instance-level annotations on empty non-base types in `__init__`. Instead, either 1) use a type annotation in the class body, or 2) wrap the type in `torch.jit.Attribute`.
  return visitor(node)
/global/homes/t/twarford/.conda/envs/mace_scf/lib/python3.12/ast.py:407: UserWarning: The TorchScript type system doesn't support instance-level annotations on empty non-base types in `__init__`. Instead, either 1) use a type annotation in the class body, or 2) wrap the type in `torch.jit.Attribute`.
  return visitor(node)
/global/homes/t/twarford/.conda/envs/mace_scf/lib/python3.12/ast.py:407: UserWarning: The TorchScript type system doesn't support instance-level annotations on empty non-base types in `__init__`. Instead, either 1) use a type annotation in the class body, or 2) wrap the type in `torch.jit.Attribute`.
  return visitor(node)
/global/homes/t/twarford/.conda/envs/mace_scf/lib/python3.12/ast.py:407: UserWarning: The TorchScript type system doesn't support instance-level annotations on empty non-base types in `__init__`. Instead, either 1) use a type annotation in the class body, or 2) wrap the type in `torch.jit.Attribute`.
  return visitor(node)
/global/homes/t/twarford/.conda/envs/mace_scf/lib/python3.12/site-packages/torch/jit/_script.py:1488: DeprecationWarning: `torch.jit.script` is deprecated. Please switch to `torch.compile` or `torch.export`.
  warnings.warn(
/global/homes/t/twarford/.conda/envs/mace_scf/lib/python3.12/site-packages/torch/jit/_script.py:1488: DeprecationWarning: `torch.jit.script` is deprecated. Please switch to `torch.compile` or `torch.export`.
  warnings.warn(
/global/homes/t/twarford/.conda/envs/mace_scf/lib/python3.12/site-packages/torch/jit/_script.py:1488: DeprecationWarning: `torch.jit.script` is deprecated. Please switch to `torch.compile` or `torch.export`.
  warnings.warn(
/global/homes/t/twarford/.conda/envs/mace_scf/lib/python3.12/site-packages/torch/jit/_script.py:1488: DeprecationWarning: `torch.jit.script` is deprecated. Please switch to `torch.compile` or `torch.export`.
  warnings.warn(
/global/homes/t/twarford/.conda/envs/mace_scf/lib/python3.12/site-packages/torch/jit/_script.py:1488: DeprecationWarning: `torch.jit.script` is deprecated. Please switch to `torch.compile` or `torch.export`.
  warnings.warn(
/global/homes/t/twarford/.conda/envs/mace_scf/lib/python3.12/site-packages/torch/jit/_script.py:1488: DeprecationWarning: `torch.jit.script` is deprecated. Please switch to `torch.compile` or `torch.export`.
  warnings.warn(
/global/homes/t/twarford/.conda/envs/mace_scf/lib/python3.12/site-packages/torch/jit/_script.py:1488: DeprecationWarning: `torch.jit.script` is deprecated. Please switch to `torch.compile` or `torch.export`.
  warnings.warn(
/global/homes/t/twarford/.conda/envs/mace_scf/lib/python3.12/site-packages/torch/jit/_script.py:1488: DeprecationWarning: `torch.jit.script` is deprecated. Please switch to `torch.compile` or `torch.export`.
  warnings.warn(
/global/homes/t/twarford/.conda/envs/mace_scf/lib/python3.12/site-packages/torch/jit/_script.py:1488: DeprecationWarning: `torch.jit.script` is deprecated. Please switch to `torch.compile` or `torch.export`.
  warnings.warn(
/global/homes/t/twarford/.conda/envs/mace_scf/lib/python3.12/site-packages/torch/jit/_script.py:1488: DeprecationWarning: `torch.jit.script` is deprecated. Please switch to `torch.compile` or `torch.export`.
  warnings.warn(
/global/homes/t/twarford/.conda/envs/mace_scf/lib/python3.12/site-packages/torch/jit/_script.py:1488: DeprecationWarning: `torch.jit.script` is deprecated. Please switch to `torch.compile` or `torch.export`.
  warnings.warn(
/global/homes/t/twarford/.conda/envs/mace_scf/lib/python3.12/site-packages/torch/jit/_script.py:1488: DeprecationWarning: `torch.jit.script` is deprecated. Please switch to `torch.compile` or `torch.export`.
  warnings.warn(
/global/homes/t/twarford/.conda/envs/mace_scf/lib/python3.12/site-packages/torch/jit/_script.py:1488: DeprecationWarning: `torch.jit.script` is deprecated. Please switch to `torch.compile` or `torch.export`.
  warnings.warn(
/global/homes/t/twarford/.conda/envs/mace_scf/lib/python3.12/site-packages/torch/jit/_script.py:1488: DeprecationWarning: `torch.jit.script` is deprecated. Please switch to `torch.compile` or `torch.export`.
  warnings.warn(
/global/homes/t/twarford/.conda/envs/mace_scf/lib/python3.12/site-packages/torch/jit/_script.py:1488: DeprecationWarning: `torch.jit.script` is deprecated. Please switch to `torch.compile` or `torch.export`.
  warnings.warn(
/global/homes/t/twarford/.conda/envs/mace_scf/lib/python3.12/ast.py:407: UserWarning: The TorchScript type system doesn't support instance-level annotations on empty non-base types in `__init__`. Instead, either 1) use a type annotation in the class body, or 2) wrap the type in `torch.jit.Attribute`.
  return visitor(node)
/global/homes/t/twarford/.conda/envs/mace_scf/lib/python3.12/ast.py:407: UserWarning: The TorchScript type system doesn't support instance-level annotations on empty non-base types in `__init__`. Instead, either 1) use a type annotation in the class body, or 2) wrap the type in `torch.jit.Attribute`.
  return visitor(node)
/global/homes/t/twarford/.conda/envs/mace_scf/lib/python3.12/site-packages/torch/jit/_script.py:1488: DeprecationWarning: `torch.jit.script` is deprecated. Please switch to `torch.compile` or `torch.export`.
  warnings.warn(
/global/homes/t/twarford/.conda/envs/mace_scf/lib/python3.12/site-packages/torch/jit/_script.py:1488: DeprecationWarning: `torch.jit.script` is deprecated. Please switch to `torch.compile` or `torch.export`.
  warnings.warn(
/global/homes/t/twarford/.conda/envs/mace_scf/lib/python3.12/ast.py:407: UserWarning: The TorchScript type system doesn't support instance-level annotations on empty non-base types in `__init__`. Instead, either 1) use a type annotation in the class body, or 2) wrap the type in `torch.jit.Attribute`.
  return visitor(node)
/global/homes/t/twarford/.conda/envs/mace_scf/lib/python3.12/site-packages/torch/jit/_script.py:1488: DeprecationWarning: `torch.jit.script` is deprecated. Please switch to `torch.compile` or `torch.export`.
  warnings.warn(
/global/homes/t/twarford/.conda/envs/mace_scf/lib/python3.12/site-packages/torch/jit/_script.py:1488: DeprecationWarning: `torch.jit.script` is deprecated. Please switch to `torch.compile` or `torch.export`.
  warnings.warn(
/global/homes/t/twarford/.conda/envs/mace_scf/lib/python3.12/ast.py:407: UserWarning: The TorchScript type system doesn't support instance-level annotations on empty non-base types in `__init__`. Instead, either 1) use a type annotation in the class body, or 2) wrap the type in `torch.jit.Attribute`.
  return visitor(node)
/global/homes/t/twarford/.conda/envs/mace_scf/lib/python3.12/site-packages/torch/jit/_script.py:1488: DeprecationWarning: `torch.jit.script` is deprecated. Please switch to `torch.compile` or `torch.export`.
  warnings.warn(
/global/homes/t/twarford/.conda/envs/mace_scf/lib/python3.12/site-packages/torch/jit/_script.py:1488: DeprecationWarning: `torch.jit.script` is deprecated. Please switch to `torch.compile` or `torch.export`.
  warnings.warn(
/global/homes/t/twarford/.conda/envs/mace_scf/lib/python3.12/ast.py:407: UserWarning: The TorchScript type system doesn't support instance-level annotations on empty non-base types in `__init__`. Instead, either 1) use a type annotation in the class body, or 2) wrap the type in `torch.jit.Attribute`.
  return visitor(node)
/global/homes/t/twarford/.conda/envs/mace_scf/lib/python3.12/ast.py:407: UserWarning: The TorchScript type system doesn't support instance-level annotations on empty non-base types in `__init__`. Instead, either 1) use a type annotation in the class body, or 2) wrap the type in `torch.jit.Attribute`.
  return visitor(node)
/global/homes/t/twarford/.conda/envs/mace_scf/lib/python3.12/site-packages/torch/jit/_script.py:1488: DeprecationWarning: `torch.jit.script` is deprecated. Please switch to `torch.compile` or `torch.export`.
  warnings.warn(
/global/homes/t/twarford/.conda/envs/mace_scf/lib/python3.12/site-packages/torch/jit/_script.py:1488: DeprecationWarning: `torch.jit.script` is deprecated. Please switch to `torch.compile` or `torch.export`.
  warnings.warn(
/global/homes/t/twarford/.conda/envs/mace_scf/lib/python3.12/site-packages/torch/jit/_script.py:1488: DeprecationWarning: `torch.jit.script` is deprecated. Please switch to `torch.compile` or `torch.export`.
  warnings.warn(
/global/homes/t/twarford/.conda/envs/mace_scf/lib/python3.12/site-packages/torch/jit/_script.py:1488: DeprecationWarning: `torch.jit.script` is deprecated. Please switch to `torch.compile` or `torch.export`.
  warnings.warn(
/global/homes/t/twarford/.conda/envs/mace_scf/lib/python3.12/ast.py:407: UserWarning: The TorchScript type system doesn't support instance-level annotations on empty non-base types in `__init__`. Instead, either 1) use a type annotation in the class body, or 2) wrap the type in `torch.jit.Attribute`.
  return visitor(node)
/global/homes/t/twarford/.conda/envs/mace_scf/lib/python3.12/ast.py:407: UserWarning: The TorchScript type system doesn't support instance-level annotations on empty non-base types in `__init__`. Instead, either 1) use a type annotation in the class body, or 2) wrap the type in `torch.jit.Attribute`.
  return visitor(node)
/global/homes/t/twarford/.conda/envs/mace_scf/lib/python3.12/site-packages/torch/jit/_script.py:1488: DeprecationWarning: `torch.jit.script` is deprecated. Please switch to `torch.compile` or `torch.export`.
  warnings.warn(
/global/homes/t/twarford/.conda/envs/mace_scf/lib/python3.12/site-packages/torch/jit/_script.py:1488: DeprecationWarning: `torch.jit.script` is deprecated. Please switch to `torch.compile` or `torch.export`.
  warnings.warn(
/global/homes/t/twarford/.conda/envs/mace_scf/lib/python3.12/ast.py:407: UserWarning: The TorchScript type system doesn't support instance-level annotations on empty non-base types in `__init__`. Instead, either 1) use a type annotation in the class body, or 2) wrap the type in `torch.jit.Attribute`.
  return visitor(node)
/global/homes/t/twarford/.conda/envs/mace_scf/lib/python3.12/site-packages/torch/jit/_script.py:1488: DeprecationWarning: `torch.jit.script` is deprecated. Please switch to `torch.compile` or `torch.export`.
  warnings.warn(
/global/homes/t/twarford/.conda/envs/mace_scf/lib/python3.12/site-packages/torch/jit/_script.py:1488: DeprecationWarning: `torch.jit.script` is deprecated. Please switch to `torch.compile` or `torch.export`.
  warnings.warn(
/global/homes/t/twarford/.conda/envs/mace_scf/lib/python3.12/ast.py:407: UserWarning: The TorchScript type system doesn't support instance-level annotations on empty non-base types in `__init__`. Instead, either 1) use a type annotation in the class body, or 2) wrap the type in `torch.jit.Attribute`.
  return visitor(node)
/global/homes/t/twarford/.conda/envs/mace_scf/lib/python3.12/site-packages/torch/jit/_script.py:1488: DeprecationWarning: `torch.jit.script` is deprecated. Please switch to `torch.compile` or `torch.export`.
  warnings.warn(
/global/homes/t/twarford/.conda/envs/mace_scf/lib/python3.12/site-packages/torch/jit/_script.py:1488: DeprecationWarning: `torch.jit.script` is deprecated. Please switch to `torch.compile` or `torch.export`.
  warnings.warn(
/global/homes/t/twarford/.conda/envs/mace_scf/lib/python3.12/ast.py:407: UserWarning: The TorchScript type system doesn't support instance-level annotations on empty non-base types in `__init__`. Instead, either 1) use a type annotation in the class body, or 2) wrap the type in `torch.jit.Attribute`.
  return visitor(node)
/global/homes/t/twarford/.conda/envs/mace_scf/lib/python3.12/site-packages/torch/jit/_script.py:1488: DeprecationWarning: `torch.jit.script` is deprecated. Please switch to `torch.compile` or `torch.export`.
  warnings.warn(
/global/homes/t/twarford/.conda/envs/mace_scf/lib/python3.12/site-packages/torch/jit/_script.py:1488: DeprecationWarning: `torch.jit.script` is deprecated. Please switch to `torch.compile` or `torch.export`.
  warnings.warn(
/global/homes/t/twarford/.conda/envs/mace_scf/lib/python3.12/site-packages/torch/jit/_script.py:1488: DeprecationWarning: `torch.jit.script` is deprecated. Please switch to `torch.compile` or `torch.export`.
  warnings.warn(
/global/homes/t/twarford/.conda/envs/mace_scf/lib/python3.12/ast.py:407: UserWarning: The TorchScript type system doesn't support instance-level annotations on empty non-base types in `__init__`. Instead, either 1) use a type annotation in the class body, or 2) wrap the type in `torch.jit.Attribute`.
  return visitor(node)
/global/homes/t/twarford/.conda/envs/mace_scf/lib/python3.12/ast.py:407: UserWarning: The TorchScript type system doesn't support instance-level annotations on empty non-base types in `__init__`. Instead, either 1) use a type annotation in the class body, or 2) wrap the type in `torch.jit.Attribute`.
  return visitor(node)
/global/homes/t/twarford/.conda/envs/mace_scf/lib/python3.12/site-packages/torch/jit/_script.py:1488: DeprecationWarning: `torch.jit.script` is deprecated. Please switch to `torch.compile` or `torch.export`.
  warnings.warn(
/global/homes/t/twarford/.conda/envs/mace_scf/lib/python3.12/ast.py:407: UserWarning: The TorchScript type system doesn't support instance-level annotations on empty non-base types in `__init__`. Instead, either 1) use a type annotation in the class body, or 2) wrap the type in `torch.jit.Attribute`.
  return visitor(node)
/global/homes/t/twarford/.conda/envs/mace_scf/lib/python3.12/site-packages/torch/jit/_script.py:1488: DeprecationWarning: `torch.jit.script` is deprecated. Please switch to `torch.compile` or `torch.export`.
  warnings.warn(
/global/homes/t/twarford/.conda/envs/mace_scf/lib/python3.12/ast.py:407: UserWarning: The TorchScript type system doesn't support instance-level annotations on empty non-base types in `__init__`. Instead, either 1) use a type annotation in the class body, or 2) wrap the type in `torch.jit.Attribute`.
  return visitor(node)
/global/homes/t/twarford/.conda/envs/mace_scf/lib/python3.12/ast.py:407: UserWarning: The TorchScript type system doesn't support instance-level annotations on empty non-base types in `__init__`. Instead, either 1) use a type annotation in the class body, or 2) wrap the type in `torch.jit.Attribute`.
  return visitor(node)
/global/homes/t/twarford/.conda/envs/mace_scf/lib/python3.12/site-packages/torch/jit/_script.py:1488: DeprecationWarning: `torch.jit.script` is deprecated. Please switch to `torch.compile` or `torch.export`.
  warnings.warn(
/global/homes/t/twarford/.conda/envs/mace_scf/lib/python3.12/site-packages/torch/jit/_script.py:1488: DeprecationWarning: `torch.jit.script` is deprecated. Please switch to `torch.compile` or `torch.export`.
  warnings.warn(
/global/homes/t/twarford/.conda/envs/mace_scf/lib/python3.12/site-packages/torch/jit/_script.py:1488: DeprecationWarning: `torch.jit.script` is deprecated. Please switch to `torch.compile` or `torch.export`.
  warnings.warn(
/global/homes/t/twarford/.conda/envs/mace_scf/lib/python3.12/ast.py:407: UserWarning: The TorchScript type system doesn't support instance-level annotations on empty non-base types in `__init__`. Instead, either 1) use a type annotation in the class body, or 2) wrap the type in `torch.jit.Attribute`.
  return visitor(node)
/global/homes/t/twarford/.conda/envs/mace_scf/lib/python3.12/ast.py:407: UserWarning: The TorchScript type system doesn't support instance-level annotations on empty non-base types in `__init__`. Instead, either 1) use a type annotation in the class body, or 2) wrap the type in `torch.jit.Attribute`.
  return visitor(node)
/global/homes/t/twarford/.conda/envs/mace_scf/lib/python3.12/ast.py:407: UserWarning: The TorchScript type system doesn't support instance-level annotations on empty non-base types in `__init__`. Instead, either 1) use a type annotation in the class body, or 2) wrap the type in `torch.jit.Attribute`.
  return visitor(node)
/global/homes/t/twarford/.conda/envs/mace_scf/lib/python3.12/ast.py:407: UserWarning: The TorchScript type system doesn't support instance-level annotations on empty non-base types in `__init__`. Instead, either 1) use a type annotation in the class body, or 2) wrap the type in `torch.jit.Attribute`.
  return visitor(node)
/global/homes/t/twarford/.conda/envs/mace_scf/lib/python3.12/ast.py:407: UserWarning: The TorchScript type system doesn't support instance-level annotations on empty non-base types in `__init__`. Instead, either 1) use a type annotation in the class body, or 2) wrap the type in `torch.jit.Attribute`.
  return visitor(node)
/global/homes/t/twarford/.conda/envs/mace_scf/lib/python3.12/ast.py:407: UserWarning: The TorchScript type system doesn't support instance-level annotations on empty non-base types in `__init__`. Instead, either 1) use a type annotation in the class body, or 2) wrap the type in `torch.jit.Attribute`.
  return visitor(node)
/global/homes/t/twarford/.conda/envs/mace_scf/lib/python3.12/ast.py:407: UserWarning: The TorchScript type system doesn't support instance-level annotations on empty non-base types in `__init__`. Instead, either 1) use a type annotation in the class body, or 2) wrap the type in `torch.jit.Attribute`.
  return visitor(node)
/global/homes/t/twarford/.conda/envs/mace_scf/lib/python3.12/ast.py:407: UserWarning: The TorchScript type system doesn't support instance-level annotations on empty non-base types in `__init__`. Instead, either 1) use a type annotation in the class body, or 2) wrap the type in `torch.jit.Attribute`.
  return visitor(node)
/global/homes/t/twarford/.conda/envs/mace_scf/lib/python3.12/ast.py:407: UserWarning: The TorchScript type system doesn't support instance-level annotations on empty non-base types in `__init__`. Instead, either 1) use a type annotation in the class body, or 2) wrap the type in `torch.jit.Attribute`.
  return visitor(node)
/global/homes/t/twarford/.conda/envs/mace_scf/lib/python3.12/ast.py:407: UserWarning: The TorchScript type system doesn't support instance-level annotations on empty non-base types in `__init__`. Instead, either 1) use a type annotation in the class body, or 2) wrap the type in `torch.jit.Attribute`.
  return visitor(node)
/global/homes/t/twarford/.conda/envs/mace_scf/lib/python3.12/ast.py:407: UserWarning: The TorchScript type system doesn't support instance-level annotations on empty non-base types in `__init__`. Instead, either 1) use a type annotation in the class body, or 2) wrap the type in `torch.jit.Attribute`.
  return visitor(node)
/global/homes/t/twarford/.conda/envs/mace_scf/lib/python3.12/ast.py:407: UserWarning: The TorchScript type system doesn't support instance-level annotations on empty non-base types in `__init__`. Instead, either 1) use a type annotation in the class body, or 2) wrap the type in `torch.jit.Attribute`.
  return visitor(node)
/global/homes/t/twarford/.conda/envs/mace_scf/lib/python3.12/ast.py:407: UserWarning: The TorchScript type system doesn't support instance-level annotations on empty non-base types in `__init__`. Instead, either 1) use a type annotation in the class body, or 2) wrap the type in `torch.jit.Attribute`.
  return visitor(node)
/global/homes/t/twarford/.conda/envs/mace_scf/lib/python3.12/ast.py:407: UserWarning: The TorchScript type system doesn't support instance-level annotations on empty non-base types in `__init__`. Instead, either 1) use a type annotation in the class body, or 2) wrap the type in `torch.jit.Attribute`.
  return visitor(node)
/global/homes/t/twarford/.conda/envs/mace_scf/lib/python3.12/ast.py:407: UserWarning: The TorchScript type system doesn't support instance-level annotations on empty non-base types in `__init__`. Instead, either 1) use a type annotation in the class body, or 2) wrap the type in `torch.jit.Attribute`.
  return visitor(node)
/global/homes/t/twarford/.conda/envs/mace_scf/lib/python3.12/site-packages/torch/jit/_script.py:1488: DeprecationWarning: `torch.jit.script` is deprecated. Please switch to `torch.compile` or `torch.export`.
  warnings.warn(
/global/homes/t/twarford/.conda/envs/mace_scf/lib/python3.12/site-packages/torch/jit/_script.py:1488: DeprecationWarning: `torch.jit.script` is deprecated. Please switch to `torch.compile` or `torch.export`.
  warnings.warn(
/global/homes/t/twarford/.conda/envs/mace_scf/lib/python3.12/site-packages/torch/jit/_script.py:1488: DeprecationWarning: `torch.jit.script` is deprecated. Please switch to `torch.compile` or `torch.export`.
  warnings.warn(
/global/homes/t/twarford/.conda/envs/mace_scf/lib/python3.12/site-packages/torch/jit/_script.py:1488: DeprecationWarning: `torch.jit.script` is deprecated. Please switch to `torch.compile` or `torch.export`.
  warnings.warn(
/global/homes/t/twarford/.conda/envs/mace_scf/lib/python3.12/site-packages/torch/jit/_script.py:1488: DeprecationWarning: `torch.jit.script` is deprecated. Please switch to `torch.compile` or `torch.export`.
  warnings.warn(
/global/homes/t/twarford/.conda/envs/mace_scf/lib/python3.12/site-packages/torch/jit/_script.py:1488: DeprecationWarning: `torch.jit.script` is deprecated. Please switch to `torch.compile` or `torch.export`.
  warnings.warn(
/global/homes/t/twarford/.conda/envs/mace_scf/lib/python3.12/site-packages/torch/jit/_script.py:1488: DeprecationWarning: `torch.jit.script` is deprecated. Please switch to `torch.compile` or `torch.export`.
  warnings.warn(
/global/homes/t/twarford/.conda/envs/mace_scf/lib/python3.12/site-packages/torch/jit/_script.py:1488: DeprecationWarning: `torch.jit.script` is deprecated. Please switch to `torch.compile` or `torch.export`.
  warnings.warn(
/global/homes/t/twarford/.conda/envs/mace_scf/lib/python3.12/site-packages/torch/jit/_script.py:1488: DeprecationWarning: `torch.jit.script` is deprecated. Please switch to `torch.compile` or `torch.export`.
  warnings.warn(
/global/homes/t/twarford/.conda/envs/mace_scf/lib/python3.12/site-packages/torch/jit/_script.py:1488: DeprecationWarning: `torch.jit.script` is deprecated. Please switch to `torch.compile` or `torch.export`.
  warnings.warn(
/global/homes/t/twarford/.conda/envs/mace_scf/lib/python3.12/ast.py:407: UserWarning: The TorchScript type system doesn't support instance-level annotations on empty non-base types in `__init__`. Instead, either 1) use a type annotation in the class body, or 2) wrap the type in `torch.jit.Attribute`.
  return visitor(node)
/global/homes/t/twarford/.conda/envs/mace_scf/lib/python3.12/site-packages/torch/jit/_script.py:1488: DeprecationWarning: `torch.jit.script` is deprecated. Please switch to `torch.compile` or `torch.export`.
  warnings.warn(
/global/homes/t/twarford/.conda/envs/mace_scf/lib/python3.12/ast.py:407: UserWarning: The TorchScript type system doesn't support instance-level annotations on empty non-base types in `__init__`. Instead, either 1) use a type annotation in the class body, or 2) wrap the type in `torch.jit.Attribute`.
  return visitor(node)
/global/homes/t/twarford/.conda/envs/mace_scf/lib/python3.12/site-packages/torch/jit/_script.py:1488: DeprecationWarning: `torch.jit.script` is deprecated. Please switch to `torch.compile` or `torch.export`.
  warnings.warn(
/global/homes/t/twarford/.conda/envs/mace_scf/lib/python3.12/site-packages/torch/jit/_script.py:1488: DeprecationWarning: `torch.jit.script` is deprecated. Please switch to `torch.compile` or `torch.export`.
  warnings.warn(
/global/homes/t/twarford/.conda/envs/mace_scf/lib/python3.12/site-packages/torch/jit/_script.py:1488: DeprecationWarning: `torch.jit.script` is deprecated. Please switch to `torch.compile` or `torch.export`.
  warnings.warn(
/global/homes/t/twarford/.conda/envs/mace_scf/lib/python3.12/site-packages/torch/jit/_script.py:1488: DeprecationWarning: `torch.jit.script` is deprecated. Please switch to `torch.compile` or `torch.export`.
  warnings.warn(
/global/homes/t/twarford/.conda/envs/mace_scf/lib/python3.12/site-packages/torch/jit/_script.py:1488: DeprecationWarning: `torch.jit.script` is deprecated. Please switch to `torch.compile` or `torch.export`.
  warnings.warn(
/global/homes/t/twarford/.conda/envs/mace_scf/lib/python3.12/site-packages/torch/jit/_script.py:1488: DeprecationWarning: `torch.jit.script` is deprecated. Please switch to `torch.compile` or `torch.export`.
  warnings.warn(
/global/homes/t/twarford/.conda/envs/mace_scf/lib/python3.12/ast.py:407: UserWarning: The TorchScript type system doesn't support instance-level annotations on empty non-base types in `__init__`. Instead, either 1) use a type annotation in the class body, or 2) wrap the type in `torch.jit.Attribute`.
  return visitor(node)
/global/homes/t/twarford/.conda/envs/mace_scf/lib/python3.12/ast.py:407: UserWarning: The TorchScript type system doesn't support instance-level annotations on empty non-base types in `__init__`. Instead, either 1) use a type annotation in the class body, or 2) wrap the type in `torch.jit.Attribute`.
  return visitor(node)
/global/homes/t/twarford/.conda/envs/mace_scf/lib/python3.12/ast.py:407: UserWarning: The TorchScript type system doesn't support instance-level annotations on empty non-base types in `__init__`. Instead, either 1) use a type annotation in the class body, or 2) wrap the type in `torch.jit.Attribute`.
  return visitor(node)
/global/homes/t/twarford/.conda/envs/mace_scf/lib/python3.12/ast.py:407: UserWarning: The TorchScript type system doesn't support instance-level annotations on empty non-base types in `__init__`. Instead, either 1) use a type annotation in the class body, or 2) wrap the type in `torch.jit.Attribute`.
  return visitor(node)
/global/homes/t/twarford/.conda/envs/mace_scf/lib/python3.12/ast.py:407: UserWarning: The TorchScript type system doesn't support instance-level annotations on empty non-base types in `__init__`. Instead, either 1) use a type annotation in the class body, or 2) wrap the type in `torch.jit.Attribute`.
  return visitor(node)
/global/homes/t/twarford/.conda/envs/mace_scf/lib/python3.12/ast.py:407: UserWarning: The TorchScript type system doesn't support instance-level annotations on empty non-base types in `__init__`. Instead, either 1) use a type annotation in the class body, or 2) wrap the type in `torch.jit.Attribute`.
  return visitor(node)
/global/homes/t/twarford/.conda/envs/mace_scf/lib/python3.12/ast.py:407: UserWarning: The TorchScript type system doesn't support instance-level annotations on empty non-base types in `__init__`. Instead, either 1) use a type annotation in the class body, or 2) wrap the type in `torch.jit.Attribute`.
  return visitor(node)
/global/homes/t/twarford/.conda/envs/mace_scf/lib/python3.12/ast.py:407: UserWarning: The TorchScript type system doesn't support instance-level annotations on empty non-base types in `__init__`. Instead, either 1) use a type annotation in the class body, or 2) wrap the type in `torch.jit.Attribute`.
  return visitor(node)
/global/homes/t/twarford/.conda/envs/mace_scf/lib/python3.12/ast.py:407: UserWarning: The TorchScript type system doesn't support instance-level annotations on empty non-base types in `__init__`. Instead, either 1) use a type annotation in the class body, or 2) wrap the type in `torch.jit.Attribute`.
  return visitor(node)
/global/homes/t/twarford/.conda/envs/mace_scf/lib/python3.12/ast.py:407: UserWarning: The TorchScript type system doesn't support instance-level annotations on empty non-base types in `__init__`. Instead, either 1) use a type annotation in the class body, or 2) wrap the type in `torch.jit.Attribute`.
  return visitor(node)
/global/homes/t/twarford/.conda/envs/mace_scf/lib/python3.12/ast.py:407: UserWarning: The TorchScript type system doesn't support instance-level annotations on empty non-base types in `__init__`. Instead, either 1) use a type annotation in the class body, or 2) wrap the type in `torch.jit.Attribute`.
  return visitor(node)
/global/homes/t/twarford/.conda/envs/mace_scf/lib/python3.12/ast.py:407: UserWarning: The TorchScript type system doesn't support instance-level annotations on empty non-base types in `__init__`. Instead, either 1) use a type annotation in the class body, or 2) wrap the type in `torch.jit.Attribute`.
  return visitor(node)
/global/homes/t/twarford/.conda/envs/mace_scf/lib/python3.12/ast.py:407: UserWarning: The TorchScript type system doesn't support instance-level annotations on empty non-base types in `__init__`. Instead, either 1) use a type annotation in the class body, or 2) wrap the type in `torch.jit.Attribute`.
  return visitor(node)
/global/homes/t/twarford/.conda/envs/mace_scf/lib/python3.12/ast.py:407: UserWarning: The TorchScript type system doesn't support instance-level annotations on empty non-base types in `__init__`. Instead, either 1) use a type annotation in the class body, or 2) wrap the type in `torch.jit.Attribute`.
  return visitor(node)
/global/homes/t/twarford/.conda/envs/mace_scf/lib/python3.12/ast.py:407: UserWarning: The TorchScript type system doesn't support instance-level annotations on empty non-base types in `__init__`. Instead, either 1) use a type annotation in the class body, or 2) wrap the type in `torch.jit.Attribute`.
  return visitor(node)
/global/homes/t/twarford/.conda/envs/mace_scf/lib/python3.12/ast.py:407: UserWarning: The TorchScript type system doesn't support instance-level annotations on empty non-base types in `__init__`. Instead, either 1) use a type annotation in the class body, or 2) wrap the type in `torch.jit.Attribute`.
  return visitor(node)
/global/homes/t/twarford/.conda/envs/mace_scf/lib/python3.12/ast.py:407: UserWarning: The TorchScript type system doesn't support instance-level annotations on empty non-base types in `__init__`. Instead, either 1) use a type annotation in the class body, or 2) wrap the type in `torch.jit.Attribute`.
  return visitor(node)
/global/homes/t/twarford/.conda/envs/mace_scf/lib/python3.12/ast.py:407: UserWarning: The TorchScript type system doesn't support instance-level annotations on empty non-base types in `__init__`. Instead, either 1) use a type annotation in the class body, or 2) wrap the type in `torch.jit.Attribute`.
  return visitor(node)
/global/homes/t/twarford/.conda/envs/mace_scf/lib/python3.12/ast.py:407: UserWarning: The TorchScript type system doesn't support instance-level annotations on empty non-base types in `__init__`. Instead, either 1) use a type annotation in the class body, or 2) wrap the type in `torch.jit.Attribute`.
  return visitor(node)
/global/homes/t/twarford/.conda/envs/mace_scf/lib/python3.12/site-packages/torch/jit/_script.py:1488: DeprecationWarning: `torch.jit.script` is deprecated. Please switch to `torch.compile` or `torch.export`.
  warnings.warn(
/global/homes/t/twarford/.conda/envs/mace_scf/lib/python3.12/ast.py:407: UserWarning: The TorchScript type system doesn't support instance-level annotations on empty non-base types in `__init__`. Instead, either 1) use a type annotation in the class body, or 2) wrap the type in `torch.jit.Attribute`.
  return visitor(node)
/global/homes/t/twarford/.conda/envs/mace_scf/lib/python3.12/ast.py:407: UserWarning: The TorchScript type system doesn't support instance-level annotations on empty non-base types in `__init__`. Instead, either 1) use a type annotation in the class body, or 2) wrap the type in `torch.jit.Attribute`.
  return visitor(node)
/global/homes/t/twarford/.conda/envs/mace_scf/lib/python3.12/site-packages/torch/jit/_script.py:1488: DeprecationWarning: `torch.jit.script` is deprecated. Please switch to `torch.compile` or `torch.export`.
  warnings.warn(
/global/homes/t/twarford/.conda/envs/mace_scf/lib/python3.12/site-packages/torch/jit/_script.py:1488: DeprecationWarning: `torch.jit.script` is deprecated. Please switch to `torch.compile` or `torch.export`.
  warnings.warn(
/global/homes/t/twarford/.conda/envs/mace_scf/lib/python3.12/ast.py:407: UserWarning: The TorchScript type system doesn't support instance-level annotations on empty non-base types in `__init__`. Instead, either 1) use a type annotation in the class body, or 2) wrap the type in `torch.jit.Attribute`.
  return visitor(node)
/global/homes/t/twarford/.conda/envs/mace_scf/lib/python3.12/site-packages/torch/jit/_script.py:1488: DeprecationWarning: `torch.jit.script` is deprecated. Please switch to `torch.compile` or `torch.export`.
  warnings.warn(
/global/homes/t/twarford/.conda/envs/mace_scf/lib/python3.12/ast.py:407: UserWarning: The TorchScript type system doesn't support instance-level annotations on empty non-base types in `__init__`. Instead, either 1) use a type annotation in the class body, or 2) wrap the type in `torch.jit.Attribute`.
  return visitor(node)
/global/homes/t/twarford/.conda/envs/mace_scf/lib/python3.12/site-packages/torch/jit/_script.py:1488: DeprecationWarning: `torch.jit.script` is deprecated. Please switch to `torch.compile` or `torch.export`.
  warnings.warn(
/global/homes/t/twarford/.conda/envs/mace_scf/lib/python3.12/site-packages/torch/jit/_script.py:1488: DeprecationWarning: `torch.jit.script` is deprecated. Please switch to `torch.compile` or `torch.export`.
  warnings.warn(
/global/homes/t/twarford/.conda/envs/mace_scf/lib/python3.12/ast.py:407: UserWarning: The TorchScript type system doesn't support instance-level annotations on empty non-base types in `__init__`. Instead, either 1) use a type annotation in the class body, or 2) wrap the type in `torch.jit.Attribute`.
  return visitor(node)
/global/homes/t/twarford/.conda/envs/mace_scf/lib/python3.12/ast.py:407: UserWarning: The TorchScript type system doesn't support instance-level annotations on empty non-base types in `__init__`. Instead, either 1) use a type annotation in the class body, or 2) wrap the type in `torch.jit.Attribute`.
  return visitor(node)
/global/homes/t/twarford/.conda/envs/mace_scf/lib/python3.12/site-packages/torch/jit/_script.py:1488: DeprecationWarning: `torch.jit.script` is deprecated. Please switch to `torch.compile` or `torch.export`.
  warnings.warn(
/global/homes/t/twarford/.conda/envs/mace_scf/lib/python3.12/ast.py:407: UserWarning: The TorchScript type system doesn't support instance-level annotations on empty non-base types in `__init__`. Instead, either 1) use a type annotation in the class body, or 2) wrap the type in `torch.jit.Attribute`.
  return visitor(node)
/global/homes/t/twarford/.conda/envs/mace_scf/lib/python3.12/ast.py:407: UserWarning: The TorchScript type system doesn't support instance-level annotations on empty non-base types in `__init__`. Instead, either 1) use a type annotation in the class body, or 2) wrap the type in `torch.jit.Attribute`.
  return visitor(node)
/global/homes/t/twarford/.conda/envs/mace_scf/lib/python3.12/ast.py:407: UserWarning: The TorchScript type system doesn't support instance-level annotations on empty non-base types in `__init__`. Instead, either 1) use a type annotation in the class body, or 2) wrap the type in `torch.jit.Attribute`.
  return visitor(node)
/global/homes/t/twarford/.conda/envs/mace_scf/lib/python3.12/site-packages/torch/jit/_script.py:1488: DeprecationWarning: `torch.jit.script` is deprecated. Please switch to `torch.compile` or `torch.export`.
  warnings.warn(
/global/homes/t/twarford/.conda/envs/mace_scf/lib/python3.12/site-packages/torch/jit/_script.py:1488: DeprecationWarning: `torch.jit.script` is deprecated. Please switch to `torch.compile` or `torch.export`.
  warnings.warn(
/global/homes/t/twarford/.conda/envs/mace_scf/lib/python3.12/ast.py:407: UserWarning: The TorchScript type system doesn't support instance-level annotations on empty non-base types in `__init__`. Instead, either 1) use a type annotation in the class body, or 2) wrap the type in `torch.jit.Attribute`.
  return visitor(node)
/global/homes/t/twarford/.conda/envs/mace_scf/lib/python3.12/site-packages/torch/jit/_script.py:1488: DeprecationWarning: `torch.jit.script` is deprecated. Please switch to `torch.compile` or `torch.export`.
  warnings.warn(
/global/homes/t/twarford/.conda/envs/mace_scf/lib/python3.12/site-packages/torch/jit/_script.py:1488: DeprecationWarning: `torch.jit.script` is deprecated. Please switch to `torch.compile` or `torch.export`.
  warnings.warn(
/global/homes/t/twarford/.conda/envs/mace_scf/lib/python3.12/ast.py:407: UserWarning: The TorchScript type system doesn't support instance-level annotations on empty non-base types in `__init__`. Instead, either 1) use a type annotation in the class body, or 2) wrap the type in `torch.jit.Attribute`.
  return visitor(node)
/global/homes/t/twarford/.conda/envs/mace_scf/lib/python3.12/ast.py:407: UserWarning: The TorchScript type system doesn't support instance-level annotations on empty non-base types in `__init__`. Instead, either 1) use a type annotation in the class body, or 2) wrap the type in `torch.jit.Attribute`.
  return visitor(node)
/global/homes/t/twarford/.conda/envs/mace_scf/lib/python3.12/site-packages/torch/jit/_script.py:1488: DeprecationWarning: `torch.jit.script` is deprecated. Please switch to `torch.compile` or `torch.export`.
  warnings.warn(
/global/homes/t/twarford/.conda/envs/mace_scf/lib/python3.12/ast.py:407: UserWarning: The TorchScript type system doesn't support instance-level annotations on empty non-base types in `__init__`. Instead, either 1) use a type annotation in the class body, or 2) wrap the type in `torch.jit.Attribute`.
  return visitor(node)
/global/homes/t/twarford/.conda/envs/mace_scf/lib/python3.12/site-packages/torch/jit/_script.py:1488: DeprecationWarning: `torch.jit.script` is deprecated. Please switch to `torch.compile` or `torch.export`.
  warnings.warn(
/global/homes/t/twarford/.conda/envs/mace_scf/lib/python3.12/site-packages/torch/jit/_script.py:1488: DeprecationWarning: `torch.jit.script` is deprecated. Please switch to `torch.compile` or `torch.export`.
  warnings.warn(
/global/homes/t/twarford/.conda/envs/mace_scf/lib/python3.12/site-packages/torch/jit/_script.py:1488: DeprecationWarning: `torch.jit.script` is deprecated. Please switch to `torch.compile` or `torch.export`.
  warnings.warn(
/global/homes/t/twarford/.conda/envs/mace_scf/lib/python3.12/ast.py:407: UserWarning: The TorchScript type system doesn't support instance-level annotations on empty non-base types in `__init__`. Instead, either 1) use a type annotation in the class body, or 2) wrap the type in `torch.jit.Attribute`.
  return visitor(node)
/global/homes/t/twarford/.conda/envs/mace_scf/lib/python3.12/site-packages/torch/jit/_script.py:1488: DeprecationWarning: `torch.jit.script` is deprecated. Please switch to `torch.compile` or `torch.export`.
  warnings.warn(
/global/homes/t/twarford/.conda/envs/mace_scf/lib/python3.12/site-packages/torch/jit/_script.py:1488: DeprecationWarning: `torch.jit.script` is deprecated. Please switch to `torch.compile` or `torch.export`.
  warnings.warn(
/global/homes/t/twarford/.conda/envs/mace_scf/lib/python3.12/ast.py:407: UserWarning: The TorchScript type system doesn't support instance-level annotations on empty non-base types in `__init__`. Instead, either 1) use a type annotation in the class body, or 2) wrap the type in `torch.jit.Attribute`.
  return visitor(node)
/global/homes/t/twarford/.conda/envs/mace_scf/lib/python3.12/site-packages/torch/jit/_script.py:1488: DeprecationWarning: `torch.jit.script` is deprecated. Please switch to `torch.compile` or `torch.export`.
  warnings.warn(
/global/homes/t/twarford/.conda/envs/mace_scf/lib/python3.12/site-packages/torch/jit/_script.py:1488: DeprecationWarning: `torch.jit.script` is deprecated. Please switch to `torch.compile` or `torch.export`.
  warnings.warn(
/global/homes/t/twarford/.conda/envs/mace_scf/lib/python3.12/site-packages/torch/jit/_script.py:1488: DeprecationWarning: `torch.jit.script` is deprecated. Please switch to `torch.compile` or `torch.export`.
  warnings.warn(
/global/homes/t/twarford/.conda/envs/mace_scf/lib/python3.12/site-packages/torch/jit/_script.py:1488: DeprecationWarning: `torch.jit.script` is deprecated. Please switch to `torch.compile` or `torch.export`.
  warnings.warn(
/global/homes/t/twarford/.conda/envs/mace_scf/lib/python3.12/site-packages/torch/jit/_script.py:1488: DeprecationWarning: `torch.jit.script` is deprecated. Please switch to `torch.compile` or `torch.export`.
  warnings.warn(
/global/homes/t/twarford/.conda/envs/mace_scf/lib/python3.12/site-packages/torch/jit/_script.py:1488: DeprecationWarning: `torch.jit.script` is deprecated. Please switch to `torch.compile` or `torch.export`.
  warnings.warn(
/global/homes/t/twarford/.conda/envs/mace_scf/lib/python3.12/site-packages/torch/jit/_script.py:1488: DeprecationWarning: `torch.jit.script` is deprecated. Please switch to `torch.compile` or `torch.export`.
  warnings.warn(
/global/homes/t/twarford/.conda/envs/mace_scf/lib/python3.12/site-packages/torch/jit/_script.py:1488: DeprecationWarning: `torch.jit.script` is deprecated. Please switch to `torch.compile` or `torch.export`.
  warnings.warn(
/global/homes/t/twarford/.conda/envs/mace_scf/lib/python3.12/site-packages/torch/jit/_script.py:1488: DeprecationWarning: `torch.jit.script` is deprecated. Please switch to `torch.compile` or `torch.export`.
  warnings.warn(
/global/homes/t/twarford/.conda/envs/mace_scf/lib/python3.12/ast.py:407: UserWarning: The TorchScript type system doesn't support instance-level annotations on empty non-base types in `__init__`. Instead, either 1) use a type annotation in the class body, or 2) wrap the type in `torch.jit.Attribute`.
  return visitor(node)
/global/homes/t/twarford/.conda/envs/mace_scf/lib/python3.12/site-packages/torch/jit/_script.py:1488: DeprecationWarning: `torch.jit.script` is deprecated. Please switch to `torch.compile` or `torch.export`.
  warnings.warn(
/global/homes/t/twarford/.conda/envs/mace_scf/lib/python3.12/ast.py:407: UserWarning: The TorchScript type system doesn't support instance-level annotations on empty non-base types in `__init__`. Instead, either 1) use a type annotation in the class body, or 2) wrap the type in `torch.jit.Attribute`.
  return visitor(node)
/global/homes/t/twarford/.conda/envs/mace_scf/lib/python3.12/site-packages/torch/jit/_script.py:1488: DeprecationWarning: `torch.jit.script` is deprecated. Please switch to `torch.compile` or `torch.export`.
  warnings.warn(
/global/homes/t/twarford/.conda/envs/mace_scf/lib/python3.12/ast.py:407: UserWarning: The TorchScript type system doesn't support instance-level annotations on empty non-base types in `__init__`. Instead, either 1) use a type annotation in the class body, or 2) wrap the type in `torch.jit.Attribute`.
  return visitor(node)
/global/homes/t/twarford/.conda/envs/mace_scf/lib/python3.12/site-packages/torch/jit/_script.py:1488: DeprecationWarning: `torch.jit.script` is deprecated. Please switch to `torch.compile` or `torch.export`.
  warnings.warn(
/global/homes/t/twarford/.conda/envs/mace_scf/lib/python3.12/ast.py:407: UserWarning: The TorchScript type system doesn't support instance-level annotations on empty non-base types in `__init__`. Instead, either 1) use a type annotation in the class body, or 2) wrap the type in `torch.jit.Attribute`.
  return visitor(node)
/global/homes/t/twarford/.conda/envs/mace_scf/lib/python3.12/ast.py:407: UserWarning: The TorchScript type system doesn't support instance-level annotations on empty non-base types in `__init__`. Instead, either 1) use a type annotation in the class body, or 2) wrap the type in `torch.jit.Attribute`.
  return visitor(node)
/global/homes/t/twarford/.conda/envs/mace_scf/lib/python3.12/ast.py:407: UserWarning: The TorchScript type system doesn't support instance-level annotations on empty non-base types in `__init__`. Instead, either 1) use a type annotation in the class body, or 2) wrap the type in `torch.jit.Attribute`.
  return visitor(node)
/global/homes/t/twarford/.conda/envs/mace_scf/lib/python3.12/ast.py:407: UserWarning: The TorchScript type system doesn't support instance-level annotations on empty non-base types in `__init__`. Instead, either 1) use a type annotation in the class body, or 2) wrap the type in `torch.jit.Attribute`.
  return visitor(node)
/global/homes/t/twarford/.conda/envs/mace_scf/lib/python3.12/site-packages/torch/jit/_script.py:1488: DeprecationWarning: `torch.jit.script` is deprecated. Please switch to `torch.compile` or `torch.export`.
  warnings.warn(
/global/homes/t/twarford/.conda/envs/mace_scf/lib/python3.12/ast.py:407: UserWarning: The TorchScript type system doesn't support instance-level annotations on empty non-base types in `__init__`. Instead, either 1) use a type annotation in the class body, or 2) wrap the type in `torch.jit.Attribute`.
  return visitor(node)
/global/homes/t/twarford/.conda/envs/mace_scf/lib/python3.12/ast.py:407: UserWarning: The TorchScript type system doesn't support instance-level annotations on empty non-base types in `__init__`. Instead, either 1) use a type annotation in the class body, or 2) wrap the type in `torch.jit.Attribute`.
  return visitor(node)
/global/homes/t/twarford/.conda/envs/mace_scf/lib/python3.12/ast.py:407: UserWarning: The TorchScript type system doesn't support instance-level annotations on empty non-base types in `__init__`. Instead, either 1) use a type annotation in the class body, or 2) wrap the type in `torch.jit.Attribute`.
  return visitor(node)
/global/homes/t/twarford/.conda/envs/mace_scf/lib/python3.12/ast.py:407: UserWarning: The TorchScript type system doesn't support instance-level annotations on empty non-base types in `__init__`. Instead, either 1) use a type annotation in the class body, or 2) wrap the type in `torch.jit.Attribute`.
  return visitor(node)
/global/homes/t/twarford/.conda/envs/mace_scf/lib/python3.12/ast.py:407: UserWarning: The TorchScript type system doesn't support instance-level annotations on empty non-base types in `__init__`. Instead, either 1) use a type annotation in the class body, or 2) wrap the type in `torch.jit.Attribute`.
  return visitor(node)
/global/homes/t/twarford/.conda/envs/mace_scf/lib/python3.12/ast.py:407: UserWarning: The TorchScript type system doesn't support instance-level annotations on empty non-base types in `__init__`. Instead, either 1) use a type annotation in the class body, or 2) wrap the type in `torch.jit.Attribute`.
  return visitor(node)
/global/homes/t/twarford/.conda/envs/mace_scf/lib/python3.12/ast.py:407: UserWarning: The TorchScript type system doesn't support instance-level annotations on empty non-base types in `__init__`. Instead, either 1) use a type annotation in the class body, or 2) wrap the type in `torch.jit.Attribute`.
  return visitor(node)
/global/homes/t/twarford/.conda/envs/mace_scf/lib/python3.12/ast.py:407: UserWarning: The TorchScript type system doesn't support instance-level annotations on empty non-base types in `__init__`. Instead, either 1) use a type annotation in the class body, or 2) wrap the type in `torch.jit.Attribute`.
  return visitor(node)
/global/homes/t/twarford/.conda/envs/mace_scf/lib/python3.12/ast.py:407: UserWarning: The TorchScript type system doesn't support instance-level annotations on empty non-base types in `__init__`. Instead, either 1) use a type annotation in the class body, or 2) wrap the type in `torch.jit.Attribute`.
  return visitor(node)
/global/homes/t/twarford/.conda/envs/mace_scf/lib/python3.12/ast.py:407: UserWarning: The TorchScript type system doesn't support instance-level annotations on empty non-base types in `__init__`. Instead, either 1) use a type annotation in the class body, or 2) wrap the type in `torch.jit.Attribute`.
  return visitor(node)
/global/homes/t/twarford/.conda/envs/mace_scf/lib/python3.12/ast.py:407: UserWarning: The TorchScript type system doesn't support instance-level annotations on empty non-base types in `__init__`. Instead, either 1) use a type annotation in the class body, or 2) wrap the type in `torch.jit.Attribute`.
  return visitor(node)
/global/homes/t/twarford/.conda/envs/mace_scf/lib/python3.12/ast.py:407: UserWarning: The TorchScript type system doesn't support instance-level annotations on empty non-base types in `__init__`. Instead, either 1) use a type annotation in the class body, or 2) wrap the type in `torch.jit.Attribute`.
  return visitor(node)
/global/homes/t/twarford/.conda/envs/mace_scf/lib/python3.12/site-packages/torch/jit/_script.py:1488: DeprecationWarning: `torch.jit.script` is deprecated. Please switch to `torch.compile` or `torch.export`.
  warnings.warn(
/global/homes/t/twarford/.conda/envs/mace_scf/lib/python3.12/site-packages/torch/jit/_script.py:1488: DeprecationWarning: `torch.jit.script` is deprecated. Please switch to `torch.compile` or `torch.export`.
  warnings.warn(
/global/homes/t/twarford/.conda/envs/mace_scf/lib/python3.12/site-packages/torch/jit/_script.py:1488: DeprecationWarning: `torch.jit.script` is deprecated. Please switch to `torch.compile` or `torch.export`.
  warnings.warn(
/global/homes/t/twarford/.conda/envs/mace_scf/lib/python3.12/site-packages/torch/jit/_script.py:1488: DeprecationWarning: `torch.jit.script` is deprecated. Please switch to `torch.compile` or `torch.export`.
  warnings.warn(
/global/homes/t/twarford/.conda/envs/mace_scf/lib/python3.12/site-packages/torch/jit/_script.py:1488: DeprecationWarning: `torch.jit.script` is deprecated. Please switch to `torch.compile` or `torch.export`.
  warnings.warn(
/global/homes/t/twarford/.conda/envs/mace_scf/lib/python3.12/ast.py:407: UserWarning: The TorchScript type system doesn't support instance-level annotations on empty non-base types in `__init__`. Instead, either 1) use a type annotation in the class body, or 2) wrap the type in `torch.jit.Attribute`.
  return visitor(node)
/global/homes/t/twarford/.conda/envs/mace_scf/lib/python3.12/ast.py:407: UserWarning: The TorchScript type system doesn't support instance-level annotations on empty non-base types in `__init__`. Instead, either 1) use a type annotation in the class body, or 2) wrap the type in `torch.jit.Attribute`.
  return visitor(node)
/global/homes/t/twarford/.conda/envs/mace_scf/lib/python3.12/site-packages/torch/jit/_script.py:1488: DeprecationWarning: `torch.jit.script` is deprecated. Please switch to `torch.compile` or `torch.export`.
  warnings.warn(
/global/homes/t/twarford/.conda/envs/mace_scf/lib/python3.12/site-packages/torch/jit/_script.py:1488: DeprecationWarning: `torch.jit.script` is deprecated. Please switch to `torch.compile` or `torch.export`.
  warnings.warn(
/global/homes/t/twarford/.conda/envs/mace_scf/lib/python3.12/site-packages/torch/jit/_script.py:1488: DeprecationWarning: `torch.jit.script` is deprecated. Please switch to `torch.compile` or `torch.export`.
  warnings.warn(
/global/homes/t/twarford/.conda/envs/mace_scf/lib/python3.12/ast.py:407: UserWarning: The TorchScript type system doesn't support instance-level annotations on empty non-base types in `__init__`. Instead, either 1) use a type annotation in the class body, or 2) wrap the type in `torch.jit.Attribute`.
  return visitor(node)
/global/homes/t/twarford/.conda/envs/mace_scf/lib/python3.12/site-packages/torch/jit/_script.py:1488: DeprecationWarning: `torch.jit.script` is deprecated. Please switch to `torch.compile` or `torch.export`.
  warnings.warn(
/global/homes/t/twarford/.conda/envs/mace_scf/lib/python3.12/ast.py:407: UserWarning: The TorchScript type system doesn't support instance-level annotations on empty non-base types in `__init__`. Instead, either 1) use a type annotation in the class body, or 2) wrap the type in `torch.jit.Attribute`.
  return visitor(node)
/global/homes/t/twarford/.conda/envs/mace_scf/lib/python3.12/site-packages/torch/jit/_script.py:1488: DeprecationWarning: `torch.jit.script` is deprecated. Please switch to `torch.compile` or `torch.export`.
  warnings.warn(
/global/homes/t/twarford/.conda/envs/mace_scf/lib/python3.12/site-packages/torch/jit/_script.py:1488: DeprecationWarning: `torch.jit.script` is deprecated. Please switch to `torch.compile` or `torch.export`.
  warnings.warn(
/global/homes/t/twarford/.conda/envs/mace_scf/lib/python3.12/site-packages/torch/jit/_script.py:1488: DeprecationWarning: `torch.jit.script` is deprecated. Please switch to `torch.compile` or `torch.export`.
  warnings.warn(
/global/homes/t/twarford/.conda/envs/mace_scf/lib/python3.12/site-packages/torch/jit/_script.py:1488: DeprecationWarning: `torch.jit.script` is deprecated. Please switch to `torch.compile` or `torch.export`.
  warnings.warn(
/global/homes/t/twarford/.conda/envs/mace_scf/lib/python3.12/ast.py:407: UserWarning: The TorchScript type system doesn't support instance-level annotations on empty non-base types in `__init__`. Instead, either 1) use a type annotation in the class body, or 2) wrap the type in `torch.jit.Attribute`.
  return visitor(node)
/global/homes/t/twarford/.conda/envs/mace_scf/lib/python3.12/site-packages/torch/jit/_script.py:1488: DeprecationWarning: `torch.jit.script` is deprecated. Please switch to `torch.compile` or `torch.export`.
  warnings.warn(
/global/homes/t/twarford/.conda/envs/mace_scf/lib/python3.12/site-packages/torch/jit/_script.py:1488: DeprecationWarning: `torch.jit.script` is deprecated. Please switch to `torch.compile` or `torch.export`.
  warnings.warn(
/global/homes/t/twarford/.conda/envs/mace_scf/lib/python3.12/site-packages/torch/jit/_script.py:1488: DeprecationWarning: `torch.jit.script` is deprecated. Please switch to `torch.compile` or `torch.export`.
  warnings.warn(
/global/homes/t/twarford/.conda/envs/mace_scf/lib/python3.12/site-packages/torch/jit/_script.py:1488: DeprecationWarning: `torch.jit.script` is deprecated. Please switch to `torch.compile` or `torch.export`.
  warnings.warn(
/global/homes/t/twarford/.conda/envs/mace_scf/lib/python3.12/site-packages/torch/jit/_script.py:1488: DeprecationWarning: `torch.jit.script` is deprecated. Please switch to `torch.compile` or `torch.export`.
  warnings.warn(
/global/homes/t/twarford/.conda/envs/mace_scf/lib/python3.12/site-packages/torch/jit/_script.py:1488: DeprecationWarning: `torch.jit.script` is deprecated. Please switch to `torch.compile` or `torch.export`.
  warnings.warn(
/global/homes/t/twarford/.conda/envs/mace_scf/lib/python3.12/site-packages/torch/jit/_script.py:1488: DeprecationWarning: `torch.jit.script` is deprecated. Please switch to `torch.compile` or `torch.export`.
  warnings.warn(
/global/homes/t/twarford/.conda/envs/mace_scf/lib/python3.12/site-packages/torch/jit/_script.py:1488: DeprecationWarning: `torch.jit.script` is deprecated. Please switch to `torch.compile` or `torch.export`.
  warnings.warn(
/global/homes/t/twarford/.conda/envs/mace_scf/lib/python3.12/site-packages/torch/jit/_script.py:1488: DeprecationWarning: `torch.jit.script` is deprecated. Please switch to `torch.compile` or `torch.export`.
  warnings.warn(
/global/homes/t/twarford/.conda/envs/mace_scf/lib/python3.12/ast.py:407: UserWarning: The TorchScript type system doesn't support instance-level annotations on empty non-base types in `__init__`. Instead, either 1) use a type annotation in the class body, or 2) wrap the type in `torch.jit.Attribute`.
  return visitor(node)
/global/homes/t/twarford/.conda/envs/mace_scf/lib/python3.12/site-packages/torch/jit/_script.py:1488: DeprecationWarning: `torch.jit.script` is deprecated. Please switch to `torch.compile` or `torch.export`.
  warnings.warn(
/global/homes/t/twarford/.conda/envs/mace_scf/lib/python3.12/ast.py:407: UserWarning: The TorchScript type system doesn't support instance-level annotations on empty non-base types in `__init__`. Instead, either 1) use a type annotation in the class body, or 2) wrap the type in `torch.jit.Attribute`.
  return visitor(node)
/global/homes/t/twarford/.conda/envs/mace_scf/lib/python3.12/ast.py:407: UserWarning: The TorchScript type system doesn't support instance-level annotations on empty non-base types in `__init__`. Instead, either 1) use a type annotation in the class body, or 2) wrap the type in `torch.jit.Attribute`.
  return visitor(node)
/global/homes/t/twarford/.conda/envs/mace_scf/lib/python3.12/site-packages/torch/jit/_script.py:1488: DeprecationWarning: `torch.jit.script` is deprecated. Please switch to `torch.compile` or `torch.export`.
  warnings.warn(
/global/homes/t/twarford/.conda/envs/mace_scf/lib/python3.12/ast.py:407: UserWarning: The TorchScript type system doesn't support instance-level annotations on empty non-base types in `__init__`. Instead, either 1) use a type annotation in the class body, or 2) wrap the type in `torch.jit.Attribute`.
  return visitor(node)
/global/homes/t/twarford/.conda/envs/mace_scf/lib/python3.12/ast.py:407: UserWarning: The TorchScript type system doesn't support instance-level annotations on empty non-base types in `__init__`. Instead, either 1) use a type annotation in the class body, or 2) wrap the type in `torch.jit.Attribute`.
  return visitor(node)
/global/homes/t/twarford/.conda/envs/mace_scf/lib/python3.12/ast.py:407: UserWarning: The TorchScript type system doesn't support instance-level annotations on empty non-base types in `__init__`. Instead, either 1) use a type annotation in the class body, or 2) wrap the type in `torch.jit.Attribute`.
  return visitor(node)
/global/homes/t/twarford/.conda/envs/mace_scf/lib/python3.12/ast.py:407: UserWarning: The TorchScript type system doesn't support instance-level annotations on empty non-base types in `__init__`. Instead, either 1) use a type annotation in the class body, or 2) wrap the type in `torch.jit.Attribute`.
  return visitor(node)
/global/homes/t/twarford/.conda/envs/mace_scf/lib/python3.12/ast.py:407: UserWarning: The TorchScript type system doesn't support instance-level annotations on empty non-base types in `__init__`. Instead, either 1) use a type annotation in the class body, or 2) wrap the type in `torch.jit.Attribute`.
  return visitor(node)
/global/homes/t/twarford/.conda/envs/mace_scf/lib/python3.12/ast.py:407: UserWarning: The TorchScript type system doesn't support instance-level annotations on empty non-base types in `__init__`. Instead, either 1) use a type annotation in the class body, or 2) wrap the type in `torch.jit.Attribute`.
  return visitor(node)
/global/homes/t/twarford/.conda/envs/mace_scf/lib/python3.12/ast.py:407: UserWarning: The TorchScript type system doesn't support instance-level annotations on empty non-base types in `__init__`. Instead, either 1) use a type annotation in the class body, or 2) wrap the type in `torch.jit.Attribute`.
  return visitor(node)
/global/homes/t/twarford/.conda/envs/mace_scf/lib/python3.12/ast.py:407: UserWarning: The TorchScript type system doesn't support instance-level annotations on empty non-base types in `__init__`. Instead, either 1) use a type annotation in the class body, or 2) wrap the type in `torch.jit.Attribute`.
  return visitor(node)
/global/homes/t/twarford/.conda/envs/mace_scf/lib/python3.12/site-packages/torch/jit/_script.py:1488: DeprecationWarning: `torch.jit.script` is deprecated. Please switch to `torch.compile` or `torch.export`.
  warnings.warn(
/global/homes/t/twarford/.conda/envs/mace_scf/lib/python3.12/ast.py:407: UserWarning: The TorchScript type system doesn't support instance-level annotations on empty non-base types in `__init__`. Instead, either 1) use a type annotation in the class body, or 2) wrap the type in `torch.jit.Attribute`.
  return visitor(node)
/global/homes/t/twarford/.conda/envs/mace_scf/lib/python3.12/ast.py:407: UserWarning: The TorchScript type system doesn't support instance-level annotations on empty non-base types in `__init__`. Instead, either 1) use a type annotation in the class body, or 2) wrap the type in `torch.jit.Attribute`.
  return visitor(node)
/global/homes/t/twarford/.conda/envs/mace_scf/lib/python3.12/site-packages/torch/jit/_script.py:1488: DeprecationWarning: `torch.jit.script` is deprecated. Please switch to `torch.compile` or `torch.export`.
  warnings.warn(
/global/homes/t/twarford/.conda/envs/mace_scf/lib/python3.12/site-packages/torch/jit/_script.py:1488: DeprecationWarning: `torch.jit.script` is deprecated. Please switch to `torch.compile` or `torch.export`.
  warnings.warn(
/global/homes/t/twarford/.conda/envs/mace_scf/lib/python3.12/ast.py:407: UserWarning: The TorchScript type system doesn't support instance-level annotations on empty non-base types in `__init__`. Instead, either 1) use a type annotation in the class body, or 2) wrap the type in `torch.jit.Attribute`.
  return visitor(node)
/global/homes/t/twarford/.conda/envs/mace_scf/lib/python3.12/ast.py:407: UserWarning: The TorchScript type system doesn't support instance-level annotations on empty non-base types in `__init__`. Instead, either 1) use a type annotation in the class body, or 2) wrap the type in `torch.jit.Attribute`.
  return visitor(node)
/global/homes/t/twarford/.conda/envs/mace_scf/lib/python3.12/ast.py:407: UserWarning: The TorchScript type system doesn't support instance-level annotations on empty non-base types in `__init__`. Instead, either 1) use a type annotation in the class body, or 2) wrap the type in `torch.jit.Attribute`.
  return visitor(node)
/global/homes/t/twarford/.conda/envs/mace_scf/lib/python3.12/ast.py:407: UserWarning: The TorchScript type system doesn't support instance-level annotations on empty non-base types in `__init__`. Instead, either 1) use a type annotation in the class body, or 2) wrap the type in `torch.jit.Attribute`.
  return visitor(node)
/global/homes/t/twarford/.conda/envs/mace_scf/lib/python3.12/ast.py:407: UserWarning: The TorchScript type system doesn't support instance-level annotations on empty non-base types in `__init__`. Instead, either 1) use a type annotation in the class body, or 2) wrap the type in `torch.jit.Attribute`.
  return visitor(node)
/global/homes/t/twarford/.conda/envs/mace_scf/lib/python3.12/ast.py:407: UserWarning: The TorchScript type system doesn't support instance-level annotations on empty non-base types in `__init__`. Instead, either 1) use a type annotation in the class body, or 2) wrap the type in `torch.jit.Attribute`.
  return visitor(node)
/global/homes/t/twarford/.conda/envs/mace_scf/lib/python3.12/site-packages/torch/jit/_script.py:1488: DeprecationWarning: `torch.jit.script` is deprecated. Please switch to `torch.compile` or `torch.export`.
  warnings.warn(
/global/homes/t/twarford/.conda/envs/mace_scf/lib/python3.12/ast.py:407: UserWarning: The TorchScript type system doesn't support instance-level annotations on empty non-base types in `__init__`. Instead, either 1) use a type annotation in the class body, or 2) wrap the type in `torch.jit.Attribute`.
  return visitor(node)
/global/homes/t/twarford/.conda/envs/mace_scf/lib/python3.12/ast.py:407: UserWarning: The TorchScript type system doesn't support instance-level annotations on empty non-base types in `__init__`. Instead, either 1) use a type annotation in the class body, or 2) wrap the type in `torch.jit.Attribute`.
  return visitor(node)
/global/homes/t/twarford/.conda/envs/mace_scf/lib/python3.12/ast.py:407: UserWarning: The TorchScript type system doesn't support instance-level annotations on empty non-base types in `__init__`. Instead, either 1) use a type annotation in the class body, or 2) wrap the type in `torch.jit.Attribute`.
  return visitor(node)
/global/homes/t/twarford/.conda/envs/mace_scf/lib/python3.12/site-packages/torch/jit/_script.py:1488: DeprecationWarning: `torch.jit.script` is deprecated. Please switch to `torch.compile` or `torch.export`.
  warnings.warn(
/global/homes/t/twarford/.conda/envs/mace_scf/lib/python3.12/site-packages/torch/jit/_script.py:1488: DeprecationWarning: `torch.jit.script` is deprecated. Please switch to `torch.compile` or `torch.export`.
  warnings.warn(
/global/homes/t/twarford/.conda/envs/mace_scf/lib/python3.12/ast.py:407: UserWarning: The TorchScript type system doesn't support instance-level annotations on empty non-base types in `__init__`. Instead, either 1) use a type annotation in the class body, or 2) wrap the type in `torch.jit.Attribute`.
  return visitor(node)
/global/homes/t/twarford/.conda/envs/mace_scf/lib/python3.12/site-packages/torch/jit/_script.py:1488: DeprecationWarning: `torch.jit.script` is deprecated. Please switch to `torch.compile` or `torch.export`.
  warnings.warn(
/global/homes/t/twarford/.conda/envs/mace_scf/lib/python3.12/site-packages/torch/jit/_script.py:1488: DeprecationWarning: `torch.jit.script` is deprecated. Please switch to `torch.compile` or `torch.export`.
  warnings.warn(
/global/homes/t/twarford/.conda/envs/mace_scf/lib/python3.12/ast.py:407: UserWarning: The TorchScript type system doesn't support instance-level annotations on empty non-base types in `__init__`. Instead, either 1) use a type annotation in the class body, or 2) wrap the type in `torch.jit.Attribute`.
  return visitor(node)
/global/homes/t/twarford/.conda/envs/mace_scf/lib/python3.12/site-packages/torch/jit/_script.py:1488: DeprecationWarning: `torch.jit.script` is deprecated. Please switch to `torch.compile` or `torch.export`.
  warnings.warn(
/global/homes/t/twarford/.conda/envs/mace_scf/lib/python3.12/site-packages/torch/jit/_script.py:1488: DeprecationWarning: `torch.jit.script` is deprecated. Please switch to `torch.compile` or `torch.export`.
  warnings.warn(
/global/homes/t/twarford/.conda/envs/mace_scf/lib/python3.12/ast.py:407: UserWarning: The TorchScript type system doesn't support instance-level annotations on empty non-base types in `__init__`. Instead, either 1) use a type annotation in the class body, or 2) wrap the type in `torch.jit.Attribute`.
  return visitor(node)
/global/homes/t/twarford/.conda/envs/mace_scf/lib/python3.12/site-packages/torch/jit/_script.py:1488: DeprecationWarning: `torch.jit.script` is deprecated. Please switch to `torch.compile` or `torch.export`.
  warnings.warn(
/global/homes/t/twarford/.conda/envs/mace_scf/lib/python3.12/site-packages/torch/jit/_script.py:1488: DeprecationWarning: `torch.jit.script` is deprecated. Please switch to `torch.compile` or `torch.export`.
  warnings.warn(
/global/homes/t/twarford/.conda/envs/mace_scf/lib/python3.12/ast.py:407: UserWarning: The TorchScript type system doesn't support instance-level annotations on empty non-base types in `__init__`. Instead, either 1) use a type annotation in the class body, or 2) wrap the type in `torch.jit.Attribute`.
  return visitor(node)
/global/homes/t/twarford/.conda/envs/mace_scf/lib/python3.12/ast.py:407: UserWarning: The TorchScript type system doesn't support instance-level annotations on empty non-base types in `__init__`. Instead, either 1) use a type annotation in the class body, or 2) wrap the type in `torch.jit.Attribute`.
  return visitor(node)
/global/homes/t/twarford/.conda/envs/mace_scf/lib/python3.12/ast.py:407: UserWarning: The TorchScript type system doesn't support instance-level annotations on empty non-base types in `__init__`. Instead, either 1) use a type annotation in the class body, or 2) wrap the type in `torch.jit.Attribute`.
  return visitor(node)
/global/homes/t/twarford/.conda/envs/mace_scf/lib/python3.12/ast.py:407: UserWarning: The TorchScript type system doesn't support instance-level annotations on empty non-base types in `__init__`. Instead, either 1) use a type annotation in the class body, or 2) wrap the type in `torch.jit.Attribute`.
  return visitor(node)
/global/homes/t/twarford/.conda/envs/mace_scf/lib/python3.12/site-packages/torch/jit/_script.py:1488: DeprecationWarning: `torch.jit.script` is deprecated. Please switch to `torch.compile` or `torch.export`.
  warnings.warn(
/global/homes/t/twarford/.conda/envs/mace_scf/lib/python3.12/ast.py:407: UserWarning: The TorchScript type system doesn't support instance-level annotations on empty non-base types in `__init__`. Instead, either 1) use a type annotation in the class body, or 2) wrap the type in `torch.jit.Attribute`.
  return visitor(node)
/global/homes/t/twarford/.conda/envs/mace_scf/lib/python3.12/ast.py:407: UserWarning: The TorchScript type system doesn't support instance-level annotations on empty non-base types in `__init__`. Instead, either 1) use a type annotation in the class body, or 2) wrap the type in `torch.jit.Attribute`.
  return visitor(node)
/global/homes/t/twarford/.conda/envs/mace_scf/lib/python3.12/site-packages/torch/jit/_script.py:1488: DeprecationWarning: `torch.jit.script` is deprecated. Please switch to `torch.compile` or `torch.export`.
  warnings.warn(
/global/homes/t/twarford/.conda/envs/mace_scf/lib/python3.12/site-packages/torch/jit/_script.py:1488: DeprecationWarning: `torch.jit.script` is deprecated. Please switch to `torch.compile` or `torch.export`.
  warnings.warn(
/global/homes/t/twarford/.conda/envs/mace_scf/lib/python3.12/site-packages/torch/jit/_script.py:1488: DeprecationWarning: `torch.jit.script` is deprecated. Please switch to `torch.compile` or `torch.export`.
  warnings.warn(
/global/homes/t/twarford/.conda/envs/mace_scf/lib/python3.12/ast.py:407: UserWarning: The TorchScript type system doesn't support instance-level annotations on empty non-base types in `__init__`. Instead, either 1) use a type annotation in the class body, or 2) wrap the type in `torch.jit.Attribute`.
  return visitor(node)
/global/homes/t/twarford/.conda/envs/mace_scf/lib/python3.12/site-packages/torch/jit/_script.py:1488: DeprecationWarning: `torch.jit.script` is deprecated. Please switch to `torch.compile` or `torch.export`.
  warnings.warn(
/global/homes/t/twarford/.conda/envs/mace_scf/lib/python3.12/ast.py:407: UserWarning: The TorchScript type system doesn't support instance-level annotations on empty non-base types in `__init__`. Instead, either 1) use a type annotation in the class body, or 2) wrap the type in `torch.jit.Attribute`.
  return visitor(node)
/global/homes/t/twarford/.conda/envs/mace_scf/lib/python3.12/ast.py:407: UserWarning: The TorchScript type system doesn't support instance-level annotations on empty non-base types in `__init__`. Instead, either 1) use a type annotation in the class body, or 2) wrap the type in `torch.jit.Attribute`.
  return visitor(node)
/global/homes/t/twarford/.conda/envs/mace_scf/lib/python3.12/ast.py:407: UserWarning: The TorchScript type system doesn't support instance-level annotations on empty non-base types in `__init__`. Instead, either 1) use a type annotation in the class body, or 2) wrap the type in `torch.jit.Attribute`.
  return visitor(node)
/global/homes/t/twarford/.conda/envs/mace_scf/lib/python3.12/ast.py:407: UserWarning: The TorchScript type system doesn't support instance-level annotations on empty non-base types in `__init__`. Instead, either 1) use a type annotation in the class body, or 2) wrap the type in `torch.jit.Attribute`.
  return visitor(node)
/global/homes/t/twarford/.conda/envs/mace_scf/lib/python3.12/site-packages/torch/jit/_script.py:1488: DeprecationWarning: `torch.jit.script` is deprecated. Please switch to `torch.compile` or `torch.export`.
  warnings.warn(
/global/homes/t/twarford/.conda/envs/mace_scf/lib/python3.12/site-packages/torch/jit/_script.py:1488: DeprecationWarning: `torch.jit.script` is deprecated. Please switch to `torch.compile` or `torch.export`.
  warnings.warn(
/global/homes/t/twarford/.conda/envs/mace_scf/lib/python3.12/site-packages/torch/jit/_script.py:1488: DeprecationWarning: `torch.jit.script` is deprecated. Please switch to `torch.compile` or `torch.export`.
  warnings.warn(
/global/homes/t/twarford/.conda/envs/mace_scf/lib/python3.12/site-packages/torch/jit/_script.py:1488: DeprecationWarning: `torch.jit.script` is deprecated. Please switch to `torch.compile` or `torch.export`.
  warnings.warn(
/global/homes/t/twarford/.conda/envs/mace_scf/lib/python3.12/ast.py:407: UserWarning: The TorchScript type system doesn't support instance-level annotations on empty non-base types in `__init__`. Instead, either 1) use a type annotation in the class body, or 2) wrap the type in `torch.jit.Attribute`.
  return visitor(node)
/global/homes/t/twarford/.conda/envs/mace_scf/lib/python3.12/ast.py:407: UserWarning: The TorchScript type system doesn't support instance-level annotations on empty non-base types in `__init__`. Instead, either 1) use a type annotation in the class body, or 2) wrap the type in `torch.jit.Attribute`.
  return visitor(node)
/global/homes/t/twarford/.conda/envs/mace_scf/lib/python3.12/ast.py:407: UserWarning: The TorchScript type system doesn't support instance-level annotations on empty non-base types in `__init__`. Instead, either 1) use a type annotation in the class body, or 2) wrap the type in `torch.jit.Attribute`.
  return visitor(node)
/global/homes/t/twarford/.conda/envs/mace_scf/lib/python3.12/ast.py:407: UserWarning: The TorchScript type system doesn't support instance-level annotations on empty non-base types in `__init__`. Instead, either 1) use a type annotation in the class body, or 2) wrap the type in `torch.jit.Attribute`.
  return visitor(node)
/global/homes/t/twarford/.conda/envs/mace_scf/lib/python3.12/site-packages/torch/jit/_script.py:1488: DeprecationWarning: `torch.jit.script` is deprecated. Please switch to `torch.compile` or `torch.export`.
  warnings.warn(
/global/homes/t/twarford/.conda/envs/mace_scf/lib/python3.12/site-packages/torch/jit/_script.py:1488: DeprecationWarning: `torch.jit.script` is deprecated. Please switch to `torch.compile` or `torch.export`.
  warnings.warn(
/global/homes/t/twarford/.conda/envs/mace_scf/lib/python3.12/ast.py:407: UserWarning: The TorchScript type system doesn't support instance-level annotations on empty non-base types in `__init__`. Instead, either 1) use a type annotation in the class body, or 2) wrap the type in `torch.jit.Attribute`.
  return visitor(node)
/global/homes/t/twarford/.conda/envs/mace_scf/lib/python3.12/site-packages/torch/jit/_script.py:1488: DeprecationWarning: `torch.jit.script` is deprecated. Please switch to `torch.compile` or `torch.export`.
  warnings.warn(
/global/homes/t/twarford/.conda/envs/mace_scf/lib/python3.12/ast.py:407: UserWarning: The TorchScript type system doesn't support instance-level annotations on empty non-base types in `__init__`. Instead, either 1) use a type annotation in the class body, or 2) wrap the type in `torch.jit.Attribute`.
  return visitor(node)
/global/homes/t/twarford/.conda/envs/mace_scf/lib/python3.12/site-packages/torch/jit/_script.py:1488: DeprecationWarning: `torch.jit.script` is deprecated. Please switch to `torch.compile` or `torch.export`.
  warnings.warn(
/global/homes/t/twarford/.conda/envs/mace_scf/lib/python3.12/ast.py:407: UserWarning: The TorchScript type system doesn't support instance-level annotations on empty non-base types in `__init__`. Instead, either 1) use a type annotation in the class body, or 2) wrap the type in `torch.jit.Attribute`.
  return visitor(node)
/global/homes/t/twarford/.conda/envs/mace_scf/lib/python3.12/ast.py:407: UserWarning: The TorchScript type system doesn't support instance-level annotations on empty non-base types in `__init__`. Instead, either 1) use a type annotation in the class body, or 2) wrap the type in `torch.jit.Attribute`.
  return visitor(node)
/global/homes/t/twarford/.conda/envs/mace_scf/lib/python3.12/site-packages/torch/jit/_script.py:1488: DeprecationWarning: `torch.jit.script` is deprecated. Please switch to `torch.compile` or `torch.export`.
  warnings.warn(
/global/homes/t/twarford/.conda/envs/mace_scf/lib/python3.12/site-packages/torch/jit/_script.py:1488: DeprecationWarning: `torch.jit.script` is deprecated. Please switch to `torch.compile` or `torch.export`.
  warnings.warn(
/global/homes/t/twarford/.conda/envs/mace_scf/lib/python3.12/ast.py:407: UserWarning: The TorchScript type system doesn't support instance-level annotations on empty non-base types in `__init__`. Instead, either 1) use a type annotation in the class body, or 2) wrap the type in `torch.jit.Attribute`.
  return visitor(node)
/global/homes/t/twarford/.conda/envs/mace_scf/lib/python3.12/ast.py:407: UserWarning: The TorchScript type system doesn't support instance-level annotations on empty non-base types in `__init__`. Instead, either 1) use a type annotation in the class body, or 2) wrap the type in `torch.jit.Attribute`.
  return visitor(node)
/global/homes/t/twarford/.conda/envs/mace_scf/lib/python3.12/site-packages/torch/jit/_script.py:1488: DeprecationWarning: `torch.jit.script` is deprecated. Please switch to `torch.compile` or `torch.export`.
  warnings.warn(
/global/homes/t/twarford/.conda/envs/mace_scf/lib/python3.12/site-packages/torch/jit/_script.py:1488: DeprecationWarning: `torch.jit.script` is deprecated. Please switch to `torch.compile` or `torch.export`.
  warnings.warn(
/global/homes/t/twarford/.conda/envs/mace_scf/lib/python3.12/ast.py:407: UserWarning: The TorchScript type system doesn't support instance-level annotations on empty non-base types in `__init__`. Instead, either 1) use a type annotation in the class body, or 2) wrap the type in `torch.jit.Attribute`.
  return visitor(node)
/global/homes/t/twarford/.conda/envs/mace_scf/lib/python3.12/site-packages/torch/jit/_script.py:1488: DeprecationWarning: `torch.jit.script` is deprecated. Please switch to `torch.compile` or `torch.export`.
  warnings.warn(
/global/homes/t/twarford/.conda/envs/mace_scf/lib/python3.12/ast.py:407: UserWarning: The TorchScript type system doesn't support instance-level annotations on empty non-base types in `__init__`. Instead, either 1) use a type annotation in the class body, or 2) wrap the type in `torch.jit.Attribute`.
  return visitor(node)
/global/homes/t/twarford/.conda/envs/mace_scf/lib/python3.12/site-packages/torch/jit/_script.py:1488: DeprecationWarning: `torch.jit.script` is deprecated. Please switch to `torch.compile` or `torch.export`.
  warnings.warn(
/global/homes/t/twarford/.conda/envs/mace_scf/lib/python3.12/ast.py:407: UserWarning: The TorchScript type system doesn't support instance-level annotations on empty non-base types in `__init__`. Instead, either 1) use a type annotation in the class body, or 2) wrap the type in `torch.jit.Attribute`.
  return visitor(node)
/global/homes/t/twarford/.conda/envs/mace_scf/lib/python3.12/ast.py:407: UserWarning: The TorchScript type system doesn't support instance-level annotations on empty non-base types in `__init__`. Instead, either 1) use a type annotation in the class body, or 2) wrap the type in `torch.jit.Attribute`.
  return visitor(node)
/global/homes/t/twarford/.conda/envs/mace_scf/lib/python3.12/site-packages/torch/jit/_script.py:1488: DeprecationWarning: `torch.jit.script` is deprecated. Please switch to `torch.compile` or `torch.export`.
  warnings.warn(
/global/homes/t/twarford/.conda/envs/mace_scf/lib/python3.12/ast.py:407: UserWarning: The TorchScript type system doesn't support instance-level annotations on empty non-base types in `__init__`. Instead, either 1) use a type annotation in the class body, or 2) wrap the type in `torch.jit.Attribute`.
  return visitor(node)
/global/homes/t/twarford/.conda/envs/mace_scf/lib/python3.12/site-packages/torch/jit/_script.py:1488: DeprecationWarning: `torch.jit.script` is deprecated. Please switch to `torch.compile` or `torch.export`.
  warnings.warn(
/global/homes/t/twarford/.conda/envs/mace_scf/lib/python3.12/ast.py:407: UserWarning: The TorchScript type system doesn't support instance-level annotations on empty non-base types in `__init__`. Instead, either 1) use a type annotation in the class body, or 2) wrap the type in `torch.jit.Attribute`.
  return visitor(node)
/global/homes/t/twarford/.conda/envs/mace_scf/lib/python3.12/site-packages/torch/jit/_script.py:1488: DeprecationWarning: `torch.jit.script` is deprecated. Please switch to `torch.compile` or `torch.export`.
  warnings.warn(
/global/homes/t/twarford/.conda/envs/mace_scf/lib/python3.12/site-packages/torch/jit/_script.py:1488: DeprecationWarning: `torch.jit.script` is deprecated. Please switch to `torch.compile` or `torch.export`.
  warnings.warn(
/global/homes/t/twarford/.conda/envs/mace_scf/lib/python3.12/ast.py:407: UserWarning: The TorchScript type system doesn't support instance-level annotations on empty non-base types in `__init__`. Instead, either 1) use a type annotation in the class body, or 2) wrap the type in `torch.jit.Attribute`.
  return visitor(node)
/global/homes/t/twarford/.conda/envs/mace_scf/lib/python3.12/ast.py:407: UserWarning: The TorchScript type system doesn't support instance-level annotations on empty non-base types in `__init__`. Instead, either 1) use a type annotation in the class body, or 2) wrap the type in `torch.jit.Attribute`.
  return visitor(node)
/global/homes/t/twarford/.conda/envs/mace_scf/lib/python3.12/site-packages/torch/jit/_script.py:1488: DeprecationWarning: `torch.jit.script` is deprecated. Please switch to `torch.compile` or `torch.export`.
  warnings.warn(
/global/homes/t/twarford/.conda/envs/mace_scf/lib/python3.12/site-packages/torch/jit/_script.py:1488: DeprecationWarning: `torch.jit.script` is deprecated. Please switch to `torch.compile` or `torch.export`.
  warnings.warn(
/global/homes/t/twarford/.conda/envs/mace_scf/lib/python3.12/site-packages/torch/jit/_script.py:1488: DeprecationWarning: `torch.jit.script` is deprecated. Please switch to `torch.compile` or `torch.export`.
  warnings.warn(
/global/homes/t/twarford/.conda/envs/mace_scf/lib/python3.12/site-packages/torch/jit/_script.py:1488: DeprecationWarning: `torch.jit.script` is deprecated. Please switch to `torch.compile` or `torch.export`.
  warnings.warn(
/global/homes/t/twarford/.conda/envs/mace_scf/lib/python3.12/site-packages/torch/jit/_script.py:1488: DeprecationWarning: `torch.jit.script` is deprecated. Please switch to `torch.compile` or `torch.export`.
  warnings.warn(
/global/homes/t/twarford/.conda/envs/mace_scf/lib/python3.12/site-packages/torch/jit/_script.py:1488: DeprecationWarning: `torch.jit.script` is deprecated. Please switch to `torch.compile` or `torch.export`.
  warnings.warn(
/global/homes/t/twarford/.conda/envs/mace_scf/lib/python3.12/site-packages/torch/jit/_script.py:1488: DeprecationWarning: `torch.jit.script` is deprecated. Please switch to `torch.compile` or `torch.export`.
  warnings.warn(
/global/homes/t/twarford/.conda/envs/mace_scf/lib/python3.12/site-packages/torch/jit/_script.py:1488: DeprecationWarning: `torch.jit.script` is deprecated. Please switch to `torch.compile` or `torch.export`.
  warnings.warn(
/global/homes/t/twarford/.conda/envs/mace_scf/lib/python3.12/site-packages/torch/jit/_script.py:1488: DeprecationWarning: `torch.jit.script` is deprecated. Please switch to `torch.compile` or `torch.export`.
  warnings.warn(
/global/homes/t/twarford/.conda/envs/mace_scf/lib/python3.12/site-packages/torch/jit/_script.py:1488: DeprecationWarning: `torch.jit.script` is deprecated. Please switch to `torch.compile` or `torch.export`.
  warnings.warn(
/global/homes/t/twarford/.conda/envs/mace_scf/lib/python3.12/site-packages/torch/jit/_script.py:1488: DeprecationWarning: `torch.jit.script` is deprecated. Please switch to `torch.compile` or `torch.export`.
  warnings.warn(
/global/homes/t/twarford/.conda/envs/mace_scf/lib/python3.12/site-packages/torch/jit/_script.py:1488: DeprecationWarning: `torch.jit.script` is deprecated. Please switch to `torch.compile` or `torch.export`.
  warnings.warn(
/global/homes/t/twarford/.conda/envs/mace_scf/lib/python3.12/ast.py:407: UserWarning: The TorchScript type system doesn't support instance-level annotations on empty non-base types in `__init__`. Instead, either 1) use a type annotation in the class body, or 2) wrap the type in `torch.jit.Attribute`.
  return visitor(node)
/global/homes/t/twarford/.conda/envs/mace_scf/lib/python3.12/site-packages/torch/jit/_script.py:1488: DeprecationWarning: `torch.jit.script` is deprecated. Please switch to `torch.compile` or `torch.export`.
  warnings.warn(
/global/homes/t/twarford/.conda/envs/mace_scf/lib/python3.12/site-packages/torch/jit/_script.py:1488: DeprecationWarning: `torch.jit.script` is deprecated. Please switch to `torch.compile` or `torch.export`.
  warnings.warn(
/global/homes/t/twarford/.conda/envs/mace_scf/lib/python3.12/ast.py:407: UserWarning: The TorchScript type system doesn't support instance-level annotations on empty non-base types in `__init__`. Instead, either 1) use a type annotation in the class body, or 2) wrap the type in `torch.jit.Attribute`.
  return visitor(node)
/global/homes/t/twarford/.conda/envs/mace_scf/lib/python3.12/site-packages/torch/jit/_script.py:1488: DeprecationWarning: `torch.jit.script` is deprecated. Please switch to `torch.compile` or `torch.export`.
  warnings.warn(
/global/homes/t/twarford/.conda/envs/mace_scf/lib/python3.12/site-packages/torch/jit/_script.py:1488: DeprecationWarning: `torch.jit.script` is deprecated. Please switch to `torch.compile` or `torch.export`.
  warnings.warn(
/global/homes/t/twarford/.conda/envs/mace_scf/lib/python3.12/ast.py:407: UserWarning: The TorchScript type system doesn't support instance-level annotations on empty non-base types in `__init__`. Instead, either 1) use a type annotation in the class body, or 2) wrap the type in `torch.jit.Attribute`.
  return visitor(node)
/global/homes/t/twarford/.conda/envs/mace_scf/lib/python3.12/ast.py:407: UserWarning: The TorchScript type system doesn't support instance-level annotations on empty non-base types in `__init__`. Instead, either 1) use a type annotation in the class body, or 2) wrap the type in `torch.jit.Attribute`.
  return visitor(node)
/global/homes/t/twarford/.conda/envs/mace_scf/lib/python3.12/ast.py:407: UserWarning: The TorchScript type system doesn't support instance-level annotations on empty non-base types in `__init__`. Instead, either 1) use a type annotation in the class body, or 2) wrap the type in `torch.jit.Attribute`.
  return visitor(node)
/global/homes/t/twarford/.conda/envs/mace_scf/lib/python3.12/ast.py:407: UserWarning: The TorchScript type system doesn't support instance-level annotations on empty non-base types in `__init__`. Instead, either 1) use a type annotation in the class body, or 2) wrap the type in `torch.jit.Attribute`.
  return visitor(node)
/global/homes/t/twarford/.conda/envs/mace_scf/lib/python3.12/site-packages/torch/jit/_script.py:1488: DeprecationWarning: `torch.jit.script` is deprecated. Please switch to `torch.compile` or `torch.export`.
  warnings.warn(
/global/homes/t/twarford/.conda/envs/mace_scf/lib/python3.12/ast.py:407: UserWarning: The TorchScript type system doesn't support instance-level annotations on empty non-base types in `__init__`. Instead, either 1) use a type annotation in the class body, or 2) wrap the type in `torch.jit.Attribute`.
  return visitor(node)
/global/homes/t/twarford/.conda/envs/mace_scf/lib/python3.12/site-packages/torch/jit/_script.py:1488: DeprecationWarning: `torch.jit.script` is deprecated. Please switch to `torch.compile` or `torch.export`.
  warnings.warn(
/global/homes/t/twarford/.conda/envs/mace_scf/lib/python3.12/ast.py:407: UserWarning: The TorchScript type system doesn't support instance-level annotations on empty non-base types in `__init__`. Instead, either 1) use a type annotation in the class body, or 2) wrap the type in `torch.jit.Attribute`.
  return visitor(node)
/global/homes/t/twarford/.conda/envs/mace_scf/lib/python3.12/site-packages/torch/jit/_script.py:1488: DeprecationWarning: `torch.jit.script` is deprecated. Please switch to `torch.compile` or `torch.export`.
  warnings.warn(
/global/homes/t/twarford/.conda/envs/mace_scf/lib/python3.12/ast.py:407: UserWarning: The TorchScript type system doesn't support instance-level annotations on empty non-base types in `__init__`. Instead, either 1) use a type annotation in the class body, or 2) wrap the type in `torch.jit.Attribute`.
  return visitor(node)
/global/homes/t/twarford/.conda/envs/mace_scf/lib/python3.12/ast.py:407: UserWarning: The TorchScript type system doesn't support instance-level annotations on empty non-base types in `__init__`. Instead, either 1) use a type annotation in the class body, or 2) wrap the type in `torch.jit.Attribute`.
  return visitor(node)
/global/homes/t/twarford/.conda/envs/mace_scf/lib/python3.12/ast.py:407: UserWarning: The TorchScript type system doesn't support instance-level annotations on empty non-base types in `__init__`. Instead, either 1) use a type annotation in the class body, or 2) wrap the type in `torch.jit.Attribute`.
  return visitor(node)
/global/homes/t/twarford/.conda/envs/mace_scf/lib/python3.12/ast.py:407: UserWarning: The TorchScript type system doesn't support instance-level annotations on empty non-base types in `__init__`. Instead, either 1) use a type annotation in the class body, or 2) wrap the type in `torch.jit.Attribute`.
  return visitor(node)
/global/homes/t/twarford/.conda/envs/mace_scf/lib/python3.12/ast.py:407: UserWarning: The TorchScript type system doesn't support instance-level annotations on empty non-base types in `__init__`. Instead, either 1) use a type annotation in the class body, or 2) wrap the type in `torch.jit.Attribute`.
  return visitor(node)
/global/homes/t/twarford/.conda/envs/mace_scf/lib/python3.12/ast.py:407: UserWarning: The TorchScript type system doesn't support instance-level annotations on empty non-base types in `__init__`. Instead, either 1) use a type annotation in the class body, or 2) wrap the type in `torch.jit.Attribute`.
  return visitor(node)
/global/homes/t/twarford/.conda/envs/mace_scf/lib/python3.12/ast.py:407: UserWarning: The TorchScript type system doesn't support instance-level annotations on empty non-base types in `__init__`. Instead, either 1) use a type annotation in the class body, or 2) wrap the type in `torch.jit.Attribute`.
  return visitor(node)
/global/homes/t/twarford/.conda/envs/mace_scf/lib/python3.12/ast.py:407: UserWarning: The TorchScript type system doesn't support instance-level annotations on empty non-base types in `__init__`. Instead, either 1) use a type annotation in the class body, or 2) wrap the type in `torch.jit.Attribute`.
  return visitor(node)
/global/homes/t/twarford/.conda/envs/mace_scf/lib/python3.12/ast.py:407: UserWarning: The TorchScript type system doesn't support instance-level annotations on empty non-base types in `__init__`. Instead, either 1) use a type annotation in the class body, or 2) wrap the type in `torch.jit.Attribute`.
  return visitor(node)
/global/homes/t/twarford/.conda/envs/mace_scf/lib/python3.12/site-packages/torch/jit/_script.py:1488: DeprecationWarning: `torch.jit.script` is deprecated. Please switch to `torch.compile` or `torch.export`.
  warnings.warn(
/global/homes/t/twarford/.conda/envs/mace_scf/lib/python3.12/site-packages/torch/jit/_script.py:1488: DeprecationWarning: `torch.jit.script` is deprecated. Please switch to `torch.compile` or `torch.export`.
  warnings.warn(
/global/homes/t/twarford/.conda/envs/mace_scf/lib/python3.12/site-packages/torch/jit/_script.py:1488: DeprecationWarning: `torch.jit.script` is deprecated. Please switch to `torch.compile` or `torch.export`.
  warnings.warn(
/global/homes/t/twarford/.conda/envs/mace_scf/lib/python3.12/site-packages/torch/jit/_script.py:1488: DeprecationWarning: `torch.jit.script` is deprecated. Please switch to `torch.compile` or `torch.export`.
  warnings.warn(
/global/homes/t/twarford/.conda/envs/mace_scf/lib/python3.12/ast.py:407: UserWarning: The TorchScript type system doesn't support instance-level annotations on empty non-base types in `__init__`. Instead, either 1) use a type annotation in the class body, or 2) wrap the type in `torch.jit.Attribute`.
  return visitor(node)
/global/homes/t/twarford/.conda/envs/mace_scf/lib/python3.12/site-packages/torch/jit/_script.py:1488: DeprecationWarning: `torch.jit.script` is deprecated. Please switch to `torch.compile` or `torch.export`.
  warnings.warn(
/global/homes/t/twarford/.conda/envs/mace_scf/lib/python3.12/site-packages/torch/jit/_script.py:1488: DeprecationWarning: `torch.jit.script` is deprecated. Please switch to `torch.compile` or `torch.export`.
  warnings.warn(
/global/homes/t/twarford/.conda/envs/mace_scf/lib/python3.12/site-packages/torch/jit/_script.py:1488: DeprecationWarning: `torch.jit.script` is deprecated. Please switch to `torch.compile` or `torch.export`.
  warnings.warn(
/global/homes/t/twarford/.conda/envs/mace_scf/lib/python3.12/site-packages/torch/jit/_script.py:1488: DeprecationWarning: `torch.jit.script` is deprecated. Please switch to `torch.compile` or `torch.export`.
  warnings.warn(
/global/homes/t/twarford/.conda/envs/mace_scf/lib/python3.12/ast.py:407: UserWarning: The TorchScript type system doesn't support instance-level annotations on empty non-base types in `__init__`. Instead, either 1) use a type annotation in the class body, or 2) wrap the type in `torch.jit.Attribute`.
  return visitor(node)
/global/homes/t/twarford/.conda/envs/mace_scf/lib/python3.12/site-packages/torch/jit/_script.py:1488: DeprecationWarning: `torch.jit.script` is deprecated. Please switch to `torch.compile` or `torch.export`.
  warnings.warn(
/global/homes/t/twarford/.conda/envs/mace_scf/lib/python3.12/site-packages/torch/jit/_script.py:1488: DeprecationWarning: `torch.jit.script` is deprecated. Please switch to `torch.compile` or `torch.export`.
  warnings.warn(
/global/homes/t/twarford/.conda/envs/mace_scf/lib/python3.12/site-packages/torch/jit/_script.py:1488: DeprecationWarning: `torch.jit.script` is deprecated. Please switch to `torch.compile` or `torch.export`.
  warnings.warn(
/global/homes/t/twarford/.conda/envs/mace_scf/lib/python3.12/ast.py:407: UserWarning: The TorchScript type system doesn't support instance-level annotations on empty non-base types in `__init__`. Instead, either 1) use a type annotation in the class body, or 2) wrap the type in `torch.jit.Attribute`.
  return visitor(node)
/global/homes/t/twarford/.conda/envs/mace_scf/lib/python3.12/site-packages/torch/jit/_script.py:1488: DeprecationWarning: `torch.jit.script` is deprecated. Please switch to `torch.compile` or `torch.export`.
  warnings.warn(
/global/homes/t/twarford/.conda/envs/mace_scf/lib/python3.12/ast.py:407: UserWarning: The TorchScript type system doesn't support instance-level annotations on empty non-base types in `__init__`. Instead, either 1) use a type annotation in the class body, or 2) wrap the type in `torch.jit.Attribute`.
  return visitor(node)
/global/homes/t/twarford/.conda/envs/mace_scf/lib/python3.12/site-packages/torch/jit/_script.py:1488: DeprecationWarning: `torch.jit.script` is deprecated. Please switch to `torch.compile` or `torch.export`.
  warnings.warn(
/global/homes/t/twarford/.conda/envs/mace_scf/lib/python3.12/site-packages/torch/jit/_script.py:1488: DeprecationWarning: `torch.jit.script` is deprecated. Please switch to `torch.compile` or `torch.export`.
  warnings.warn(
/global/homes/t/twarford/.conda/envs/mace_scf/lib/python3.12/site-packages/torch/jit/_script.py:1488: DeprecationWarning: `torch.jit.script` is deprecated. Please switch to `torch.compile` or `torch.export`.
  warnings.warn(
/global/homes/t/twarford/.conda/envs/mace_scf/lib/python3.12/site-packages/torch/jit/_script.py:1488: DeprecationWarning: `torch.jit.script` is deprecated. Please switch to `torch.compile` or `torch.export`.
  warnings.warn(
/global/homes/t/twarford/.conda/envs/mace_scf/lib/python3.12/ast.py:407: UserWarning: The TorchScript type system doesn't support instance-level annotations on empty non-base types in `__init__`. Instead, either 1) use a type annotation in the class body, or 2) wrap the type in `torch.jit.Attribute`.
  return visitor(node)
/global/homes/t/twarford/.conda/envs/mace_scf/lib/python3.12/site-packages/torch/jit/_script.py:1488: DeprecationWarning: `torch.jit.script` is deprecated. Please switch to `torch.compile` or `torch.export`.
  warnings.warn(
/global/homes/t/twarford/.conda/envs/mace_scf/lib/python3.12/ast.py:407: UserWarning: The TorchScript type system doesn't support instance-level annotations on empty non-base types in `__init__`. Instead, either 1) use a type annotation in the class body, or 2) wrap the type in `torch.jit.Attribute`.
  return visitor(node)
/global/homes/t/twarford/.conda/envs/mace_scf/lib/python3.12/site-packages/torch/jit/_script.py:1488: DeprecationWarning: `torch.jit.script` is deprecated. Please switch to `torch.compile` or `torch.export`.
  warnings.warn(
/global/homes/t/twarford/.conda/envs/mace_scf/lib/python3.12/ast.py:407: UserWarning: The TorchScript type system doesn't support instance-level annotations on empty non-base types in `__init__`. Instead, either 1) use a type annotation in the class body, or 2) wrap the type in `torch.jit.Attribute`.
  return visitor(node)
/global/homes/t/twarford/.conda/envs/mace_scf/lib/python3.12/ast.py:407: UserWarning: The TorchScript type system doesn't support instance-level annotations on empty non-base types in `__init__`. Instead, either 1) use a type annotation in the class body, or 2) wrap the type in `torch.jit.Attribute`.
  return visitor(node)
/global/homes/t/twarford/.conda/envs/mace_scf/lib/python3.12/ast.py:407: UserWarning: The TorchScript type system doesn't support instance-level annotations on empty non-base types in `__init__`. Instead, either 1) use a type annotation in the class body, or 2) wrap the type in `torch.jit.Attribute`.
  return visitor(node)
/global/homes/t/twarford/.conda/envs/mace_scf/lib/python3.12/ast.py:407: UserWarning: The TorchScript type system doesn't support instance-level annotations on empty non-base types in `__init__`. Instead, either 1) use a type annotation in the class body, or 2) wrap the type in `torch.jit.Attribute`.
  return visitor(node)
/global/homes/t/twarford/.conda/envs/mace_scf/lib/python3.12/site-packages/torch/jit/_script.py:1488: DeprecationWarning: `torch.jit.script` is deprecated. Please switch to `torch.compile` or `torch.export`.
  warnings.warn(
/global/homes/t/twarford/.conda/envs/mace_scf/lib/python3.12/ast.py:407: UserWarning: The TorchScript type system doesn't support instance-level annotations on empty non-base types in `__init__`. Instead, either 1) use a type annotation in the class body, or 2) wrap the type in `torch.jit.Attribute`.
  return visitor(node)
/global/homes/t/twarford/.conda/envs/mace_scf/lib/python3.12/site-packages/torch/jit/_script.py:1488: DeprecationWarning: `torch.jit.script` is deprecated. Please switch to `torch.compile` or `torch.export`.
  warnings.warn(
/global/homes/t/twarford/.conda/envs/mace_scf/lib/python3.12/ast.py:407: UserWarning: The TorchScript type system doesn't support instance-level annotations on empty non-base types in `__init__`. Instead, either 1) use a type annotation in the class body, or 2) wrap the type in `torch.jit.Attribute`.
  return visitor(node)
/global/homes/t/twarford/.conda/envs/mace_scf/lib/python3.12/ast.py:407: UserWarning: The TorchScript type system doesn't support instance-level annotations on empty non-base types in `__init__`. Instead, either 1) use a type annotation in the class body, or 2) wrap the type in `torch.jit.Attribute`.
  return visitor(node)
/global/homes/t/twarford/.conda/envs/mace_scf/lib/python3.12/ast.py:407: UserWarning: The TorchScript type system doesn't support instance-level annotations on empty non-base types in `__init__`. Instead, either 1) use a type annotation in the class body, or 2) wrap the type in `torch.jit.Attribute`.
  return visitor(node)
/global/homes/t/twarford/.conda/envs/mace_scf/lib/python3.12/site-packages/torch/jit/_script.py:1488: DeprecationWarning: `torch.jit.script` is deprecated. Please switch to `torch.compile` or `torch.export`.
  warnings.warn(
/global/homes/t/twarford/.conda/envs/mace_scf/lib/python3.12/ast.py:407: UserWarning: The TorchScript type system doesn't support instance-level annotations on empty non-base types in `__init__`. Instead, either 1) use a type annotation in the class body, or 2) wrap the type in `torch.jit.Attribute`.
  return visitor(node)
/global/homes/t/twarford/.conda/envs/mace_scf/lib/python3.12/ast.py:407: UserWarning: The TorchScript type system doesn't support instance-level annotations on empty non-base types in `__init__`. Instead, either 1) use a type annotation in the class body, or 2) wrap the type in `torch.jit.Attribute`.
  return visitor(node)
/global/homes/t/twarford/.conda/envs/mace_scf/lib/python3.12/ast.py:407: UserWarning: The TorchScript type system doesn't support instance-level annotations on empty non-base types in `__init__`. Instead, either 1) use a type annotation in the class body, or 2) wrap the type in `torch.jit.Attribute`.
  return visitor(node)
/global/homes/t/twarford/.conda/envs/mace_scf/lib/python3.12/site-packages/torch/jit/_script.py:1488: DeprecationWarning: `torch.jit.script` is deprecated. Please switch to `torch.compile` or `torch.export`.
  warnings.warn(
/global/homes/t/twarford/.conda/envs/mace_scf/lib/python3.12/ast.py:407: UserWarning: The TorchScript type system doesn't support instance-level annotations on empty non-base types in `__init__`. Instead, either 1) use a type annotation in the class body, or 2) wrap the type in `torch.jit.Attribute`.
  return visitor(node)
/global/homes/t/twarford/.conda/envs/mace_scf/lib/python3.12/ast.py:407: UserWarning: The TorchScript type system doesn't support instance-level annotations on empty non-base types in `__init__`. Instead, either 1) use a type annotation in the class body, or 2) wrap the type in `torch.jit.Attribute`.
  return visitor(node)
/global/homes/t/twarford/.conda/envs/mace_scf/lib/python3.12/site-packages/torch/jit/_script.py:1488: DeprecationWarning: `torch.jit.script` is deprecated. Please switch to `torch.compile` or `torch.export`.
  warnings.warn(
/global/homes/t/twarford/.conda/envs/mace_scf/lib/python3.12/ast.py:407: UserWarning: The TorchScript type system doesn't support instance-level annotations on empty non-base types in `__init__`. Instead, either 1) use a type annotation in the class body, or 2) wrap the type in `torch.jit.Attribute`.
  return visitor(node)
/global/homes/t/twarford/.conda/envs/mace_scf/lib/python3.12/site-packages/torch/jit/_script.py:1488: DeprecationWarning: `torch.jit.script` is deprecated. Please switch to `torch.compile` or `torch.export`.
  warnings.warn(
/global/homes/t/twarford/.conda/envs/mace_scf/lib/python3.12/site-packages/torch/jit/_script.py:1488: DeprecationWarning: `torch.jit.script` is deprecated. Please switch to `torch.compile` or `torch.export`.
  warnings.warn(
/global/homes/t/twarford/.conda/envs/mace_scf/lib/python3.12/site-packages/torch/jit/_script.py:1488: DeprecationWarning: `torch.jit.script` is deprecated. Please switch to `torch.compile` or `torch.export`.
  warnings.warn(
/global/homes/t/twarford/.conda/envs/mace_scf/lib/python3.12/site-packages/torch/jit/_script.py:1488: DeprecationWarning: `torch.jit.script` is deprecated. Please switch to `torch.compile` or `torch.export`.
  warnings.warn(
/global/homes/t/twarford/.conda/envs/mace_scf/lib/python3.12/ast.py:407: UserWarning: The TorchScript type system doesn't support instance-level annotations on empty non-base types in `__init__`. Instead, either 1) use a type annotation in the class body, or 2) wrap the type in `torch.jit.Attribute`.
  return visitor(node)
/global/homes/t/twarford/.conda/envs/mace_scf/lib/python3.12/site-packages/torch/jit/_script.py:1488: DeprecationWarning: `torch.jit.script` is deprecated. Please switch to `torch.compile` or `torch.export`.
  warnings.warn(
/global/homes/t/twarford/.conda/envs/mace_scf/lib/python3.12/site-packages/torch/jit/_script.py:1488: DeprecationWarning: `torch.jit.script` is deprecated. Please switch to `torch.compile` or `torch.export`.
  warnings.warn(
/global/homes/t/twarford/.conda/envs/mace_scf/lib/python3.12/site-packages/torch/jit/_script.py:1488: DeprecationWarning: `torch.jit.script` is deprecated. Please switch to `torch.compile` or `torch.export`.
  warnings.warn(
/global/homes/t/twarford/.conda/envs/mace_scf/lib/python3.12/site-packages/torch/jit/_script.py:1488: DeprecationWarning: `torch.jit.script` is deprecated. Please switch to `torch.compile` or `torch.export`.
  warnings.warn(
/global/homes/t/twarford/.conda/envs/mace_scf/lib/python3.12/site-packages/torch/jit/_script.py:1488: DeprecationWarning: `torch.jit.script` is deprecated. Please switch to `torch.compile` or `torch.export`.
  warnings.warn(
/global/homes/t/twarford/.conda/envs/mace_scf/lib/python3.12/ast.py:407: UserWarning: The TorchScript type system doesn't support instance-level annotations on empty non-base types in `__init__`. Instead, either 1) use a type annotation in the class body, or 2) wrap the type in `torch.jit.Attribute`.
  return visitor(node)
/global/homes/t/twarford/.conda/envs/mace_scf/lib/python3.12/ast.py:407: UserWarning: The TorchScript type system doesn't support instance-level annotations on empty non-base types in `__init__`. Instead, either 1) use a type annotation in the class body, or 2) wrap the type in `torch.jit.Attribute`.
  return visitor(node)
/global/homes/t/twarford/.conda/envs/mace_scf/lib/python3.12/ast.py:407: UserWarning: The TorchScript type system doesn't support instance-level annotations on empty non-base types in `__init__`. Instead, either 1) use a type annotation in the class body, or 2) wrap the type in `torch.jit.Attribute`.
  return visitor(node)
/global/homes/t/twarford/.conda/envs/mace_scf/lib/python3.12/site-packages/torch/jit/_script.py:1488: DeprecationWarning: `torch.jit.script` is deprecated. Please switch to `torch.compile` or `torch.export`.
  warnings.warn(
/global/homes/t/twarford/.conda/envs/mace_scf/lib/python3.12/ast.py:407: UserWarning: The TorchScript type system doesn't support instance-level annotations on empty non-base types in `__init__`. Instead, either 1) use a type annotation in the class body, or 2) wrap the type in `torch.jit.Attribute`.
  return visitor(node)
/global/homes/t/twarford/.conda/envs/mace_scf/lib/python3.12/site-packages/torch/jit/_script.py:1488: DeprecationWarning: `torch.jit.script` is deprecated. Please switch to `torch.compile` or `torch.export`.
  warnings.warn(
/global/homes/t/twarford/.conda/envs/mace_scf/lib/python3.12/ast.py:407: UserWarning: The TorchScript type system doesn't support instance-level annotations on empty non-base types in `__init__`. Instead, either 1) use a type annotation in the class body, or 2) wrap the type in `torch.jit.Attribute`.
  return visitor(node)
/global/homes/t/twarford/.conda/envs/mace_scf/lib/python3.12/ast.py:407: UserWarning: The TorchScript type system doesn't support instance-level annotations on empty non-base types in `__init__`. Instead, either 1) use a type annotation in the class body, or 2) wrap the type in `torch.jit.Attribute`.
  return visitor(node)
/global/homes/t/twarford/.conda/envs/mace_scf/lib/python3.12/site-packages/torch/jit/_script.py:1488: DeprecationWarning: `torch.jit.script` is deprecated. Please switch to `torch.compile` or `torch.export`.
  warnings.warn(
/global/homes/t/twarford/.conda/envs/mace_scf/lib/python3.12/site-packages/torch/jit/_script.py:1488: DeprecationWarning: `torch.jit.script` is deprecated. Please switch to `torch.compile` or `torch.export`.
  warnings.warn(
/global/homes/t/twarford/.conda/envs/mace_scf/lib/python3.12/site-packages/torch/jit/_script.py:1488: DeprecationWarning: `torch.jit.script` is deprecated. Please switch to `torch.compile` or `torch.export`.
  warnings.warn(
/global/homes/t/twarford/.conda/envs/mace_scf/lib/python3.12/site-packages/torch/jit/_script.py:1488: DeprecationWarning: `torch.jit.script` is deprecated. Please switch to `torch.compile` or `torch.export`.
  warnings.warn(
/global/homes/t/twarford/.conda/envs/mace_scf/lib/python3.12/ast.py:407: UserWarning: The TorchScript type system doesn't support instance-level annotations on empty non-base types in `__init__`. Instead, either 1) use a type annotation in the class body, or 2) wrap the type in `torch.jit.Attribute`.
  return visitor(node)
/global/homes/t/twarford/.conda/envs/mace_scf/lib/python3.12/ast.py:407: UserWarning: The TorchScript type system doesn't support instance-level annotations on empty non-base types in `__init__`. Instead, either 1) use a type annotation in the class body, or 2) wrap the type in `torch.jit.Attribute`.
  return visitor(node)
/global/homes/t/twarford/.conda/envs/mace_scf/lib/python3.12/site-packages/torch/jit/_script.py:1488: DeprecationWarning: `torch.jit.script` is deprecated. Please switch to `torch.compile` or `torch.export`.
  warnings.warn(
/global/homes/t/twarford/.conda/envs/mace_scf/lib/python3.12/site-packages/torch/jit/_script.py:1488: DeprecationWarning: `torch.jit.script` is deprecated. Please switch to `torch.compile` or `torch.export`.
  warnings.warn(
/global/homes/t/twarford/.conda/envs/mace_scf/lib/python3.12/ast.py:407: UserWarning: The TorchScript type system doesn't support instance-level annotations on empty non-base types in `__init__`. Instead, either 1) use a type annotation in the class body, or 2) wrap the type in `torch.jit.Attribute`.
  return visitor(node)
/global/homes/t/twarford/.conda/envs/mace_scf/lib/python3.12/ast.py:407: UserWarning: The TorchScript type system doesn't support instance-level annotations on empty non-base types in `__init__`. Instead, either 1) use a type annotation in the class body, or 2) wrap the type in `torch.jit.Attribute`.
  return visitor(node)
/global/homes/t/twarford/.conda/envs/mace_scf/lib/python3.12/ast.py:407: UserWarning: The TorchScript type system doesn't support instance-level annotations on empty non-base types in `__init__`. Instead, either 1) use a type annotation in the class body, or 2) wrap the type in `torch.jit.Attribute`.
  return visitor(node)
/global/homes/t/twarford/.conda/envs/mace_scf/lib/python3.12/ast.py:407: UserWarning: The TorchScript type system doesn't support instance-level annotations on empty non-base types in `__init__`. Instead, either 1) use a type annotation in the class body, or 2) wrap the type in `torch.jit.Attribute`.
  return visitor(node)
/global/homes/t/twarford/.conda/envs/mace_scf/lib/python3.12/ast.py:407: UserWarning: The TorchScript type system doesn't support instance-level annotations on empty non-base types in `__init__`. Instead, either 1) use a type annotation in the class body, or 2) wrap the type in `torch.jit.Attribute`.
  return visitor(node)
/global/homes/t/twarford/.conda/envs/mace_scf/lib/python3.12/site-packages/torch/jit/_script.py:1488: DeprecationWarning: `torch.jit.script` is deprecated. Please switch to `torch.compile` or `torch.export`.
  warnings.warn(
/global/homes/t/twarford/.conda/envs/mace_scf/lib/python3.12/ast.py:407: UserWarning: The TorchScript type system doesn't support instance-level annotations on empty non-base types in `__init__`. Instead, either 1) use a type annotation in the class body, or 2) wrap the type in `torch.jit.Attribute`.
  return visitor(node)
/global/homes/t/twarford/.conda/envs/mace_scf/lib/python3.12/ast.py:407: UserWarning: The TorchScript type system doesn't support instance-level annotations on empty non-base types in `__init__`. Instead, either 1) use a type annotation in the class body, or 2) wrap the type in `torch.jit.Attribute`.
  return visitor(node)
/global/homes/t/twarford/.conda/envs/mace_scf/lib/python3.12/ast.py:407: UserWarning: The TorchScript type system doesn't support instance-level annotations on empty non-base types in `__init__`. Instead, either 1) use a type annotation in the class body, or 2) wrap the type in `torch.jit.Attribute`.
  return visitor(node)
/global/homes/t/twarford/.conda/envs/mace_scf/lib/python3.12/ast.py:407: UserWarning: The TorchScript type system doesn't support instance-level annotations on empty non-base types in `__init__`. Instead, either 1) use a type annotation in the class body, or 2) wrap the type in `torch.jit.Attribute`.
  return visitor(node)
/global/homes/t/twarford/.conda/envs/mace_scf/lib/python3.12/ast.py:407: UserWarning: The TorchScript type system doesn't support instance-level annotations on empty non-base types in `__init__`. Instead, either 1) use a type annotation in the class body, or 2) wrap the type in `torch.jit.Attribute`.
  return visitor(node)
/global/homes/t/twarford/.conda/envs/mace_scf/lib/python3.12/ast.py:407: UserWarning: The TorchScript type system doesn't support instance-level annotations on empty non-base types in `__init__`. Instead, either 1) use a type annotation in the class body, or 2) wrap the type in `torch.jit.Attribute`.
  return visitor(node)
/global/homes/t/twarford/.conda/envs/mace_scf/lib/python3.12/site-packages/torch/jit/_script.py:1488: DeprecationWarning: `torch.jit.script` is deprecated. Please switch to `torch.compile` or `torch.export`.
  warnings.warn(
/global/homes/t/twarford/.conda/envs/mace_scf/lib/python3.12/site-packages/torch/jit/_script.py:1488: DeprecationWarning: `torch.jit.script` is deprecated. Please switch to `torch.compile` or `torch.export`.
  warnings.warn(
/global/homes/t/twarford/.conda/envs/mace_scf/lib/python3.12/site-packages/torch/jit/_script.py:1488: DeprecationWarning: `torch.jit.script` is deprecated. Please switch to `torch.compile` or `torch.export`.
  warnings.warn(
/global/homes/t/twarford/.conda/envs/mace_scf/lib/python3.12/ast.py:407: UserWarning: The TorchScript type system doesn't support instance-level annotations on empty non-base types in `__init__`. Instead, either 1) use a type annotation in the class body, or 2) wrap the type in `torch.jit.Attribute`.
  return visitor(node)
/global/homes/t/twarford/.conda/envs/mace_scf/lib/python3.12/ast.py:407: UserWarning: The TorchScript type system doesn't support instance-level annotations on empty non-base types in `__init__`. Instead, either 1) use a type annotation in the class body, or 2) wrap the type in `torch.jit.Attribute`.
  return visitor(node)
/global/homes/t/twarford/.conda/envs/mace_scf/lib/python3.12/site-packages/torch/jit/_script.py:1488: DeprecationWarning: `torch.jit.script` is deprecated. Please switch to `torch.compile` or `torch.export`.
  warnings.warn(
/global/homes/t/twarford/.conda/envs/mace_scf/lib/python3.12/site-packages/torch/jit/_script.py:1488: DeprecationWarning: `torch.jit.script` is deprecated. Please switch to `torch.compile` or `torch.export`.
  warnings.warn(
/global/homes/t/twarford/.conda/envs/mace_scf/lib/python3.12/site-packages/torch/jit/_script.py:1488: DeprecationWarning: `torch.jit.script` is deprecated. Please switch to `torch.compile` or `torch.export`.
  warnings.warn(
/global/homes/t/twarford/.conda/envs/mace_scf/lib/python3.12/ast.py:407: UserWarning: The TorchScript type system doesn't support instance-level annotations on empty non-base types in `__init__`. Instead, either 1) use a type annotation in the class body, or 2) wrap the type in `torch.jit.Attribute`.
  return visitor(node)
/global/homes/t/twarford/.conda/envs/mace_scf/lib/python3.12/ast.py:407: UserWarning: The TorchScript type system doesn't support instance-level annotations on empty non-base types in `__init__`. Instead, either 1) use a type annotation in the class body, or 2) wrap the type in `torch.jit.Attribute`.
  return visitor(node)
/global/homes/t/twarford/.conda/envs/mace_scf/lib/python3.12/ast.py:407: UserWarning: The TorchScript type system doesn't support instance-level annotations on empty non-base types in `__init__`. Instead, either 1) use a type annotation in the class body, or 2) wrap the type in `torch.jit.Attribute`.
  return visitor(node)
/global/homes/t/twarford/.conda/envs/mace_scf/lib/python3.12/ast.py:407: UserWarning: The TorchScript type system doesn't support instance-level annotations on empty non-base types in `__init__`. Instead, either 1) use a type annotation in the class body, or 2) wrap the type in `torch.jit.Attribute`.
  return visitor(node)
/global/homes/t/twarford/.conda/envs/mace_scf/lib/python3.12/ast.py:407: UserWarning: The TorchScript type system doesn't support instance-level annotations on empty non-base types in `__init__`. Instead, either 1) use a type annotation in the class body, or 2) wrap the type in `torch.jit.Attribute`.
  return visitor(node)
/global/homes/t/twarford/.conda/envs/mace_scf/lib/python3.12/ast.py:407: UserWarning: The TorchScript type system doesn't support instance-level annotations on empty non-base types in `__init__`. Instead, either 1) use a type annotation in the class body, or 2) wrap the type in `torch.jit.Attribute`.
  return visitor(node)
/global/homes/t/twarford/.conda/envs/mace_scf/lib/python3.12/site-packages/torch/jit/_script.py:1488: DeprecationWarning: `torch.jit.script` is deprecated. Please switch to `torch.compile` or `torch.export`.
  warnings.warn(
/global/homes/t/twarford/.conda/envs/mace_scf/lib/python3.12/ast.py:407: UserWarning: The TorchScript type system doesn't support instance-level annotations on empty non-base types in `__init__`. Instead, either 1) use a type annotation in the class body, or 2) wrap the type in `torch.jit.Attribute`.
  return visitor(node)
/global/homes/t/twarford/.conda/envs/mace_scf/lib/python3.12/site-packages/torch/jit/_script.py:1488: DeprecationWarning: `torch.jit.script` is deprecated. Please switch to `torch.compile` or `torch.export`.
  warnings.warn(
/global/homes/t/twarford/.conda/envs/mace_scf/lib/python3.12/site-packages/torch/jit/_script.py:1488: DeprecationWarning: `torch.jit.script` is deprecated. Please switch to `torch.compile` or `torch.export`.
  warnings.warn(
/global/homes/t/twarford/.conda/envs/mace_scf/lib/python3.12/site-packages/torch/jit/_script.py:1488: DeprecationWarning: `torch.jit.script` is deprecated. Please switch to `torch.compile` or `torch.export`.
  warnings.warn(
/global/homes/t/twarford/.conda/envs/mace_scf/lib/python3.12/site-packages/torch/jit/_script.py:1488: DeprecationWarning: `torch.jit.script` is deprecated. Please switch to `torch.compile` or `torch.export`.
  warnings.warn(
/global/homes/t/twarford/.conda/envs/mace_scf/lib/python3.12/ast.py:407: UserWarning: The TorchScript type system doesn't support instance-level annotations on empty non-base types in `__init__`. Instead, either 1) use a type annotation in the class body, or 2) wrap the type in `torch.jit.Attribute`.
  return visitor(node)
/global/homes/t/twarford/.conda/envs/mace_scf/lib/python3.12/site-packages/torch/jit/_script.py:1488: DeprecationWarning: `torch.jit.script` is deprecated. Please switch to `torch.compile` or `torch.export`.
  warnings.warn(
/global/homes/t/twarford/.conda/envs/mace_scf/lib/python3.12/site-packages/torch/jit/_script.py:1488: DeprecationWarning: `torch.jit.script` is deprecated. Please switch to `torch.compile` or `torch.export`.
  warnings.warn(
/global/homes/t/twarford/.conda/envs/mace_scf/lib/python3.12/site-packages/torch/jit/_script.py:1488: DeprecationWarning: `torch.jit.script` is deprecated. Please switch to `torch.compile` or `torch.export`.
  warnings.warn(
/global/homes/t/twarford/.conda/envs/mace_scf/lib/python3.12/ast.py:407: UserWarning: The TorchScript type system doesn't support instance-level annotations on empty non-base types in `__init__`. Instead, either 1) use a type annotation in the class body, or 2) wrap the type in `torch.jit.Attribute`.
  return visitor(node)
/global/homes/t/twarford/.conda/envs/mace_scf/lib/python3.12/site-packages/torch/jit/_script.py:1488: DeprecationWarning: `torch.jit.script` is deprecated. Please switch to `torch.compile` or `torch.export`.
  warnings.warn(
/global/homes/t/twarford/.conda/envs/mace_scf/lib/python3.12/ast.py:407: UserWarning: The TorchScript type system doesn't support instance-level annotations on empty non-base types in `__init__`. Instead, either 1) use a type annotation in the class body, or 2) wrap the type in `torch.jit.Attribute`.
  return visitor(node)
/global/homes/t/twarford/.conda/envs/mace_scf/lib/python3.12/ast.py:407: UserWarning: The TorchScript type system doesn't support instance-level annotations on empty non-base types in `__init__`. Instead, either 1) use a type annotation in the class body, or 2) wrap the type in `torch.jit.Attribute`.
  return visitor(node)
/global/homes/t/twarford/.conda/envs/mace_scf/lib/python3.12/site-packages/torch/jit/_script.py:1488: DeprecationWarning: `torch.jit.script` is deprecated. Please switch to `torch.compile` or `torch.export`.
  warnings.warn(
/global/homes/t/twarford/.conda/envs/mace_scf/lib/python3.12/site-packages/torch/jit/_script.py:1488: DeprecationWarning: `torch.jit.script` is deprecated. Please switch to `torch.compile` or `torch.export`.
  warnings.warn(
/global/homes/t/twarford/.conda/envs/mace_scf/lib/python3.12/ast.py:407: UserWarning: The TorchScript type system doesn't support instance-level annotations on empty non-base types in `__init__`. Instead, either 1) use a type annotation in the class body, or 2) wrap the type in `torch.jit.Attribute`.
  return visitor(node)
/global/homes/t/twarford/.conda/envs/mace_scf/lib/python3.12/site-packages/torch/jit/_script.py:1488: DeprecationWarning: `torch.jit.script` is deprecated. Please switch to `torch.compile` or `torch.export`.
  warnings.warn(
/global/homes/t/twarford/.conda/envs/mace_scf/lib/python3.12/site-packages/torch/jit/_script.py:1488: DeprecationWarning: `torch.jit.script` is deprecated. Please switch to `torch.compile` or `torch.export`.
  warnings.warn(
/global/homes/t/twarford/.conda/envs/mace_scf/lib/python3.12/ast.py:407: UserWarning: The TorchScript type system doesn't support instance-level annotations on empty non-base types in `__init__`. Instead, either 1) use a type annotation in the class body, or 2) wrap the type in `torch.jit.Attribute`.
  return visitor(node)
/global/homes/t/twarford/.conda/envs/mace_scf/lib/python3.12/ast.py:407: UserWarning: The TorchScript type system doesn't support instance-level annotations on empty non-base types in `__init__`. Instead, either 1) use a type annotation in the class body, or 2) wrap the type in `torch.jit.Attribute`.
  return visitor(node)
/global/homes/t/twarford/.conda/envs/mace_scf/lib/python3.12/ast.py:407: UserWarning: The TorchScript type system doesn't support instance-level annotations on empty non-base types in `__init__`. Instead, either 1) use a type annotation in the class body, or 2) wrap the type in `torch.jit.Attribute`.
  return visitor(node)
/global/homes/t/twarford/.conda/envs/mace_scf/lib/python3.12/site-packages/torch/jit/_script.py:1488: DeprecationWarning: `torch.jit.script` is deprecated. Please switch to `torch.compile` or `torch.export`.
  warnings.warn(
/global/homes/t/twarford/.conda/envs/mace_scf/lib/python3.12/site-packages/torch/jit/_script.py:1488: DeprecationWarning: `torch.jit.script` is deprecated. Please switch to `torch.compile` or `torch.export`.
  warnings.warn(
/global/homes/t/twarford/.conda/envs/mace_scf/lib/python3.12/site-packages/torch/jit/_script.py:1488: DeprecationWarning: `torch.jit.script` is deprecated. Please switch to `torch.compile` or `torch.export`.
  warnings.warn(
/global/homes/t/twarford/.conda/envs/mace_scf/lib/python3.12/site-packages/torch/jit/_script.py:1488: DeprecationWarning: `torch.jit.script` is deprecated. Please switch to `torch.compile` or `torch.export`.
  warnings.warn(
/global/homes/t/twarford/.conda/envs/mace_scf/lib/python3.12/site-packages/torch/jit/_script.py:1488: DeprecationWarning: `torch.jit.script` is deprecated. Please switch to `torch.compile` or `torch.export`.
  warnings.warn(
/global/homes/t/twarford/.conda/envs/mace_scf/lib/python3.12/ast.py:407: UserWarning: The TorchScript type system doesn't support instance-level annotations on empty non-base types in `__init__`. Instead, either 1) use a type annotation in the class body, or 2) wrap the type in `torch.jit.Attribute`.
  return visitor(node)
/global/homes/t/twarford/.conda/envs/mace_scf/lib/python3.12/site-packages/torch/jit/_script.py:1488: DeprecationWarning: `torch.jit.script` is deprecated. Please switch to `torch.compile` or `torch.export`.
  warnings.warn(
/global/homes/t/twarford/.conda/envs/mace_scf/lib/python3.12/site-packages/torch/jit/_script.py:1488: DeprecationWarning: `torch.jit.script` is deprecated. Please switch to `torch.compile` or `torch.export`.
  warnings.warn(
/global/homes/t/twarford/.conda/envs/mace_scf/lib/python3.12/site-packages/torch/jit/_script.py:1488: DeprecationWarning: `torch.jit.script` is deprecated. Please switch to `torch.compile` or `torch.export`.
  warnings.warn(
/global/homes/t/twarford/.conda/envs/mace_scf/lib/python3.12/site-packages/torch/jit/_script.py:1488: DeprecationWarning: `torch.jit.script` is deprecated. Please switch to `torch.compile` or `torch.export`.
  warnings.warn(
/global/homes/t/twarford/.conda/envs/mace_scf/lib/python3.12/site-packages/torch/jit/_script.py:1488: DeprecationWarning: `torch.jit.script` is deprecated. Please switch to `torch.compile` or `torch.export`.
  warnings.warn(
/global/homes/t/twarford/.conda/envs/mace_scf/lib/python3.12/site-packages/torch/jit/_script.py:1488: DeprecationWarning: `torch.jit.script` is deprecated. Please switch to `torch.compile` or `torch.export`.
  warnings.warn(
/global/homes/t/twarford/.conda/envs/mace_scf/lib/python3.12/site-packages/torch/jit/_script.py:1488: DeprecationWarning: `torch.jit.script` is deprecated. Please switch to `torch.compile` or `torch.export`.
  warnings.warn(
/global/homes/t/twarford/.conda/envs/mace_scf/lib/python3.12/ast.py:407: UserWarning: The TorchScript type system doesn't support instance-level annotations on empty non-base types in `__init__`. Instead, either 1) use a type annotation in the class body, or 2) wrap the type in `torch.jit.Attribute`.
  return visitor(node)
/global/homes/t/twarford/.conda/envs/mace_scf/lib/python3.12/ast.py:407: UserWarning: The TorchScript type system doesn't support instance-level annotations on empty non-base types in `__init__`. Instead, either 1) use a type annotation in the class body, or 2) wrap the type in `torch.jit.Attribute`.
  return visitor(node)
/global/homes/t/twarford/.conda/envs/mace_scf/lib/python3.12/ast.py:407: UserWarning: The TorchScript type system doesn't support instance-level annotations on empty non-base types in `__init__`. Instead, either 1) use a type annotation in the class body, or 2) wrap the type in `torch.jit.Attribute`.
  return visitor(node)
/global/homes/t/twarford/.conda/envs/mace_scf/lib/python3.12/site-packages/torch/jit/_script.py:1488: DeprecationWarning: `torch.jit.script` is deprecated. Please switch to `torch.compile` or `torch.export`.
  warnings.warn(
/global/homes/t/twarford/.conda/envs/mace_scf/lib/python3.12/site-packages/torch/jit/_script.py:1488: DeprecationWarning: `torch.jit.script` is deprecated. Please switch to `torch.compile` or `torch.export`.
  warnings.warn(
/global/homes/t/twarford/.conda/envs/mace_scf/lib/python3.12/ast.py:407: UserWarning: The TorchScript type system doesn't support instance-level annotations on empty non-base types in `__init__`. Instead, either 1) use a type annotation in the class body, or 2) wrap the type in `torch.jit.Attribute`.
  return visitor(node)
/global/homes/t/twarford/.conda/envs/mace_scf/lib/python3.12/site-packages/torch/jit/_script.py:1488: DeprecationWarning: `torch.jit.script` is deprecated. Please switch to `torch.compile` or `torch.export`.
  warnings.warn(
/global/homes/t/twarford/.conda/envs/mace_scf/lib/python3.12/ast.py:407: UserWarning: The TorchScript type system doesn't support instance-level annotations on empty non-base types in `__init__`. Instead, either 1) use a type annotation in the class body, or 2) wrap the type in `torch.jit.Attribute`.
  return visitor(node)
/global/homes/t/twarford/.conda/envs/mace_scf/lib/python3.12/ast.py:407: UserWarning: The TorchScript type system doesn't support instance-level annotations on empty non-base types in `__init__`. Instead, either 1) use a type annotation in the class body, or 2) wrap the type in `torch.jit.Attribute`.
  return visitor(node)
/global/homes/t/twarford/.conda/envs/mace_scf/lib/python3.12/ast.py:407: UserWarning: The TorchScript type system doesn't support instance-level annotations on empty non-base types in `__init__`. Instead, either 1) use a type annotation in the class body, or 2) wrap the type in `torch.jit.Attribute`.
  return visitor(node)
/global/homes/t/twarford/.conda/envs/mace_scf/lib/python3.12/ast.py:407: UserWarning: The TorchScript type system doesn't support instance-level annotations on empty non-base types in `__init__`. Instead, either 1) use a type annotation in the class body, or 2) wrap the type in `torch.jit.Attribute`.
  return visitor(node)
/global/homes/t/twarford/.conda/envs/mace_scf/lib/python3.12/site-packages/torch/jit/_script.py:1488: DeprecationWarning: `torch.jit.script` is deprecated. Please switch to `torch.compile` or `torch.export`.
  warnings.warn(
/global/homes/t/twarford/.conda/envs/mace_scf/lib/python3.12/ast.py:407: UserWarning: The TorchScript type system doesn't support instance-level annotations on empty non-base types in `__init__`. Instead, either 1) use a type annotation in the class body, or 2) wrap the type in `torch.jit.Attribute`.
  return visitor(node)
/global/homes/t/twarford/.conda/envs/mace_scf/lib/python3.12/ast.py:407: UserWarning: The TorchScript type system doesn't support instance-level annotations on empty non-base types in `__init__`. Instead, either 1) use a type annotation in the class body, or 2) wrap the type in `torch.jit.Attribute`.
  return visitor(node)
/global/homes/t/twarford/.conda/envs/mace_scf/lib/python3.12/site-packages/torch/jit/_script.py:1488: DeprecationWarning: `torch.jit.script` is deprecated. Please switch to `torch.compile` or `torch.export`.
  warnings.warn(
/global/homes/t/twarford/.conda/envs/mace_scf/lib/python3.12/ast.py:407: UserWarning: The TorchScript type system doesn't support instance-level annotations on empty non-base types in `__init__`. Instead, either 1) use a type annotation in the class body, or 2) wrap the type in `torch.jit.Attribute`.
  return visitor(node)
/global/homes/t/twarford/.conda/envs/mace_scf/lib/python3.12/ast.py:407: UserWarning: The TorchScript type system doesn't support instance-level annotations on empty non-base types in `__init__`. Instead, either 1) use a type annotation in the class body, or 2) wrap the type in `torch.jit.Attribute`.
  return visitor(node)
/global/homes/t/twarford/.conda/envs/mace_scf/lib/python3.12/ast.py:407: UserWarning: The TorchScript type system doesn't support instance-level annotations on empty non-base types in `__init__`. Instead, either 1) use a type annotation in the class body, or 2) wrap the type in `torch.jit.Attribute`.
  return visitor(node)
/global/homes/t/twarford/.conda/envs/mace_scf/lib/python3.12/ast.py:407: UserWarning: The TorchScript type system doesn't support instance-level annotations on empty non-base types in `__init__`. Instead, either 1) use a type annotation in the class body, or 2) wrap the type in `torch.jit.Attribute`.
  return visitor(node)
/global/homes/t/twarford/.conda/envs/mace_scf/lib/python3.12/ast.py:407: UserWarning: The TorchScript type system doesn't support instance-level annotations on empty non-base types in `__init__`. Instead, either 1) use a type annotation in the class body, or 2) wrap the type in `torch.jit.Attribute`.
  return visitor(node)
/global/homes/t/twarford/.conda/envs/mace_scf/lib/python3.12/ast.py:407: UserWarning: The TorchScript type system doesn't support instance-level annotations on empty non-base types in `__init__`. Instead, either 1) use a type annotation in the class body, or 2) wrap the type in `torch.jit.Attribute`.
  return visitor(node)
/global/homes/t/twarford/.conda/envs/mace_scf/lib/python3.12/site-packages/torch/jit/_script.py:1488: DeprecationWarning: `torch.jit.script` is deprecated. Please switch to `torch.compile` or `torch.export`.
  warnings.warn(
/global/homes/t/twarford/.conda/envs/mace_scf/lib/python3.12/ast.py:407: UserWarning: The TorchScript type system doesn't support instance-level annotations on empty non-base types in `__init__`. Instead, either 1) use a type annotation in the class body, or 2) wrap the type in `torch.jit.Attribute`.
  return visitor(node)
/global/homes/t/twarford/.conda/envs/mace_scf/lib/python3.12/ast.py:407: UserWarning: The TorchScript type system doesn't support instance-level annotations on empty non-base types in `__init__`. Instead, either 1) use a type annotation in the class body, or 2) wrap the type in `torch.jit.Attribute`.
  return visitor(node)
/global/homes/t/twarford/.conda/envs/mace_scf/lib/python3.12/ast.py:407: UserWarning: The TorchScript type system doesn't support instance-level annotations on empty non-base types in `__init__`. Instead, either 1) use a type annotation in the class body, or 2) wrap the type in `torch.jit.Attribute`.
  return visitor(node)
/global/homes/t/twarford/.conda/envs/mace_scf/lib/python3.12/ast.py:407: UserWarning: The TorchScript type system doesn't support instance-level annotations on empty non-base types in `__init__`. Instead, either 1) use a type annotation in the class body, or 2) wrap the type in `torch.jit.Attribute`.
  return visitor(node)
/global/homes/t/twarford/.conda/envs/mace_scf/lib/python3.12/site-packages/torch/jit/_script.py:1488: DeprecationWarning: `torch.jit.script` is deprecated. Please switch to `torch.compile` or `torch.export`.
  warnings.warn(
/global/homes/t/twarford/.conda/envs/mace_scf/lib/python3.12/site-packages/torch/jit/_script.py:1488: DeprecationWarning: `torch.jit.script` is deprecated. Please switch to `torch.compile` or `torch.export`.
  warnings.warn(
/global/homes/t/twarford/.conda/envs/mace_scf/lib/python3.12/ast.py:407: UserWarning: The TorchScript type system doesn't support instance-level annotations on empty non-base types in `__init__`. Instead, either 1) use a type annotation in the class body, or 2) wrap the type in `torch.jit.Attribute`.
  return visitor(node)
/global/homes/t/twarford/.conda/envs/mace_scf/lib/python3.12/ast.py:407: UserWarning: The TorchScript type system doesn't support instance-level annotations on empty non-base types in `__init__`. Instead, either 1) use a type annotation in the class body, or 2) wrap the type in `torch.jit.Attribute`.
  return visitor(node)
/global/homes/t/twarford/.conda/envs/mace_scf/lib/python3.12/site-packages/torch/jit/_script.py:1488: DeprecationWarning: `torch.jit.script` is deprecated. Please switch to `torch.compile` or `torch.export`.
  warnings.warn(
/global/homes/t/twarford/.conda/envs/mace_scf/lib/python3.12/ast.py:407: UserWarning: The TorchScript type system doesn't support instance-level annotations on empty non-base types in `__init__`. Instead, either 1) use a type annotation in the class body, or 2) wrap the type in `torch.jit.Attribute`.
  return visitor(node)
/global/homes/t/twarford/.conda/envs/mace_scf/lib/python3.12/ast.py:407: UserWarning: The TorchScript type system doesn't support instance-level annotations on empty non-base types in `__init__`. Instead, either 1) use a type annotation in the class body, or 2) wrap the type in `torch.jit.Attribute`.
  return visitor(node)
/global/homes/t/twarford/.conda/envs/mace_scf/lib/python3.12/ast.py:407: UserWarning: The TorchScript type system doesn't support instance-level annotations on empty non-base types in `__init__`. Instead, either 1) use a type annotation in the class body, or 2) wrap the type in `torch.jit.Attribute`.
  return visitor(node)
/global/homes/t/twarford/.conda/envs/mace_scf/lib/python3.12/site-packages/torch/jit/_script.py:1488: DeprecationWarning: `torch.jit.script` is deprecated. Please switch to `torch.compile` or `torch.export`.
  warnings.warn(
/global/homes/t/twarford/.conda/envs/mace_scf/lib/python3.12/site-packages/torch/jit/_script.py:1488: DeprecationWarning: `torch.jit.script` is deprecated. Please switch to `torch.compile` or `torch.export`.
  warnings.warn(
/global/homes/t/twarford/.conda/envs/mace_scf/lib/python3.12/site-packages/torch/jit/_script.py:1488: DeprecationWarning: `torch.jit.script` is deprecated. Please switch to `torch.compile` or `torch.export`.
  warnings.warn(
/global/homes/t/twarford/.conda/envs/mace_scf/lib/python3.12/site-packages/torch/jit/_script.py:1488: DeprecationWarning: `torch.jit.script` is deprecated. Please switch to `torch.compile` or `torch.export`.
  warnings.warn(
/global/homes/t/twarford/.conda/envs/mace_scf/lib/python3.12/site-packages/torch/jit/_script.py:1488: DeprecationWarning: `torch.jit.script` is deprecated. Please switch to `torch.compile` or `torch.export`.
  warnings.warn(
/global/homes/t/twarford/.conda/envs/mace_scf/lib/python3.12/site-packages/torch/jit/_script.py:1488: DeprecationWarning: `torch.jit.script` is deprecated. Please switch to `torch.compile` or `torch.export`.
  warnings.warn(
/global/homes/t/twarford/.conda/envs/mace_scf/lib/python3.12/ast.py:407: UserWarning: The TorchScript type system doesn't support instance-level annotations on empty non-base types in `__init__`. Instead, either 1) use a type annotation in the class body, or 2) wrap the type in `torch.jit.Attribute`.
  return visitor(node)
/global/homes/t/twarford/.conda/envs/mace_scf/lib/python3.12/ast.py:407: UserWarning: The TorchScript type system doesn't support instance-level annotations on empty non-base types in `__init__`. Instead, either 1) use a type annotation in the class body, or 2) wrap the type in `torch.jit.Attribute`.
  return visitor(node)
/global/homes/t/twarford/.conda/envs/mace_scf/lib/python3.12/ast.py:407: UserWarning: The TorchScript type system doesn't support instance-level annotations on empty non-base types in `__init__`. Instead, either 1) use a type annotation in the class body, or 2) wrap the type in `torch.jit.Attribute`.
  return visitor(node)
/global/homes/t/twarford/.conda/envs/mace_scf/lib/python3.12/site-packages/torch/jit/_script.py:1488: DeprecationWarning: `torch.jit.script` is deprecated. Please switch to `torch.compile` or `torch.export`.
  warnings.warn(
/global/homes/t/twarford/.conda/envs/mace_scf/lib/python3.12/ast.py:407: UserWarning: The TorchScript type system doesn't support instance-level annotations on empty non-base types in `__init__`. Instead, either 1) use a type annotation in the class body, or 2) wrap the type in `torch.jit.Attribute`.
  return visitor(node)
/global/homes/t/twarford/.conda/envs/mace_scf/lib/python3.12/ast.py:407: UserWarning: The TorchScript type system doesn't support instance-level annotations on empty non-base types in `__init__`. Instead, either 1) use a type annotation in the class body, or 2) wrap the type in `torch.jit.Attribute`.
  return visitor(node)
/global/homes/t/twarford/.conda/envs/mace_scf/lib/python3.12/ast.py:407: UserWarning: The TorchScript type system doesn't support instance-level annotations on empty non-base types in `__init__`. Instead, either 1) use a type annotation in the class body, or 2) wrap the type in `torch.jit.Attribute`.
  return visitor(node)
/global/homes/t/twarford/.conda/envs/mace_scf/lib/python3.12/ast.py:407: UserWarning: The TorchScript type system doesn't support instance-level annotations on empty non-base types in `__init__`. Instead, either 1) use a type annotation in the class body, or 2) wrap the type in `torch.jit.Attribute`.
  return visitor(node)
/global/homes/t/twarford/.conda/envs/mace_scf/lib/python3.12/site-packages/torch/jit/_script.py:1488: DeprecationWarning: `torch.jit.script` is deprecated. Please switch to `torch.compile` or `torch.export`.
  warnings.warn(
/global/homes/t/twarford/.conda/envs/mace_scf/lib/python3.12/site-packages/torch/jit/_script.py:1488: DeprecationWarning: `torch.jit.script` is deprecated. Please switch to `torch.compile` or `torch.export`.
  warnings.warn(
/global/homes/t/twarford/.conda/envs/mace_scf/lib/python3.12/site-packages/torch/jit/_script.py:1488: DeprecationWarning: `torch.jit.script` is deprecated. Please switch to `torch.compile` or `torch.export`.
  warnings.warn(
/global/homes/t/twarford/.conda/envs/mace_scf/lib/python3.12/site-packages/torch/jit/_script.py:1488: DeprecationWarning: `torch.jit.script` is deprecated. Please switch to `torch.compile` or `torch.export`.
  warnings.warn(
/global/homes/t/twarford/.conda/envs/mace_scf/lib/python3.12/site-packages/torch/jit/_script.py:1488: DeprecationWarning: `torch.jit.script` is deprecated. Please switch to `torch.compile` or `torch.export`.
  warnings.warn(
/global/homes/t/twarford/.conda/envs/mace_scf/lib/python3.12/ast.py:407: UserWarning: The TorchScript type system doesn't support instance-level annotations on empty non-base types in `__init__`. Instead, either 1) use a type annotation in the class body, or 2) wrap the type in `torch.jit.Attribute`.
  return visitor(node)
/global/homes/t/twarford/.conda/envs/mace_scf/lib/python3.12/ast.py:407: UserWarning: The TorchScript type system doesn't support instance-level annotations on empty non-base types in `__init__`. Instead, either 1) use a type annotation in the class body, or 2) wrap the type in `torch.jit.Attribute`.
  return visitor(node)
/global/homes/t/twarford/.conda/envs/mace_scf/lib/python3.12/ast.py:407: UserWarning: The TorchScript type system doesn't support instance-level annotations on empty non-base types in `__init__`. Instead, either 1) use a type annotation in the class body, or 2) wrap the type in `torch.jit.Attribute`.
  return visitor(node)
/global/homes/t/twarford/.conda/envs/mace_scf/lib/python3.12/site-packages/torch/jit/_script.py:1488: DeprecationWarning: `torch.jit.script` is deprecated. Please switch to `torch.compile` or `torch.export`.
  warnings.warn(
/global/homes/t/twarford/.conda/envs/mace_scf/lib/python3.12/ast.py:407: UserWarning: The TorchScript type system doesn't support instance-level annotations on empty non-base types in `__init__`. Instead, either 1) use a type annotation in the class body, or 2) wrap the type in `torch.jit.Attribute`.
  return visitor(node)
/global/homes/t/twarford/.conda/envs/mace_scf/lib/python3.12/site-packages/torch/jit/_script.py:1488: DeprecationWarning: `torch.jit.script` is deprecated. Please switch to `torch.compile` or `torch.export`.
  warnings.warn(
/global/homes/t/twarford/.conda/envs/mace_scf/lib/python3.12/site-packages/torch/jit/_script.py:1488: DeprecationWarning: `torch.jit.script` is deprecated. Please switch to `torch.compile` or `torch.export`.
  warnings.warn(
/global/homes/t/twarford/.conda/envs/mace_scf/lib/python3.12/ast.py:407: UserWarning: The TorchScript type system doesn't support instance-level annotations on empty non-base types in `__init__`. Instead, either 1) use a type annotation in the class body, or 2) wrap the type in `torch.jit.Attribute`.
  return visitor(node)
/global/homes/t/twarford/.conda/envs/mace_scf/lib/python3.12/ast.py:407: UserWarning: The TorchScript type system doesn't support instance-level annotations on empty non-base types in `__init__`. Instead, either 1) use a type annotation in the class body, or 2) wrap the type in `torch.jit.Attribute`.
  return visitor(node)
/global/homes/t/twarford/.conda/envs/mace_scf/lib/python3.12/ast.py:407: UserWarning: The TorchScript type system doesn't support instance-level annotations on empty non-base types in `__init__`. Instead, either 1) use a type annotation in the class body, or 2) wrap the type in `torch.jit.Attribute`.
  return visitor(node)
/global/homes/t/twarford/.conda/envs/mace_scf/lib/python3.12/site-packages/torch/jit/_script.py:1488: DeprecationWarning: `torch.jit.script` is deprecated. Please switch to `torch.compile` or `torch.export`.
  warnings.warn(
/global/homes/t/twarford/.conda/envs/mace_scf/lib/python3.12/ast.py:407: UserWarning: The TorchScript type system doesn't support instance-level annotations on empty non-base types in `__init__`. Instead, either 1) use a type annotation in the class body, or 2) wrap the type in `torch.jit.Attribute`.
  return visitor(node)
/global/homes/t/twarford/.conda/envs/mace_scf/lib/python3.12/site-packages/torch/jit/_script.py:1488: DeprecationWarning: `torch.jit.script` is deprecated. Please switch to `torch.compile` or `torch.export`.
  warnings.warn(
/global/homes/t/twarford/.conda/envs/mace_scf/lib/python3.12/site-packages/torch/jit/_script.py:1488: DeprecationWarning: `torch.jit.script` is deprecated. Please switch to `torch.compile` or `torch.export`.
  warnings.warn(
/global/homes/t/twarford/.conda/envs/mace_scf/lib/python3.12/site-packages/torch/jit/_script.py:1488: DeprecationWarning: `torch.jit.script` is deprecated. Please switch to `torch.compile` or `torch.export`.
  warnings.warn(
/global/homes/t/twarford/.conda/envs/mace_scf/lib/python3.12/site-packages/torch/jit/_script.py:1488: DeprecationWarning: `torch.jit.script` is deprecated. Please switch to `torch.compile` or `torch.export`.
  warnings.warn(
/global/homes/t/twarford/.conda/envs/mace_scf/lib/python3.12/site-packages/torch/jit/_script.py:1488: DeprecationWarning: `torch.jit.script` is deprecated. Please switch to `torch.compile` or `torch.export`.
  warnings.warn(
/global/homes/t/twarford/.conda/envs/mace_scf/lib/python3.12/site-packages/torch/jit/_script.py:1488: DeprecationWarning: `torch.jit.script` is deprecated. Please switch to `torch.compile` or `torch.export`.
  warnings.warn(
/global/homes/t/twarford/.conda/envs/mace_scf/lib/python3.12/site-packages/torch/jit/_script.py:1488: DeprecationWarning: `torch.jit.script` is deprecated. Please switch to `torch.compile` or `torch.export`.
  warnings.warn(
/global/homes/t/twarford/.conda/envs/mace_scf/lib/python3.12/site-packages/torch/jit/_script.py:1488: DeprecationWarning: `torch.jit.script` is deprecated. Please switch to `torch.compile` or `torch.export`.
  warnings.warn(
/global/homes/t/twarford/.conda/envs/mace_scf/lib/python3.12/site-packages/torch/jit/_script.py:1488: DeprecationWarning: `torch.jit.script` is deprecated. Please switch to `torch.compile` or `torch.export`.
  warnings.warn(
/global/homes/t/twarford/.conda/envs/mace_scf/lib/python3.12/site-packages/torch/jit/_script.py:1488: DeprecationWarning: `torch.jit.script` is deprecated. Please switch to `torch.compile` or `torch.export`.
  warnings.warn(
/global/homes/t/twarford/.conda/envs/mace_scf/lib/python3.12/site-packages/torch/jit/_script.py:1488: DeprecationWarning: `torch.jit.script` is deprecated. Please switch to `torch.compile` or `torch.export`.
  warnings.warn(
/global/homes/t/twarford/.conda/envs/mace_scf/lib/python3.12/site-packages/torch/jit/_script.py:1488: DeprecationWarning: `torch.jit.script` is deprecated. Please switch to `torch.compile` or `torch.export`.
  warnings.warn(
/global/homes/t/twarford/.conda/envs/mace_scf/lib/python3.12/site-packages/torch/jit/_script.py:1488: DeprecationWarning: `torch.jit.script` is deprecated. Please switch to `torch.compile` or `torch.export`.
  warnings.warn(
/global/homes/t/twarford/.conda/envs/mace_scf/lib/python3.12/site-packages/torch/jit/_script.py:1488: DeprecationWarning: `torch.jit.script` is deprecated. Please switch to `torch.compile` or `torch.export`.
  warnings.warn(
/global/homes/t/twarford/.conda/envs/mace_scf/lib/python3.12/site-packages/torch/jit/_script.py:1488: DeprecationWarning: `torch.jit.script` is deprecated. Please switch to `torch.compile` or `torch.export`.
  warnings.warn(
/global/homes/t/twarford/.conda/envs/mace_scf/lib/python3.12/site-packages/torch/jit/_script.py:1488: DeprecationWarning: `torch.jit.script` is deprecated. Please switch to `torch.compile` or `torch.export`.
  warnings.warn(
/global/homes/t/twarford/.conda/envs/mace_scf/lib/python3.12/ast.py:407: UserWarning: The TorchScript type system doesn't support instance-level annotations on empty non-base types in `__init__`. Instead, either 1) use a type annotation in the class body, or 2) wrap the type in `torch.jit.Attribute`.
  return visitor(node)
/global/homes/t/twarford/.conda/envs/mace_scf/lib/python3.12/ast.py:407: UserWarning: The TorchScript type system doesn't support instance-level annotations on empty non-base types in `__init__`. Instead, either 1) use a type annotation in the class body, or 2) wrap the type in `torch.jit.Attribute`.
  return visitor(node)
/global/homes/t/twarford/.conda/envs/mace_scf/lib/python3.12/ast.py:407: UserWarning: The TorchScript type system doesn't support instance-level annotations on empty non-base types in `__init__`. Instead, either 1) use a type annotation in the class body, or 2) wrap the type in `torch.jit.Attribute`.
  return visitor(node)
/global/homes/t/twarford/.conda/envs/mace_scf/lib/python3.12/ast.py:407: UserWarning: The TorchScript type system doesn't support instance-level annotations on empty non-base types in `__init__`. Instead, either 1) use a type annotation in the class body, or 2) wrap the type in `torch.jit.Attribute`.
  return visitor(node)
/global/homes/t/twarford/.conda/envs/mace_scf/lib/python3.12/site-packages/torch/jit/_script.py:1488: DeprecationWarning: `torch.jit.script` is deprecated. Please switch to `torch.compile` or `torch.export`.
  warnings.warn(
/global/homes/t/twarford/.conda/envs/mace_scf/lib/python3.12/site-packages/torch/jit/_script.py:1488: DeprecationWarning: `torch.jit.script` is deprecated. Please switch to `torch.compile` or `torch.export`.
  warnings.warn(
/global/homes/t/twarford/.conda/envs/mace_scf/lib/python3.12/site-packages/torch/jit/_script.py:1488: DeprecationWarning: `torch.jit.script` is deprecated. Please switch to `torch.compile` or `torch.export`.
  warnings.warn(
/global/homes/t/twarford/.conda/envs/mace_scf/lib/python3.12/ast.py:407: UserWarning: The TorchScript type system doesn't support instance-level annotations on empty non-base types in `__init__`. Instead, either 1) use a type annotation in the class body, or 2) wrap the type in `torch.jit.Attribute`.
  return visitor(node)
/global/homes/t/twarford/.conda/envs/mace_scf/lib/python3.12/ast.py:407: UserWarning: The TorchScript type system doesn't support instance-level annotations on empty non-base types in `__init__`. Instead, either 1) use a type annotation in the class body, or 2) wrap the type in `torch.jit.Attribute`.
  return visitor(node)
/global/homes/t/twarford/.conda/envs/mace_scf/lib/python3.12/ast.py:407: UserWarning: The TorchScript type system doesn't support instance-level annotations on empty non-base types in `__init__`. Instead, either 1) use a type annotation in the class body, or 2) wrap the type in `torch.jit.Attribute`.
  return visitor(node)
/global/homes/t/twarford/.conda/envs/mace_scf/lib/python3.12/ast.py:407: UserWarning: The TorchScript type system doesn't support instance-level annotations on empty non-base types in `__init__`. Instead, either 1) use a type annotation in the class body, or 2) wrap the type in `torch.jit.Attribute`.
  return visitor(node)
/global/homes/t/twarford/.conda/envs/mace_scf/lib/python3.12/ast.py:407: UserWarning: The TorchScript type system doesn't support instance-level annotations on empty non-base types in `__init__`. Instead, either 1) use a type annotation in the class body, or 2) wrap the type in `torch.jit.Attribute`.
  return visitor(node)
/global/homes/t/twarford/.conda/envs/mace_scf/lib/python3.12/ast.py:407: UserWarning: The TorchScript type system doesn't support instance-level annotations on empty non-base types in `__init__`. Instead, either 1) use a type annotation in the class body, or 2) wrap the type in `torch.jit.Attribute`.
  return visitor(node)
/global/homes/t/twarford/.conda/envs/mace_scf/lib/python3.12/ast.py:407: UserWarning: The TorchScript type system doesn't support instance-level annotations on empty non-base types in `__init__`. Instead, either 1) use a type annotation in the class body, or 2) wrap the type in `torch.jit.Attribute`.
  return visitor(node)
/global/homes/t/twarford/.conda/envs/mace_scf/lib/python3.12/ast.py:407: UserWarning: The TorchScript type system doesn't support instance-level annotations on empty non-base types in `__init__`. Instead, either 1) use a type annotation in the class body, or 2) wrap the type in `torch.jit.Attribute`.
  return visitor(node)
/global/homes/t/twarford/.conda/envs/mace_scf/lib/python3.12/site-packages/torch/jit/_script.py:1488: DeprecationWarning: `torch.jit.script` is deprecated. Please switch to `torch.compile` or `torch.export`.
  warnings.warn(
/global/homes/t/twarford/.conda/envs/mace_scf/lib/python3.12/ast.py:407: UserWarning: The TorchScript type system doesn't support instance-level annotations on empty non-base types in `__init__`. Instead, either 1) use a type annotation in the class body, or 2) wrap the type in `torch.jit.Attribute`.
  return visitor(node)
/global/homes/t/twarford/.conda/envs/mace_scf/lib/python3.12/ast.py:407: UserWarning: The TorchScript type system doesn't support instance-level annotations on empty non-base types in `__init__`. Instead, either 1) use a type annotation in the class body, or 2) wrap the type in `torch.jit.Attribute`.
  return visitor(node)
/global/homes/t/twarford/.conda/envs/mace_scf/lib/python3.12/ast.py:407: UserWarning: The TorchScript type system doesn't support instance-level annotations on empty non-base types in `__init__`. Instead, either 1) use a type annotation in the class body, or 2) wrap the type in `torch.jit.Attribute`.
  return visitor(node)
/global/homes/t/twarford/.conda/envs/mace_scf/lib/python3.12/ast.py:407: UserWarning: The TorchScript type system doesn't support instance-level annotations on empty non-base types in `__init__`. Instead, either 1) use a type annotation in the class body, or 2) wrap the type in `torch.jit.Attribute`.
  return visitor(node)
/global/homes/t/twarford/.conda/envs/mace_scf/lib/python3.12/ast.py:407: UserWarning: The TorchScript type system doesn't support instance-level annotations on empty non-base types in `__init__`. Instead, either 1) use a type annotation in the class body, or 2) wrap the type in `torch.jit.Attribute`.
  return visitor(node)
/global/homes/t/twarford/.conda/envs/mace_scf/lib/python3.12/site-packages/torch/jit/_script.py:1488: DeprecationWarning: `torch.jit.script` is deprecated. Please switch to `torch.compile` or `torch.export`.
  warnings.warn(
/global/homes/t/twarford/.conda/envs/mace_scf/lib/python3.12/ast.py:407: UserWarning: The TorchScript type system doesn't support instance-level annotations on empty non-base types in `__init__`. Instead, either 1) use a type annotation in the class body, or 2) wrap the type in `torch.jit.Attribute`.
  return visitor(node)
/global/homes/t/twarford/.conda/envs/mace_scf/lib/python3.12/ast.py:407: UserWarning: The TorchScript type system doesn't support instance-level annotations on empty non-base types in `__init__`. Instead, either 1) use a type annotation in the class body, or 2) wrap the type in `torch.jit.Attribute`.
  return visitor(node)
/global/homes/t/twarford/.conda/envs/mace_scf/lib/python3.12/ast.py:407: UserWarning: The TorchScript type system doesn't support instance-level annotations on empty non-base types in `__init__`. Instead, either 1) use a type annotation in the class body, or 2) wrap the type in `torch.jit.Attribute`.
  return visitor(node)
/global/homes/t/twarford/.conda/envs/mace_scf/lib/python3.12/site-packages/torch/jit/_script.py:1488: DeprecationWarning: `torch.jit.script` is deprecated. Please switch to `torch.compile` or `torch.export`.
  warnings.warn(
/global/homes/t/twarford/.conda/envs/mace_scf/lib/python3.12/site-packages/torch/jit/_script.py:1488: DeprecationWarning: `torch.jit.script` is deprecated. Please switch to `torch.compile` or `torch.export`.
  warnings.warn(
/global/homes/t/twarford/.conda/envs/mace_scf/lib/python3.12/ast.py:407: UserWarning: The TorchScript type system doesn't support instance-level annotations on empty non-base types in `__init__`. Instead, either 1) use a type annotation in the class body, or 2) wrap the type in `torch.jit.Attribute`.
  return visitor(node)
/global/homes/t/twarford/.conda/envs/mace_scf/lib/python3.12/site-packages/torch/jit/_script.py:1488: DeprecationWarning: `torch.jit.script` is deprecated. Please switch to `torch.compile` or `torch.export`.
  warnings.warn(
/global/homes/t/twarford/.conda/envs/mace_scf/lib/python3.12/site-packages/torch/jit/_script.py:1488: DeprecationWarning: `torch.jit.script` is deprecated. Please switch to `torch.compile` or `torch.export`.
  warnings.warn(
/global/homes/t/twarford/.conda/envs/mace_scf/lib/python3.12/ast.py:407: UserWarning: The TorchScript type system doesn't support instance-level annotations on empty non-base types in `__init__`. Instead, either 1) use a type annotation in the class body, or 2) wrap the type in `torch.jit.Attribute`.
  return visitor(node)
/global/homes/t/twarford/.conda/envs/mace_scf/lib/python3.12/ast.py:407: UserWarning: The TorchScript type system doesn't support instance-level annotations on empty non-base types in `__init__`. Instead, either 1) use a type annotation in the class body, or 2) wrap the type in `torch.jit.Attribute`.
  return visitor(node)
/global/homes/t/twarford/.conda/envs/mace_scf/lib/python3.12/ast.py:407: UserWarning: The TorchScript type system doesn't support instance-level annotations on empty non-base types in `__init__`. Instead, either 1) use a type annotation in the class body, or 2) wrap the type in `torch.jit.Attribute`.
  return visitor(node)
/global/homes/t/twarford/.conda/envs/mace_scf/lib/python3.12/ast.py:407: UserWarning: The TorchScript type system doesn't support instance-level annotations on empty non-base types in `__init__`. Instead, either 1) use a type annotation in the class body, or 2) wrap the type in `torch.jit.Attribute`.
  return visitor(node)
/global/homes/t/twarford/.conda/envs/mace_scf/lib/python3.12/ast.py:407: UserWarning: The TorchScript type system doesn't support instance-level annotations on empty non-base types in `__init__`. Instead, either 1) use a type annotation in the class body, or 2) wrap the type in `torch.jit.Attribute`.
  return visitor(node)
/global/homes/t/twarford/.conda/envs/mace_scf/lib/python3.12/site-packages/torch/jit/_script.py:1488: DeprecationWarning: `torch.jit.script` is deprecated. Please switch to `torch.compile` or `torch.export`.
  warnings.warn(
/global/homes/t/twarford/.conda/envs/mace_scf/lib/python3.12/site-packages/torch/jit/_script.py:1488: DeprecationWarning: `torch.jit.script` is deprecated. Please switch to `torch.compile` or `torch.export`.
  warnings.warn(
/global/homes/t/twarford/.conda/envs/mace_scf/lib/python3.12/site-packages/torch/jit/_script.py:1488: DeprecationWarning: `torch.jit.script` is deprecated. Please switch to `torch.compile` or `torch.export`.
  warnings.warn(
/global/homes/t/twarford/.conda/envs/mace_scf/lib/python3.12/site-packages/torch/jit/_script.py:1488: DeprecationWarning: `torch.jit.script` is deprecated. Please switch to `torch.compile` or `torch.export`.
  warnings.warn(
/global/homes/t/twarford/.conda/envs/mace_scf/lib/python3.12/site-packages/torch/jit/_script.py:1488: DeprecationWarning: `torch.jit.script` is deprecated. Please switch to `torch.compile` or `torch.export`.
  warnings.warn(
/global/homes/t/twarford/.conda/envs/mace_scf/lib/python3.12/site-packages/torch/jit/_script.py:1488: DeprecationWarning: `torch.jit.script` is deprecated. Please switch to `torch.compile` or `torch.export`.
  warnings.warn(
/global/homes/t/twarford/.conda/envs/mace_scf/lib/python3.12/site-packages/torch/jit/_script.py:1488: DeprecationWarning: `torch.jit.script` is deprecated. Please switch to `torch.compile` or `torch.export`.
  warnings.warn(
/global/homes/t/twarford/.conda/envs/mace_scf/lib/python3.12/site-packages/torch/jit/_script.py:1488: DeprecationWarning: `torch.jit.script` is deprecated. Please switch to `torch.compile` or `torch.export`.
  warnings.warn(
/global/homes/t/twarford/.conda/envs/mace_scf/lib/python3.12/site-packages/torch/jit/_script.py:1488: DeprecationWarning: `torch.jit.script` is deprecated. Please switch to `torch.compile` or `torch.export`.
  warnings.warn(
/global/homes/t/twarford/.conda/envs/mace_scf/lib/python3.12/site-packages/torch/jit/_script.py:1488: DeprecationWarning: `torch.jit.script` is deprecated. Please switch to `torch.compile` or `torch.export`.
  warnings.warn(
/global/homes/t/twarford/.conda/envs/mace_scf/lib/python3.12/site-packages/torch/jit/_script.py:1488: DeprecationWarning: `torch.jit.script` is deprecated. Please switch to `torch.compile` or `torch.export`.
  warnings.warn(
/global/homes/t/twarford/.conda/envs/mace_scf/lib/python3.12/site-packages/torch/jit/_script.py:1488: DeprecationWarning: `torch.jit.script` is deprecated. Please switch to `torch.compile` or `torch.export`.
  warnings.warn(
/global/homes/t/twarford/.conda/envs/mace_scf/lib/python3.12/site-packages/torch/jit/_script.py:1488: DeprecationWarning: `torch.jit.script` is deprecated. Please switch to `torch.compile` or `torch.export`.
  warnings.warn(
/global/homes/t/twarford/.conda/envs/mace_scf/lib/python3.12/site-packages/torch/jit/_script.py:1488: DeprecationWarning: `torch.jit.script` is deprecated. Please switch to `torch.compile` or `torch.export`.
  warnings.warn(
/global/homes/t/twarford/.conda/envs/mace_scf/lib/python3.12/site-packages/torch/jit/_script.py:1488: DeprecationWarning: `torch.jit.script` is deprecated. Please switch to `torch.compile` or `torch.export`.
  warnings.warn(
/global/homes/t/twarford/.conda/envs/mace_scf/lib/python3.12/site-packages/torch/jit/_script.py:1488: DeprecationWarning: `torch.jit.script` is deprecated. Please switch to `torch.compile` or `torch.export`.
  warnings.warn(
/global/homes/t/twarford/.conda/envs/mace_scf/lib/python3.12/ast.py:407: UserWarning: The TorchScript type system doesn't support instance-level annotations on empty non-base types in `__init__`. Instead, either 1) use a type annotation in the class body, or 2) wrap the type in `torch.jit.Attribute`.
  return visitor(node)
/global/homes/t/twarford/.conda/envs/mace_scf/lib/python3.12/ast.py:407: UserWarning: The TorchScript type system doesn't support instance-level annotations on empty non-base types in `__init__`. Instead, either 1) use a type annotation in the class body, or 2) wrap the type in `torch.jit.Attribute`.
  return visitor(node)
/global/homes/t/twarford/.conda/envs/mace_scf/lib/python3.12/ast.py:407: UserWarning: The TorchScript type system doesn't support instance-level annotations on empty non-base types in `__init__`. Instead, either 1) use a type annotation in the class body, or 2) wrap the type in `torch.jit.Attribute`.
  return visitor(node)
/global/homes/t/twarford/.conda/envs/mace_scf/lib/python3.12/ast.py:407: UserWarning: The TorchScript type system doesn't support instance-level annotations on empty non-base types in `__init__`. Instead, either 1) use a type annotation in the class body, or 2) wrap the type in `torch.jit.Attribute`.
  return visitor(node)
/global/homes/t/twarford/.conda/envs/mace_scf/lib/python3.12/site-packages/torch/jit/_script.py:1488: DeprecationWarning: `torch.jit.script` is deprecated. Please switch to `torch.compile` or `torch.export`.
  warnings.warn(
/global/homes/t/twarford/.conda/envs/mace_scf/lib/python3.12/site-packages/torch/jit/_script.py:1488: DeprecationWarning: `torch.jit.script` is deprecated. Please switch to `torch.compile` or `torch.export`.
  warnings.warn(
/global/homes/t/twarford/.conda/envs/mace_scf/lib/python3.12/ast.py:407: UserWarning: The TorchScript type system doesn't support instance-level annotations on empty non-base types in `__init__`. Instead, either 1) use a type annotation in the class body, or 2) wrap the type in `torch.jit.Attribute`.
  return visitor(node)
/global/homes/t/twarford/.conda/envs/mace_scf/lib/python3.12/site-packages/torch/jit/_script.py:1488: DeprecationWarning: `torch.jit.script` is deprecated. Please switch to `torch.compile` or `torch.export`.
  warnings.warn(
/global/homes/t/twarford/.conda/envs/mace_scf/lib/python3.12/ast.py:407: UserWarning: The TorchScript type system doesn't support instance-level annotations on empty non-base types in `__init__`. Instead, either 1) use a type annotation in the class body, or 2) wrap the type in `torch.jit.Attribute`.
  return visitor(node)
/global/homes/t/twarford/.conda/envs/mace_scf/lib/python3.12/ast.py:407: UserWarning: The TorchScript type system doesn't support instance-level annotations on empty non-base types in `__init__`. Instead, either 1) use a type annotation in the class body, or 2) wrap the type in `torch.jit.Attribute`.
  return visitor(node)
/global/homes/t/twarford/.conda/envs/mace_scf/lib/python3.12/ast.py:407: UserWarning: The TorchScript type system doesn't support instance-level annotations on empty non-base types in `__init__`. Instead, either 1) use a type annotation in the class body, or 2) wrap the type in `torch.jit.Attribute`.
  return visitor(node)
/global/homes/t/twarford/.conda/envs/mace_scf/lib/python3.12/ast.py:407: UserWarning: The TorchScript type system doesn't support instance-level annotations on empty non-base types in `__init__`. Instead, either 1) use a type annotation in the class body, or 2) wrap the type in `torch.jit.Attribute`.
  return visitor(node)
/global/homes/t/twarford/.conda/envs/mace_scf/lib/python3.12/ast.py:407: UserWarning: The TorchScript type system doesn't support instance-level annotations on empty non-base types in `__init__`. Instead, either 1) use a type annotation in the class body, or 2) wrap the type in `torch.jit.Attribute`.
  return visitor(node)
/global/homes/t/twarford/.conda/envs/mace_scf/lib/python3.12/ast.py:407: UserWarning: The TorchScript type system doesn't support instance-level annotations on empty non-base types in `__init__`. Instead, either 1) use a type annotation in the class body, or 2) wrap the type in `torch.jit.Attribute`.
  return visitor(node)
/global/homes/t/twarford/.conda/envs/mace_scf/lib/python3.12/site-packages/torch/jit/_script.py:1488: DeprecationWarning: `torch.jit.script` is deprecated. Please switch to `torch.compile` or `torch.export`.
  warnings.warn(
/global/homes/t/twarford/.conda/envs/mace_scf/lib/python3.12/site-packages/torch/jit/_script.py:1488: DeprecationWarning: `torch.jit.script` is deprecated. Please switch to `torch.compile` or `torch.export`.
  warnings.warn(
/global/homes/t/twarford/.conda/envs/mace_scf/lib/python3.12/ast.py:407: UserWarning: The TorchScript type system doesn't support instance-level annotations on empty non-base types in `__init__`. Instead, either 1) use a type annotation in the class body, or 2) wrap the type in `torch.jit.Attribute`.
  return visitor(node)
/global/homes/t/twarford/.conda/envs/mace_scf/lib/python3.12/ast.py:407: UserWarning: The TorchScript type system doesn't support instance-level annotations on empty non-base types in `__init__`. Instead, either 1) use a type annotation in the class body, or 2) wrap the type in `torch.jit.Attribute`.
  return visitor(node)
/global/homes/t/twarford/.conda/envs/mace_scf/lib/python3.12/ast.py:407: UserWarning: The TorchScript type system doesn't support instance-level annotations on empty non-base types in `__init__`. Instead, either 1) use a type annotation in the class body, or 2) wrap the type in `torch.jit.Attribute`.
  return visitor(node)
/global/homes/t/twarford/.conda/envs/mace_scf/lib/python3.12/ast.py:407: UserWarning: The TorchScript type system doesn't support instance-level annotations on empty non-base types in `__init__`. Instead, either 1) use a type annotation in the class body, or 2) wrap the type in `torch.jit.Attribute`.
  return visitor(node)
/global/homes/t/twarford/.conda/envs/mace_scf/lib/python3.12/ast.py:407: UserWarning: The TorchScript type system doesn't support instance-level annotations on empty non-base types in `__init__`. Instead, either 1) use a type annotation in the class body, or 2) wrap the type in `torch.jit.Attribute`.
  return visitor(node)
/global/homes/t/twarford/.conda/envs/mace_scf/lib/python3.12/site-packages/torch/jit/_script.py:1488: DeprecationWarning: `torch.jit.script` is deprecated. Please switch to `torch.compile` or `torch.export`.
  warnings.warn(
/global/homes/t/twarford/.conda/envs/mace_scf/lib/python3.12/ast.py:407: UserWarning: The TorchScript type system doesn't support instance-level annotations on empty non-base types in `__init__`. Instead, either 1) use a type annotation in the class body, or 2) wrap the type in `torch.jit.Attribute`.
  return visitor(node)
/global/homes/t/twarford/.conda/envs/mace_scf/lib/python3.12/ast.py:407: UserWarning: The TorchScript type system doesn't support instance-level annotations on empty non-base types in `__init__`. Instead, either 1) use a type annotation in the class body, or 2) wrap the type in `torch.jit.Attribute`.
  return visitor(node)
/global/homes/t/twarford/.conda/envs/mace_scf/lib/python3.12/ast.py:407: UserWarning: The TorchScript type system doesn't support instance-level annotations on empty non-base types in `__init__`. Instead, either 1) use a type annotation in the class body, or 2) wrap the type in `torch.jit.Attribute`.
  return visitor(node)
/global/homes/t/twarford/.conda/envs/mace_scf/lib/python3.12/site-packages/torch/jit/_script.py:1488: DeprecationWarning: `torch.jit.script` is deprecated. Please switch to `torch.compile` or `torch.export`.
  warnings.warn(
/global/homes/t/twarford/.conda/envs/mace_scf/lib/python3.12/site-packages/torch/jit/_script.py:1488: DeprecationWarning: `torch.jit.script` is deprecated. Please switch to `torch.compile` or `torch.export`.
  warnings.warn(
/global/homes/t/twarford/.conda/envs/mace_scf/lib/python3.12/ast.py:407: UserWarning: The TorchScript type system doesn't support instance-level annotations on empty non-base types in `__init__`. Instead, either 1) use a type annotation in the class body, or 2) wrap the type in `torch.jit.Attribute`.
  return visitor(node)
/global/homes/t/twarford/.conda/envs/mace_scf/lib/python3.12/ast.py:407: UserWarning: The TorchScript type system doesn't support instance-level annotations on empty non-base types in `__init__`. Instead, either 1) use a type annotation in the class body, or 2) wrap the type in `torch.jit.Attribute`.
  return visitor(node)
/global/homes/t/twarford/.conda/envs/mace_scf/lib/python3.12/ast.py:407: UserWarning: The TorchScript type system doesn't support instance-level annotations on empty non-base types in `__init__`. Instead, either 1) use a type annotation in the class body, or 2) wrap the type in `torch.jit.Attribute`.
  return visitor(node)
/global/homes/t/twarford/.conda/envs/mace_scf/lib/python3.12/site-packages/torch/jit/_script.py:1488: DeprecationWarning: `torch.jit.script` is deprecated. Please switch to `torch.compile` or `torch.export`.
  warnings.warn(
/global/homes/t/twarford/.conda/envs/mace_scf/lib/python3.12/ast.py:407: UserWarning: The TorchScript type system doesn't support instance-level annotations on empty non-base types in `__init__`. Instead, either 1) use a type annotation in the class body, or 2) wrap the type in `torch.jit.Attribute`.
  return visitor(node)
/global/homes/t/twarford/.conda/envs/mace_scf/lib/python3.12/ast.py:407: UserWarning: The TorchScript type system doesn't support instance-level annotations on empty non-base types in `__init__`. Instead, either 1) use a type annotation in the class body, or 2) wrap the type in `torch.jit.Attribute`.
  return visitor(node)
/global/homes/t/twarford/.conda/envs/mace_scf/lib/python3.12/site-packages/torch/jit/_script.py:1488: DeprecationWarning: `torch.jit.script` is deprecated. Please switch to `torch.compile` or `torch.export`.
  warnings.warn(
/global/homes/t/twarford/.conda/envs/mace_scf/lib/python3.12/ast.py:407: UserWarning: The TorchScript type system doesn't support instance-level annotations on empty non-base types in `__init__`. Instead, either 1) use a type annotation in the class body, or 2) wrap the type in `torch.jit.Attribute`.
  return visitor(node)
/global/homes/t/twarford/.conda/envs/mace_scf/lib/python3.12/site-packages/torch/jit/_script.py:1488: DeprecationWarning: `torch.jit.script` is deprecated. Please switch to `torch.compile` or `torch.export`.
  warnings.warn(
/global/homes/t/twarford/.conda/envs/mace_scf/lib/python3.12/site-packages/torch/jit/_script.py:1488: DeprecationWarning: `torch.jit.script` is deprecated. Please switch to `torch.compile` or `torch.export`.
  warnings.warn(
/global/homes/t/twarford/.conda/envs/mace_scf/lib/python3.12/site-packages/torch/jit/_script.py:1488: DeprecationWarning: `torch.jit.script` is deprecated. Please switch to `torch.compile` or `torch.export`.
  warnings.warn(
/global/homes/t/twarford/.conda/envs/mace_scf/lib/python3.12/site-packages/torch/jit/_script.py:1488: DeprecationWarning: `torch.jit.script` is deprecated. Please switch to `torch.compile` or `torch.export`.
  warnings.warn(
/global/homes/t/twarford/.conda/envs/mace_scf/lib/python3.12/site-packages/torch/jit/_script.py:1488: DeprecationWarning: `torch.jit.script` is deprecated. Please switch to `torch.compile` or `torch.export`.
  warnings.warn(
/global/homes/t/twarford/.conda/envs/mace_scf/lib/python3.12/ast.py:407: UserWarning: The TorchScript type system doesn't support instance-level annotations on empty non-base types in `__init__`. Instead, either 1) use a type annotation in the class body, or 2) wrap the type in `torch.jit.Attribute`.
  return visitor(node)
/global/homes/t/twarford/.conda/envs/mace_scf/lib/python3.12/ast.py:407: UserWarning: The TorchScript type system doesn't support instance-level annotations on empty non-base types in `__init__`. Instead, either 1) use a type annotation in the class body, or 2) wrap the type in `torch.jit.Attribute`.
  return visitor(node)
/global/homes/t/twarford/.conda/envs/mace_scf/lib/python3.12/ast.py:407: UserWarning: The TorchScript type system doesn't support instance-level annotations on empty non-base types in `__init__`. Instead, either 1) use a type annotation in the class body, or 2) wrap the type in `torch.jit.Attribute`.
  return visitor(node)
/global/homes/t/twarford/.conda/envs/mace_scf/lib/python3.12/ast.py:407: UserWarning: The TorchScript type system doesn't support instance-level annotations on empty non-base types in `__init__`. Instead, either 1) use a type annotation in the class body, or 2) wrap the type in `torch.jit.Attribute`.
  return visitor(node)
/global/homes/t/twarford/.conda/envs/mace_scf/lib/python3.12/ast.py:407: UserWarning: The TorchScript type system doesn't support instance-level annotations on empty non-base types in `__init__`. Instead, either 1) use a type annotation in the class body, or 2) wrap the type in `torch.jit.Attribute`.
  return visitor(node)
/global/homes/t/twarford/.conda/envs/mace_scf/lib/python3.12/ast.py:407: UserWarning: The TorchScript type system doesn't support instance-level annotations on empty non-base types in `__init__`. Instead, either 1) use a type annotation in the class body, or 2) wrap the type in `torch.jit.Attribute`.
  return visitor(node)
/global/homes/t/twarford/.conda/envs/mace_scf/lib/python3.12/site-packages/torch/jit/_script.py:1488: DeprecationWarning: `torch.jit.script` is deprecated. Please switch to `torch.compile` or `torch.export`.
  warnings.warn(
/global/homes/t/twarford/.conda/envs/mace_scf/lib/python3.12/site-packages/torch/jit/_script.py:1488: DeprecationWarning: `torch.jit.script` is deprecated. Please switch to `torch.compile` or `torch.export`.
  warnings.warn(
/global/homes/t/twarford/.conda/envs/mace_scf/lib/python3.12/site-packages/torch/jit/_script.py:1488: DeprecationWarning: `torch.jit.script` is deprecated. Please switch to `torch.compile` or `torch.export`.
  warnings.warn(
/global/homes/t/twarford/.conda/envs/mace_scf/lib/python3.12/site-packages/torch/jit/_script.py:1488: DeprecationWarning: `torch.jit.script` is deprecated. Please switch to `torch.compile` or `torch.export`.
  warnings.warn(
/global/homes/t/twarford/.conda/envs/mace_scf/lib/python3.12/ast.py:407: UserWarning: The TorchScript type system doesn't support instance-level annotations on empty non-base types in `__init__`. Instead, either 1) use a type annotation in the class body, or 2) wrap the type in `torch.jit.Attribute`.
  return visitor(node)
/global/homes/t/twarford/.conda/envs/mace_scf/lib/python3.12/site-packages/torch/jit/_script.py:1488: DeprecationWarning: `torch.jit.script` is deprecated. Please switch to `torch.compile` or `torch.export`.
  warnings.warn(
/global/homes/t/twarford/.conda/envs/mace_scf/lib/python3.12/ast.py:407: UserWarning: The TorchScript type system doesn't support instance-level annotations on empty non-base types in `__init__`. Instead, either 1) use a type annotation in the class body, or 2) wrap the type in `torch.jit.Attribute`.
  return visitor(node)
/global/homes/t/twarford/.conda/envs/mace_scf/lib/python3.12/site-packages/torch/jit/_script.py:1488: DeprecationWarning: `torch.jit.script` is deprecated. Please switch to `torch.compile` or `torch.export`.
  warnings.warn(
/global/homes/t/twarford/.conda/envs/mace_scf/lib/python3.12/ast.py:407: UserWarning: The TorchScript type system doesn't support instance-level annotations on empty non-base types in `__init__`. Instead, either 1) use a type annotation in the class body, or 2) wrap the type in `torch.jit.Attribute`.
  return visitor(node)
/global/homes/t/twarford/.conda/envs/mace_scf/lib/python3.12/ast.py:407: UserWarning: The TorchScript type system doesn't support instance-level annotations on empty non-base types in `__init__`. Instead, either 1) use a type annotation in the class body, or 2) wrap the type in `torch.jit.Attribute`.
  return visitor(node)
/global/homes/t/twarford/.conda/envs/mace_scf/lib/python3.12/ast.py:407: UserWarning: The TorchScript type system doesn't support instance-level annotations on empty non-base types in `__init__`. Instead, either 1) use a type annotation in the class body, or 2) wrap the type in `torch.jit.Attribute`.
  return visitor(node)
/global/homes/t/twarford/.conda/envs/mace_scf/lib/python3.12/ast.py:407: UserWarning: The TorchScript type system doesn't support instance-level annotations on empty non-base types in `__init__`. Instead, either 1) use a type annotation in the class body, or 2) wrap the type in `torch.jit.Attribute`.
  return visitor(node)
/global/homes/t/twarford/.conda/envs/mace_scf/lib/python3.12/site-packages/torch/jit/_script.py:1488: DeprecationWarning: `torch.jit.script` is deprecated. Please switch to `torch.compile` or `torch.export`.
  warnings.warn(
/global/homes/t/twarford/.conda/envs/mace_scf/lib/python3.12/site-packages/torch/jit/_script.py:1488: DeprecationWarning: `torch.jit.script` is deprecated. Please switch to `torch.compile` or `torch.export`.
  warnings.warn(
/global/homes/t/twarford/.conda/envs/mace_scf/lib/python3.12/ast.py:407: UserWarning: The TorchScript type system doesn't support instance-level annotations on empty non-base types in `__init__`. Instead, either 1) use a type annotation in the class body, or 2) wrap the type in `torch.jit.Attribute`.
  return visitor(node)
/global/homes/t/twarford/.conda/envs/mace_scf/lib/python3.12/site-packages/torch/jit/_script.py:1488: DeprecationWarning: `torch.jit.script` is deprecated. Please switch to `torch.compile` or `torch.export`.
  warnings.warn(
/global/homes/t/twarford/.conda/envs/mace_scf/lib/python3.12/site-packages/torch/jit/_script.py:1488: DeprecationWarning: `torch.jit.script` is deprecated. Please switch to `torch.compile` or `torch.export`.
  warnings.warn(
/global/homes/t/twarford/.conda/envs/mace_scf/lib/python3.12/ast.py:407: UserWarning: The TorchScript type system doesn't support instance-level annotations on empty non-base types in `__init__`. Instead, either 1) use a type annotation in the class body, or 2) wrap the type in `torch.jit.Attribute`.
  return visitor(node)
/global/homes/t/twarford/.conda/envs/mace_scf/lib/python3.12/site-packages/torch/jit/_script.py:1488: DeprecationWarning: `torch.jit.script` is deprecated. Please switch to `torch.compile` or `torch.export`.
  warnings.warn(
/global/homes/t/twarford/.conda/envs/mace_scf/lib/python3.12/site-packages/torch/jit/_script.py:1488: DeprecationWarning: `torch.jit.script` is deprecated. Please switch to `torch.compile` or `torch.export`.
  warnings.warn(
/global/homes/t/twarford/.conda/envs/mace_scf/lib/python3.12/ast.py:407: UserWarning: The TorchScript type system doesn't support instance-level annotations on empty non-base types in `__init__`. Instead, either 1) use a type annotation in the class body, or 2) wrap the type in `torch.jit.Attribute`.
  return visitor(node)
/global/homes/t/twarford/.conda/envs/mace_scf/lib/python3.12/site-packages/torch/jit/_script.py:1488: DeprecationWarning: `torch.jit.script` is deprecated. Please switch to `torch.compile` or `torch.export`.
  warnings.warn(
/global/homes/t/twarford/.conda/envs/mace_scf/lib/python3.12/ast.py:407: UserWarning: The TorchScript type system doesn't support instance-level annotations on empty non-base types in `__init__`. Instead, either 1) use a type annotation in the class body, or 2) wrap the type in `torch.jit.Attribute`.
  return visitor(node)
/global/homes/t/twarford/.conda/envs/mace_scf/lib/python3.12/ast.py:407: UserWarning: The TorchScript type system doesn't support instance-level annotations on empty non-base types in `__init__`. Instead, either 1) use a type annotation in the class body, or 2) wrap the type in `torch.jit.Attribute`.
  return visitor(node)
/global/homes/t/twarford/.conda/envs/mace_scf/lib/python3.12/ast.py:407: UserWarning: The TorchScript type system doesn't support instance-level annotations on empty non-base types in `__init__`. Instead, either 1) use a type annotation in the class body, or 2) wrap the type in `torch.jit.Attribute`.
  return visitor(node)
/global/homes/t/twarford/.conda/envs/mace_scf/lib/python3.12/site-packages/torch/jit/_script.py:1488: DeprecationWarning: `torch.jit.script` is deprecated. Please switch to `torch.compile` or `torch.export`.
  warnings.warn(
/global/homes/t/twarford/.conda/envs/mace_scf/lib/python3.12/ast.py:407: UserWarning: The TorchScript type system doesn't support instance-level annotations on empty non-base types in `__init__`. Instead, either 1) use a type annotation in the class body, or 2) wrap the type in `torch.jit.Attribute`.
  return visitor(node)
/global/homes/t/twarford/.conda/envs/mace_scf/lib/python3.12/site-packages/torch/jit/_script.py:1488: DeprecationWarning: `torch.jit.script` is deprecated. Please switch to `torch.compile` or `torch.export`.
  warnings.warn(
/global/homes/t/twarford/.conda/envs/mace_scf/lib/python3.12/site-packages/torch/jit/_script.py:1488: DeprecationWarning: `torch.jit.script` is deprecated. Please switch to `torch.compile` or `torch.export`.
  warnings.warn(
/global/homes/t/twarford/.conda/envs/mace_scf/lib/python3.12/site-packages/torch/jit/_script.py:1488: DeprecationWarning: `torch.jit.script` is deprecated. Please switch to `torch.compile` or `torch.export`.
  warnings.warn(
/global/homes/t/twarford/.conda/envs/mace_scf/lib/python3.12/site-packages/torch/jit/_script.py:1488: DeprecationWarning: `torch.jit.script` is deprecated. Please switch to `torch.compile` or `torch.export`.
  warnings.warn(
/global/homes/t/twarford/.conda/envs/mace_scf/lib/python3.12/site-packages/torch/jit/_script.py:1488: DeprecationWarning: `torch.jit.script` is deprecated. Please switch to `torch.compile` or `torch.export`.
  warnings.warn(
/global/homes/t/twarford/.conda/envs/mace_scf/lib/python3.12/site-packages/torch/jit/_script.py:1488: DeprecationWarning: `torch.jit.script` is deprecated. Please switch to `torch.compile` or `torch.export`.
  warnings.warn(
/global/homes/t/twarford/.conda/envs/mace_scf/lib/python3.12/site-packages/torch/jit/_script.py:1488: DeprecationWarning: `torch.jit.script` is deprecated. Please switch to `torch.compile` or `torch.export`.
  warnings.warn(
/global/homes/t/twarford/.conda/envs/mace_scf/lib/python3.12/site-packages/torch/jit/_script.py:1488: DeprecationWarning: `torch.jit.script` is deprecated. Please switch to `torch.compile` or `torch.export`.
  warnings.warn(
/global/homes/t/twarford/.conda/envs/mace_scf/lib/python3.12/site-packages/torch/jit/_script.py:1488: DeprecationWarning: `torch.jit.script` is deprecated. Please switch to `torch.compile` or `torch.export`.
  warnings.warn(
/global/homes/t/twarford/.conda/envs/mace_scf/lib/python3.12/site-packages/torch/jit/_script.py:1488: DeprecationWarning: `torch.jit.script` is deprecated. Please switch to `torch.compile` or `torch.export`.
  warnings.warn(
/global/homes/t/twarford/.conda/envs/mace_scf/lib/python3.12/site-packages/torch/jit/_script.py:1488: DeprecationWarning: `torch.jit.script` is deprecated. Please switch to `torch.compile` or `torch.export`.
  warnings.warn(
/global/homes/t/twarford/.conda/envs/mace_scf/lib/python3.12/site-packages/torch/jit/_script.py:1488: DeprecationWarning: `torch.jit.script` is deprecated. Please switch to `torch.compile` or `torch.export`.
  warnings.warn(
/global/homes/t/twarford/.conda/envs/mace_scf/lib/python3.12/site-packages/torch/jit/_script.py:1488: DeprecationWarning: `torch.jit.script` is deprecated. Please switch to `torch.compile` or `torch.export`.
  warnings.warn(
/global/homes/t/twarford/.conda/envs/mace_scf/lib/python3.12/site-packages/torch/jit/_script.py:1488: DeprecationWarning: `torch.jit.script` is deprecated. Please switch to `torch.compile` or `torch.export`.
  warnings.warn(
/global/homes/t/twarford/.conda/envs/mace_scf/lib/python3.12/ast.py:407: UserWarning: The TorchScript type system doesn't support instance-level annotations on empty non-base types in `__init__`. Instead, either 1) use a type annotation in the class body, or 2) wrap the type in `torch.jit.Attribute`.
  return visitor(node)
/global/homes/t/twarford/.conda/envs/mace_scf/lib/python3.12/site-packages/torch/jit/_script.py:1488: DeprecationWarning: `torch.jit.script` is deprecated. Please switch to `torch.compile` or `torch.export`.
  warnings.warn(
/global/homes/t/twarford/.conda/envs/mace_scf/lib/python3.12/ast.py:407: UserWarning: The TorchScript type system doesn't support instance-level annotations on empty non-base types in `__init__`. Instead, either 1) use a type annotation in the class body, or 2) wrap the type in `torch.jit.Attribute`.
  return visitor(node)
/global/homes/t/twarford/.conda/envs/mace_scf/lib/python3.12/site-packages/torch/jit/_script.py:1488: DeprecationWarning: `torch.jit.script` is deprecated. Please switch to `torch.compile` or `torch.export`.
  warnings.warn(
/global/homes/t/twarford/.conda/envs/mace_scf/lib/python3.12/ast.py:407: UserWarning: The TorchScript type system doesn't support instance-level annotations on empty non-base types in `__init__`. Instead, either 1) use a type annotation in the class body, or 2) wrap the type in `torch.jit.Attribute`.
  return visitor(node)
/global/homes/t/twarford/.conda/envs/mace_scf/lib/python3.12/site-packages/torch/jit/_script.py:1488: DeprecationWarning: `torch.jit.script` is deprecated. Please switch to `torch.compile` or `torch.export`.
  warnings.warn(
/global/homes/t/twarford/.conda/envs/mace_scf/lib/python3.12/ast.py:407: UserWarning: The TorchScript type system doesn't support instance-level annotations on empty non-base types in `__init__`. Instead, either 1) use a type annotation in the class body, or 2) wrap the type in `torch.jit.Attribute`.
  return visitor(node)
/global/homes/t/twarford/.conda/envs/mace_scf/lib/python3.12/ast.py:407: UserWarning: The TorchScript type system doesn't support instance-level annotations on empty non-base types in `__init__`. Instead, either 1) use a type annotation in the class body, or 2) wrap the type in `torch.jit.Attribute`.
  return visitor(node)
/global/homes/t/twarford/.conda/envs/mace_scf/lib/python3.12/ast.py:407: UserWarning: The TorchScript type system doesn't support instance-level annotations on empty non-base types in `__init__`. Instead, either 1) use a type annotation in the class body, or 2) wrap the type in `torch.jit.Attribute`.
  return visitor(node)
/global/homes/t/twarford/.conda/envs/mace_scf/lib/python3.12/ast.py:407: UserWarning: The TorchScript type system doesn't support instance-level annotations on empty non-base types in `__init__`. Instead, either 1) use a type annotation in the class body, or 2) wrap the type in `torch.jit.Attribute`.
  return visitor(node)
/global/homes/t/twarford/.conda/envs/mace_scf/lib/python3.12/ast.py:407: UserWarning: The TorchScript type system doesn't support instance-level annotations on empty non-base types in `__init__`. Instead, either 1) use a type annotation in the class body, or 2) wrap the type in `torch.jit.Attribute`.
  return visitor(node)
/global/homes/t/twarford/.conda/envs/mace_scf/lib/python3.12/ast.py:407: UserWarning: The TorchScript type system doesn't support instance-level annotations on empty non-base types in `__init__`. Instead, either 1) use a type annotation in the class body, or 2) wrap the type in `torch.jit.Attribute`.
  return visitor(node)
/global/homes/t/twarford/.conda/envs/mace_scf/lib/python3.12/site-packages/torch/jit/_script.py:1488: DeprecationWarning: `torch.jit.script` is deprecated. Please switch to `torch.compile` or `torch.export`.
  warnings.warn(
/global/homes/t/twarford/.conda/envs/mace_scf/lib/python3.12/site-packages/torch/jit/_script.py:1488: DeprecationWarning: `torch.jit.script` is deprecated. Please switch to `torch.compile` or `torch.export`.
  warnings.warn(
/global/homes/t/twarford/.conda/envs/mace_scf/lib/python3.12/ast.py:407: UserWarning: The TorchScript type system doesn't support instance-level annotations on empty non-base types in `__init__`. Instead, either 1) use a type annotation in the class body, or 2) wrap the type in `torch.jit.Attribute`.
  return visitor(node)
/global/homes/t/twarford/.conda/envs/mace_scf/lib/python3.12/ast.py:407: UserWarning: The TorchScript type system doesn't support instance-level annotations on empty non-base types in `__init__`. Instead, either 1) use a type annotation in the class body, or 2) wrap the type in `torch.jit.Attribute`.
  return visitor(node)
/global/homes/t/twarford/.conda/envs/mace_scf/lib/python3.12/ast.py:407: UserWarning: The TorchScript type system doesn't support instance-level annotations on empty non-base types in `__init__`. Instead, either 1) use a type annotation in the class body, or 2) wrap the type in `torch.jit.Attribute`.
  return visitor(node)
/global/homes/t/twarford/.conda/envs/mace_scf/lib/python3.12/ast.py:407: UserWarning: The TorchScript type system doesn't support instance-level annotations on empty non-base types in `__init__`. Instead, either 1) use a type annotation in the class body, or 2) wrap the type in `torch.jit.Attribute`.
  return visitor(node)
/global/homes/t/twarford/.conda/envs/mace_scf/lib/python3.12/site-packages/torch/jit/_script.py:1488: DeprecationWarning: `torch.jit.script` is deprecated. Please switch to `torch.compile` or `torch.export`.
  warnings.warn(
/global/homes/t/twarford/.conda/envs/mace_scf/lib/python3.12/site-packages/torch/jit/_script.py:1488: DeprecationWarning: `torch.jit.script` is deprecated. Please switch to `torch.compile` or `torch.export`.
  warnings.warn(
/global/homes/t/twarford/.conda/envs/mace_scf/lib/python3.12/ast.py:407: UserWarning: The TorchScript type system doesn't support instance-level annotations on empty non-base types in `__init__`. Instead, either 1) use a type annotation in the class body, or 2) wrap the type in `torch.jit.Attribute`.
  return visitor(node)
/global/homes/t/twarford/.conda/envs/mace_scf/lib/python3.12/ast.py:407: UserWarning: The TorchScript type system doesn't support instance-level annotations on empty non-base types in `__init__`. Instead, either 1) use a type annotation in the class body, or 2) wrap the type in `torch.jit.Attribute`.
  return visitor(node)
/global/homes/t/twarford/.conda/envs/mace_scf/lib/python3.12/site-packages/torch/jit/_script.py:1488: DeprecationWarning: `torch.jit.script` is deprecated. Please switch to `torch.compile` or `torch.export`.
  warnings.warn(
/global/homes/t/twarford/.conda/envs/mace_scf/lib/python3.12/ast.py:407: UserWarning: The TorchScript type system doesn't support instance-level annotations on empty non-base types in `__init__`. Instead, either 1) use a type annotation in the class body, or 2) wrap the type in `torch.jit.Attribute`.
  return visitor(node)
/global/homes/t/twarford/.conda/envs/mace_scf/lib/python3.12/site-packages/torch/jit/_script.py:1488: DeprecationWarning: `torch.jit.script` is deprecated. Please switch to `torch.compile` or `torch.export`.
  warnings.warn(
/global/homes/t/twarford/.conda/envs/mace_scf/lib/python3.12/site-packages/torch/jit/_script.py:1488: DeprecationWarning: `torch.jit.script` is deprecated. Please switch to `torch.compile` or `torch.export`.
  warnings.warn(
/global/homes/t/twarford/.conda/envs/mace_scf/lib/python3.12/site-packages/torch/jit/_script.py:1488: DeprecationWarning: `torch.jit.script` is deprecated. Please switch to `torch.compile` or `torch.export`.
  warnings.warn(
/global/homes/t/twarford/.conda/envs/mace_scf/lib/python3.12/ast.py:407: UserWarning: The TorchScript type system doesn't support instance-level annotations on empty non-base types in `__init__`. Instead, either 1) use a type annotation in the class body, or 2) wrap the type in `torch.jit.Attribute`.
  return visitor(node)
/global/homes/t/twarford/.conda/envs/mace_scf/lib/python3.12/site-packages/torch/jit/_script.py:1488: DeprecationWarning: `torch.jit.script` is deprecated. Please switch to `torch.compile` or `torch.export`.
  warnings.warn(
/global/homes/t/twarford/.conda/envs/mace_scf/lib/python3.12/ast.py:407: UserWarning: The TorchScript type system doesn't support instance-level annotations on empty non-base types in `__init__`. Instead, either 1) use a type annotation in the class body, or 2) wrap the type in `torch.jit.Attribute`.
  return visitor(node)
/global/homes/t/twarford/.conda/envs/mace_scf/lib/python3.12/site-packages/torch/jit/_script.py:1488: DeprecationWarning: `torch.jit.script` is deprecated. Please switch to `torch.compile` or `torch.export`.
  warnings.warn(
/global/homes/t/twarford/.conda/envs/mace_scf/lib/python3.12/site-packages/torch/jit/_script.py:1488: DeprecationWarning: `torch.jit.script` is deprecated. Please switch to `torch.compile` or `torch.export`.
  warnings.warn(
/global/homes/t/twarford/.conda/envs/mace_scf/lib/python3.12/site-packages/torch/jit/_script.py:1488: DeprecationWarning: `torch.jit.script` is deprecated. Please switch to `torch.compile` or `torch.export`.
  warnings.warn(
/global/homes/t/twarford/.conda/envs/mace_scf/lib/python3.12/site-packages/torch/jit/_script.py:1488: DeprecationWarning: `torch.jit.script` is deprecated. Please switch to `torch.compile` or `torch.export`.
  warnings.warn(
/global/homes/t/twarford/.conda/envs/mace_scf/lib/python3.12/site-packages/torch/jit/_script.py:1488: DeprecationWarning: `torch.jit.script` is deprecated. Please switch to `torch.compile` or `torch.export`.
  warnings.warn(
/global/homes/t/twarford/.conda/envs/mace_scf/lib/python3.12/ast.py:407: UserWarning: The TorchScript type system doesn't support instance-level annotations on empty non-base types in `__init__`. Instead, either 1) use a type annotation in the class body, or 2) wrap the type in `torch.jit.Attribute`.
  return visitor(node)
/global/homes/t/twarford/.conda/envs/mace_scf/lib/python3.12/site-packages/torch/jit/_script.py:1488: DeprecationWarning: `torch.jit.script` is deprecated. Please switch to `torch.compile` or `torch.export`.
  warnings.warn(
/global/homes/t/twarford/.conda/envs/mace_scf/lib/python3.12/ast.py:407: UserWarning: The TorchScript type system doesn't support instance-level annotations on empty non-base types in `__init__`. Instead, either 1) use a type annotation in the class body, or 2) wrap the type in `torch.jit.Attribute`.
  return visitor(node)
/global/homes/t/twarford/.conda/envs/mace_scf/lib/python3.12/site-packages/torch/jit/_script.py:1488: DeprecationWarning: `torch.jit.script` is deprecated. Please switch to `torch.compile` or `torch.export`.
  warnings.warn(
/global/homes/t/twarford/.conda/envs/mace_scf/lib/python3.12/site-packages/torch/jit/_script.py:1488: DeprecationWarning: `torch.jit.script` is deprecated. Please switch to `torch.compile` or `torch.export`.
  warnings.warn(
/global/homes/t/twarford/.conda/envs/mace_scf/lib/python3.12/ast.py:407: UserWarning: The TorchScript type system doesn't support instance-level annotations on empty non-base types in `__init__`. Instead, either 1) use a type annotation in the class body, or 2) wrap the type in `torch.jit.Attribute`.
  return visitor(node)
/global/homes/t/twarford/.conda/envs/mace_scf/lib/python3.12/ast.py:407: UserWarning: The TorchScript type system doesn't support instance-level annotations on empty non-base types in `__init__`. Instead, either 1) use a type annotation in the class body, or 2) wrap the type in `torch.jit.Attribute`.
  return visitor(node)
/global/homes/t/twarford/.conda/envs/mace_scf/lib/python3.12/site-packages/torch/jit/_script.py:1488: DeprecationWarning: `torch.jit.script` is deprecated. Please switch to `torch.compile` or `torch.export`.
  warnings.warn(
/global/homes/t/twarford/.conda/envs/mace_scf/lib/python3.12/ast.py:407: UserWarning: The TorchScript type system doesn't support instance-level annotations on empty non-base types in `__init__`. Instead, either 1) use a type annotation in the class body, or 2) wrap the type in `torch.jit.Attribute`.
  return visitor(node)
/global/homes/t/twarford/.conda/envs/mace_scf/lib/python3.12/ast.py:407: UserWarning: The TorchScript type system doesn't support instance-level annotations on empty non-base types in `__init__`. Instead, either 1) use a type annotation in the class body, or 2) wrap the type in `torch.jit.Attribute`.
  return visitor(node)
/global/homes/t/twarford/.conda/envs/mace_scf/lib/python3.12/site-packages/torch/jit/_script.py:1488: DeprecationWarning: `torch.jit.script` is deprecated. Please switch to `torch.compile` or `torch.export`.
  warnings.warn(
/global/homes/t/twarford/.conda/envs/mace_scf/lib/python3.12/ast.py:407: UserWarning: The TorchScript type system doesn't support instance-level annotations on empty non-base types in `__init__`. Instead, either 1) use a type annotation in the class body, or 2) wrap the type in `torch.jit.Attribute`.
  return visitor(node)
/global/homes/t/twarford/.conda/envs/mace_scf/lib/python3.12/site-packages/torch/jit/_script.py:1488: DeprecationWarning: `torch.jit.script` is deprecated. Please switch to `torch.compile` or `torch.export`.
  warnings.warn(
/global/homes/t/twarford/.conda/envs/mace_scf/lib/python3.12/ast.py:407: UserWarning: The TorchScript type system doesn't support instance-level annotations on empty non-base types in `__init__`. Instead, either 1) use a type annotation in the class body, or 2) wrap the type in `torch.jit.Attribute`.
  return visitor(node)
/global/homes/t/twarford/.conda/envs/mace_scf/lib/python3.12/ast.py:407: UserWarning: The TorchScript type system doesn't support instance-level annotations on empty non-base types in `__init__`. Instead, either 1) use a type annotation in the class body, or 2) wrap the type in `torch.jit.Attribute`.
  return visitor(node)
/global/homes/t/twarford/.conda/envs/mace_scf/lib/python3.12/ast.py:407: UserWarning: The TorchScript type system doesn't support instance-level annotations on empty non-base types in `__init__`. Instead, either 1) use a type annotation in the class body, or 2) wrap the type in `torch.jit.Attribute`.
  return visitor(node)
/global/homes/t/twarford/.conda/envs/mace_scf/lib/python3.12/ast.py:407: UserWarning: The TorchScript type system doesn't support instance-level annotations on empty non-base types in `__init__`. Instead, either 1) use a type annotation in the class body, or 2) wrap the type in `torch.jit.Attribute`.
  return visitor(node)
/global/homes/t/twarford/.conda/envs/mace_scf/lib/python3.12/site-packages/torch/jit/_script.py:1488: DeprecationWarning: `torch.jit.script` is deprecated. Please switch to `torch.compile` or `torch.export`.
  warnings.warn(
/global/homes/t/twarford/.conda/envs/mace_scf/lib/python3.12/ast.py:407: UserWarning: The TorchScript type system doesn't support instance-level annotations on empty non-base types in `__init__`. Instead, either 1) use a type annotation in the class body, or 2) wrap the type in `torch.jit.Attribute`.
  return visitor(node)
/global/homes/t/twarford/.conda/envs/mace_scf/lib/python3.12/ast.py:407: UserWarning: The TorchScript type system doesn't support instance-level annotations on empty non-base types in `__init__`. Instead, either 1) use a type annotation in the class body, or 2) wrap the type in `torch.jit.Attribute`.
  return visitor(node)
/global/homes/t/twarford/.conda/envs/mace_scf/lib/python3.12/ast.py:407: UserWarning: The TorchScript type system doesn't support instance-level annotations on empty non-base types in `__init__`. Instead, either 1) use a type annotation in the class body, or 2) wrap the type in `torch.jit.Attribute`.
  return visitor(node)
/global/homes/t/twarford/.conda/envs/mace_scf/lib/python3.12/ast.py:407: UserWarning: The TorchScript type system doesn't support instance-level annotations on empty non-base types in `__init__`. Instead, either 1) use a type annotation in the class body, or 2) wrap the type in `torch.jit.Attribute`.
  return visitor(node)
/global/homes/t/twarford/.conda/envs/mace_scf/lib/python3.12/ast.py:407: UserWarning: The TorchScript type system doesn't support instance-level annotations on empty non-base types in `__init__`. Instead, either 1) use a type annotation in the class body, or 2) wrap the type in `torch.jit.Attribute`.
  return visitor(node)
/global/homes/t/twarford/.conda/envs/mace_scf/lib/python3.12/ast.py:407: UserWarning: The TorchScript type system doesn't support instance-level annotations on empty non-base types in `__init__`. Instead, either 1) use a type annotation in the class body, or 2) wrap the type in `torch.jit.Attribute`.
  return visitor(node)
/global/homes/t/twarford/.conda/envs/mace_scf/lib/python3.12/site-packages/torch/jit/_script.py:1488: DeprecationWarning: `torch.jit.script` is deprecated. Please switch to `torch.compile` or `torch.export`.
  warnings.warn(
/global/homes/t/twarford/.conda/envs/mace_scf/lib/python3.12/ast.py:407: UserWarning: The TorchScript type system doesn't support instance-level annotations on empty non-base types in `__init__`. Instead, either 1) use a type annotation in the class body, or 2) wrap the type in `torch.jit.Attribute`.
  return visitor(node)
/global/homes/t/twarford/.conda/envs/mace_scf/lib/python3.12/ast.py:407: UserWarning: The TorchScript type system doesn't support instance-level annotations on empty non-base types in `__init__`. Instead, either 1) use a type annotation in the class body, or 2) wrap the type in `torch.jit.Attribute`.
  return visitor(node)
/global/homes/t/twarford/.conda/envs/mace_scf/lib/python3.12/site-packages/torch/jit/_script.py:1488: DeprecationWarning: `torch.jit.script` is deprecated. Please switch to `torch.compile` or `torch.export`.
  warnings.warn(
/global/homes/t/twarford/.conda/envs/mace_scf/lib/python3.12/ast.py:407: UserWarning: The TorchScript type system doesn't support instance-level annotations on empty non-base types in `__init__`. Instead, either 1) use a type annotation in the class body, or 2) wrap the type in `torch.jit.Attribute`.
  return visitor(node)
/global/homes/t/twarford/.conda/envs/mace_scf/lib/python3.12/site-packages/torch/jit/_script.py:1488: DeprecationWarning: `torch.jit.script` is deprecated. Please switch to `torch.compile` or `torch.export`.
  warnings.warn(
/global/homes/t/twarford/.conda/envs/mace_scf/lib/python3.12/site-packages/torch/jit/_script.py:1488: DeprecationWarning: `torch.jit.script` is deprecated. Please switch to `torch.compile` or `torch.export`.
  warnings.warn(
/global/homes/t/twarford/.conda/envs/mace_scf/lib/python3.12/site-packages/torch/jit/_script.py:1488: DeprecationWarning: `torch.jit.script` is deprecated. Please switch to `torch.compile` or `torch.export`.
  warnings.warn(
/global/homes/t/twarford/.conda/envs/mace_scf/lib/python3.12/site-packages/torch/jit/_script.py:1488: DeprecationWarning: `torch.jit.script` is deprecated. Please switch to `torch.compile` or `torch.export`.
  warnings.warn(
/global/homes/t/twarford/.conda/envs/mace_scf/lib/python3.12/ast.py:407: UserWarning: The TorchScript type system doesn't support instance-level annotations on empty non-base types in `__init__`. Instead, either 1) use a type annotation in the class body, or 2) wrap the type in `torch.jit.Attribute`.
  return visitor(node)
/global/homes/t/twarford/.conda/envs/mace_scf/lib/python3.12/site-packages/torch/jit/_script.py:1488: DeprecationWarning: `torch.jit.script` is deprecated. Please switch to `torch.compile` or `torch.export`.
  warnings.warn(
/global/homes/t/twarford/.conda/envs/mace_scf/lib/python3.12/ast.py:407: UserWarning: The TorchScript type system doesn't support instance-level annotations on empty non-base types in `__init__`. Instead, either 1) use a type annotation in the class body, or 2) wrap the type in `torch.jit.Attribute`.
  return visitor(node)
/global/homes/t/twarford/.conda/envs/mace_scf/lib/python3.12/ast.py:407: UserWarning: The TorchScript type system doesn't support instance-level annotations on empty non-base types in `__init__`. Instead, either 1) use a type annotation in the class body, or 2) wrap the type in `torch.jit.Attribute`.
  return visitor(node)
/global/homes/t/twarford/.conda/envs/mace_scf/lib/python3.12/ast.py:407: UserWarning: The TorchScript type system doesn't support instance-level annotations on empty non-base types in `__init__`. Instead, either 1) use a type annotation in the class body, or 2) wrap the type in `torch.jit.Attribute`.
  return visitor(node)
/global/homes/t/twarford/.conda/envs/mace_scf/lib/python3.12/ast.py:407: UserWarning: The TorchScript type system doesn't support instance-level annotations on empty non-base types in `__init__`. Instead, either 1) use a type annotation in the class body, or 2) wrap the type in `torch.jit.Attribute`.
  return visitor(node)
/global/homes/t/twarford/.conda/envs/mace_scf/lib/python3.12/ast.py:407: UserWarning: The TorchScript type system doesn't support instance-level annotations on empty non-base types in `__init__`. Instead, either 1) use a type annotation in the class body, or 2) wrap the type in `torch.jit.Attribute`.
  return visitor(node)
/global/homes/t/twarford/.conda/envs/mace_scf/lib/python3.12/ast.py:407: UserWarning: The TorchScript type system doesn't support instance-level annotations on empty non-base types in `__init__`. Instead, either 1) use a type annotation in the class body, or 2) wrap the type in `torch.jit.Attribute`.
  return visitor(node)
/global/homes/t/twarford/.conda/envs/mace_scf/lib/python3.12/ast.py:407: UserWarning: The TorchScript type system doesn't support instance-level annotations on empty non-base types in `__init__`. Instead, either 1) use a type annotation in the class body, or 2) wrap the type in `torch.jit.Attribute`.
  return visitor(node)
/global/homes/t/twarford/.conda/envs/mace_scf/lib/python3.12/site-packages/torch/jit/_script.py:1488: DeprecationWarning: `torch.jit.script` is deprecated. Please switch to `torch.compile` or `torch.export`.
  warnings.warn(
/global/homes/t/twarford/.conda/envs/mace_scf/lib/python3.12/site-packages/torch/jit/_script.py:1488: DeprecationWarning: `torch.jit.script` is deprecated. Please switch to `torch.compile` or `torch.export`.
  warnings.warn(
/global/homes/t/twarford/.conda/envs/mace_scf/lib/python3.12/site-packages/torch/jit/_script.py:1488: DeprecationWarning: `torch.jit.script` is deprecated. Please switch to `torch.compile` or `torch.export`.
  warnings.warn(
/global/homes/t/twarford/.conda/envs/mace_scf/lib/python3.12/site-packages/torch/jit/_script.py:1488: DeprecationWarning: `torch.jit.script` is deprecated. Please switch to `torch.compile` or `torch.export`.
  warnings.warn(
/global/homes/t/twarford/.conda/envs/mace_scf/lib/python3.12/site-packages/torch/jit/_script.py:1488: DeprecationWarning: `torch.jit.script` is deprecated. Please switch to `torch.compile` or `torch.export`.
  warnings.warn(
/global/homes/t/twarford/.conda/envs/mace_scf/lib/python3.12/site-packages/torch/jit/_script.py:1488: DeprecationWarning: `torch.jit.script` is deprecated. Please switch to `torch.compile` or `torch.export`.
  warnings.warn(
/global/homes/t/twarford/.conda/envs/mace_scf/lib/python3.12/ast.py:407: UserWarning: The TorchScript type system doesn't support instance-level annotations on empty non-base types in `__init__`. Instead, either 1) use a type annotation in the class body, or 2) wrap the type in `torch.jit.Attribute`.
  return visitor(node)
/global/homes/t/twarford/.conda/envs/mace_scf/lib/python3.12/ast.py:407: UserWarning: The TorchScript type system doesn't support instance-level annotations on empty non-base types in `__init__`. Instead, either 1) use a type annotation in the class body, or 2) wrap the type in `torch.jit.Attribute`.
  return visitor(node)
/global/homes/t/twarford/.conda/envs/mace_scf/lib/python3.12/site-packages/torch/jit/_script.py:1488: DeprecationWarning: `torch.jit.script` is deprecated. Please switch to `torch.compile` or `torch.export`.
  warnings.warn(
/global/homes/t/twarford/.conda/envs/mace_scf/lib/python3.12/site-packages/torch/jit/_script.py:1488: DeprecationWarning: `torch.jit.script` is deprecated. Please switch to `torch.compile` or `torch.export`.
  warnings.warn(
/global/homes/t/twarford/.conda/envs/mace_scf/lib/python3.12/ast.py:407: UserWarning: The TorchScript type system doesn't support instance-level annotations on empty non-base types in `__init__`. Instead, either 1) use a type annotation in the class body, or 2) wrap the type in `torch.jit.Attribute`.
  return visitor(node)
/global/homes/t/twarford/.conda/envs/mace_scf/lib/python3.12/site-packages/torch/jit/_script.py:1488: DeprecationWarning: `torch.jit.script` is deprecated. Please switch to `torch.compile` or `torch.export`.
  warnings.warn(
/global/homes/t/twarford/.conda/envs/mace_scf/lib/python3.12/ast.py:407: UserWarning: The TorchScript type system doesn't support instance-level annotations on empty non-base types in `__init__`. Instead, either 1) use a type annotation in the class body, or 2) wrap the type in `torch.jit.Attribute`.
  return visitor(node)
/global/homes/t/twarford/.conda/envs/mace_scf/lib/python3.12/ast.py:407: UserWarning: The TorchScript type system doesn't support instance-level annotations on empty non-base types in `__init__`. Instead, either 1) use a type annotation in the class body, or 2) wrap the type in `torch.jit.Attribute`.
  return visitor(node)
/global/homes/t/twarford/.conda/envs/mace_scf/lib/python3.12/ast.py:407: UserWarning: The TorchScript type system doesn't support instance-level annotations on empty non-base types in `__init__`. Instead, either 1) use a type annotation in the class body, or 2) wrap the type in `torch.jit.Attribute`.
  return visitor(node)
/global/homes/t/twarford/.conda/envs/mace_scf/lib/python3.12/site-packages/torch/jit/_script.py:1488: DeprecationWarning: `torch.jit.script` is deprecated. Please switch to `torch.compile` or `torch.export`.
  warnings.warn(
/global/homes/t/twarford/.conda/envs/mace_scf/lib/python3.12/site-packages/torch/jit/_script.py:1488: DeprecationWarning: `torch.jit.script` is deprecated. Please switch to `torch.compile` or `torch.export`.
  warnings.warn(
/global/homes/t/twarford/.conda/envs/mace_scf/lib/python3.12/site-packages/torch/jit/_script.py:1488: DeprecationWarning: `torch.jit.script` is deprecated. Please switch to `torch.compile` or `torch.export`.
  warnings.warn(
/global/homes/t/twarford/.conda/envs/mace_scf/lib/python3.12/site-packages/torch/jit/_script.py:1488: DeprecationWarning: `torch.jit.script` is deprecated. Please switch to `torch.compile` or `torch.export`.
  warnings.warn(
/global/homes/t/twarford/.conda/envs/mace_scf/lib/python3.12/site-packages/torch/jit/_script.py:1488: DeprecationWarning: `torch.jit.script` is deprecated. Please switch to `torch.compile` or `torch.export`.
  warnings.warn(
/global/homes/t/twarford/.conda/envs/mace_scf/lib/python3.12/site-packages/torch/jit/_script.py:1488: DeprecationWarning: `torch.jit.script` is deprecated. Please switch to `torch.compile` or `torch.export`.
  warnings.warn(
/global/homes/t/twarford/.conda/envs/mace_scf/lib/python3.12/site-packages/torch/jit/_script.py:1488: DeprecationWarning: `torch.jit.script` is deprecated. Please switch to `torch.compile` or `torch.export`.
  warnings.warn(
/global/homes/t/twarford/.conda/envs/mace_scf/lib/python3.12/site-packages/torch/jit/_script.py:1488: DeprecationWarning: `torch.jit.script` is deprecated. Please switch to `torch.compile` or `torch.export`.
  warnings.warn(
/global/homes/t/twarford/.conda/envs/mace_scf/lib/python3.12/site-packages/torch/jit/_script.py:1488: DeprecationWarning: `torch.jit.script` is deprecated. Please switch to `torch.compile` or `torch.export`.
  warnings.warn(
/global/homes/t/twarford/.conda/envs/mace_scf/lib/python3.12/site-packages/torch/jit/_script.py:1488: DeprecationWarning: `torch.jit.script` is deprecated. Please switch to `torch.compile` or `torch.export`.
  warnings.warn(
/global/homes/t/twarford/.conda/envs/mace_scf/lib/python3.12/site-packages/torch/jit/_script.py:1488: DeprecationWarning: `torch.jit.script` is deprecated. Please switch to `torch.compile` or `torch.export`.
  warnings.warn(
/global/homes/t/twarford/.conda/envs/mace_scf/lib/python3.12/site-packages/torch/jit/_script.py:1488: DeprecationWarning: `torch.jit.script` is deprecated. Please switch to `torch.compile` or `torch.export`.
  warnings.warn(
/global/homes/t/twarford/.conda/envs/mace_scf/lib/python3.12/ast.py:407: UserWarning: The TorchScript type system doesn't support instance-level annotations on empty non-base types in `__init__`. Instead, either 1) use a type annotation in the class body, or 2) wrap the type in `torch.jit.Attribute`.
  return visitor(node)
/global/homes/t/twarford/.conda/envs/mace_scf/lib/python3.12/ast.py:407: UserWarning: The TorchScript type system doesn't support instance-level annotations on empty non-base types in `__init__`. Instead, either 1) use a type annotation in the class body, or 2) wrap the type in `torch.jit.Attribute`.
  return visitor(node)
/global/homes/t/twarford/.conda/envs/mace_scf/lib/python3.12/ast.py:407: UserWarning: The TorchScript type system doesn't support instance-level annotations on empty non-base types in `__init__`. Instead, either 1) use a type annotation in the class body, or 2) wrap the type in `torch.jit.Attribute`.
  return visitor(node)
/global/homes/t/twarford/.conda/envs/mace_scf/lib/python3.12/site-packages/torch/jit/_script.py:1488: DeprecationWarning: `torch.jit.script` is deprecated. Please switch to `torch.compile` or `torch.export`.
  warnings.warn(
/global/homes/t/twarford/.conda/envs/mace_scf/lib/python3.12/ast.py:407: UserWarning: The TorchScript type system doesn't support instance-level annotations on empty non-base types in `__init__`. Instead, either 1) use a type annotation in the class body, or 2) wrap the type in `torch.jit.Attribute`.
  return visitor(node)
/global/homes/t/twarford/.conda/envs/mace_scf/lib/python3.12/ast.py:407: UserWarning: The TorchScript type system doesn't support instance-level annotations on empty non-base types in `__init__`. Instead, either 1) use a type annotation in the class body, or 2) wrap the type in `torch.jit.Attribute`.
  return visitor(node)
/global/homes/t/twarford/.conda/envs/mace_scf/lib/python3.12/ast.py:407: UserWarning: The TorchScript type system doesn't support instance-level annotations on empty non-base types in `__init__`. Instead, either 1) use a type annotation in the class body, or 2) wrap the type in `torch.jit.Attribute`.
  return visitor(node)
/global/homes/t/twarford/.conda/envs/mace_scf/lib/python3.12/ast.py:407: UserWarning: The TorchScript type system doesn't support instance-level annotations on empty non-base types in `__init__`. Instead, either 1) use a type annotation in the class body, or 2) wrap the type in `torch.jit.Attribute`.
  return visitor(node)
/global/homes/t/twarford/.conda/envs/mace_scf/lib/python3.12/ast.py:407: UserWarning: The TorchScript type system doesn't support instance-level annotations on empty non-base types in `__init__`. Instead, either 1) use a type annotation in the class body, or 2) wrap the type in `torch.jit.Attribute`.
  return visitor(node)
/global/homes/t/twarford/.conda/envs/mace_scf/lib/python3.12/ast.py:407: UserWarning: The TorchScript type system doesn't support instance-level annotations on empty non-base types in `__init__`. Instead, either 1) use a type annotation in the class body, or 2) wrap the type in `torch.jit.Attribute`.
  return visitor(node)
/global/homes/t/twarford/.conda/envs/mace_scf/lib/python3.12/ast.py:407: UserWarning: The TorchScript type system doesn't support instance-level annotations on empty non-base types in `__init__`. Instead, either 1) use a type annotation in the class body, or 2) wrap the type in `torch.jit.Attribute`.
  return visitor(node)
/global/homes/t/twarford/.conda/envs/mace_scf/lib/python3.12/site-packages/torch/jit/_script.py:1488: DeprecationWarning: `torch.jit.script` is deprecated. Please switch to `torch.compile` or `torch.export`.
  warnings.warn(
/global/homes/t/twarford/.conda/envs/mace_scf/lib/python3.12/site-packages/torch/jit/_script.py:1488: DeprecationWarning: `torch.jit.script` is deprecated. Please switch to `torch.compile` or `torch.export`.
  warnings.warn(
/global/homes/t/twarford/.conda/envs/mace_scf/lib/python3.12/site-packages/torch/jit/_script.py:1488: DeprecationWarning: `torch.jit.script` is deprecated. Please switch to `torch.compile` or `torch.export`.
  warnings.warn(
/global/homes/t/twarford/.conda/envs/mace_scf/lib/python3.12/ast.py:407: UserWarning: The TorchScript type system doesn't support instance-level annotations on empty non-base types in `__init__`. Instead, either 1) use a type annotation in the class body, or 2) wrap the type in `torch.jit.Attribute`.
  return visitor(node)
/global/homes/t/twarford/.conda/envs/mace_scf/lib/python3.12/site-packages/torch/jit/_script.py:1488: DeprecationWarning: `torch.jit.script` is deprecated. Please switch to `torch.compile` or `torch.export`.
  warnings.warn(
/global/homes/t/twarford/.conda/envs/mace_scf/lib/python3.12/ast.py:407: UserWarning: The TorchScript type system doesn't support instance-level annotations on empty non-base types in `__init__`. Instead, either 1) use a type annotation in the class body, or 2) wrap the type in `torch.jit.Attribute`.
  return visitor(node)
/global/homes/t/twarford/.conda/envs/mace_scf/lib/python3.12/ast.py:407: UserWarning: The TorchScript type system doesn't support instance-level annotations on empty non-base types in `__init__`. Instead, either 1) use a type annotation in the class body, or 2) wrap the type in `torch.jit.Attribute`.
  return visitor(node)
/global/homes/t/twarford/.conda/envs/mace_scf/lib/python3.12/ast.py:407: UserWarning: The TorchScript type system doesn't support instance-level annotations on empty non-base types in `__init__`. Instead, either 1) use a type annotation in the class body, or 2) wrap the type in `torch.jit.Attribute`.
  return visitor(node)
/global/homes/t/twarford/.conda/envs/mace_scf/lib/python3.12/ast.py:407: UserWarning: The TorchScript type system doesn't support instance-level annotations on empty non-base types in `__init__`. Instead, either 1) use a type annotation in the class body, or 2) wrap the type in `torch.jit.Attribute`.
  return visitor(node)
/global/homes/t/twarford/.conda/envs/mace_scf/lib/python3.12/site-packages/torch/jit/_script.py:1488: DeprecationWarning: `torch.jit.script` is deprecated. Please switch to `torch.compile` or `torch.export`.
  warnings.warn(
/global/homes/t/twarford/.conda/envs/mace_scf/lib/python3.12/site-packages/torch/jit/_script.py:1488: DeprecationWarning: `torch.jit.script` is deprecated. Please switch to `torch.compile` or `torch.export`.
  warnings.warn(
/global/homes/t/twarford/.conda/envs/mace_scf/lib/python3.12/ast.py:407: UserWarning: The TorchScript type system doesn't support instance-level annotations on empty non-base types in `__init__`. Instead, either 1) use a type annotation in the class body, or 2) wrap the type in `torch.jit.Attribute`.
  return visitor(node)
/global/homes/t/twarford/.conda/envs/mace_scf/lib/python3.12/ast.py:407: UserWarning: The TorchScript type system doesn't support instance-level annotations on empty non-base types in `__init__`. Instead, either 1) use a type annotation in the class body, or 2) wrap the type in `torch.jit.Attribute`.
  return visitor(node)
/global/homes/t/twarford/.conda/envs/mace_scf/lib/python3.12/ast.py:407: UserWarning: The TorchScript type system doesn't support instance-level annotations on empty non-base types in `__init__`. Instead, either 1) use a type annotation in the class body, or 2) wrap the type in `torch.jit.Attribute`.
  return visitor(node)
/global/homes/t/twarford/.conda/envs/mace_scf/lib/python3.12/ast.py:407: UserWarning: The TorchScript type system doesn't support instance-level annotations on empty non-base types in `__init__`. Instead, either 1) use a type annotation in the class body, or 2) wrap the type in `torch.jit.Attribute`.
  return visitor(node)
/global/homes/t/twarford/.conda/envs/mace_scf/lib/python3.12/ast.py:407: UserWarning: The TorchScript type system doesn't support instance-level annotations on empty non-base types in `__init__`. Instead, either 1) use a type annotation in the class body, or 2) wrap the type in `torch.jit.Attribute`.
  return visitor(node)
/global/homes/t/twarford/.conda/envs/mace_scf/lib/python3.12/site-packages/torch/jit/_script.py:1488: DeprecationWarning: `torch.jit.script` is deprecated. Please switch to `torch.compile` or `torch.export`.
  warnings.warn(
/global/homes/t/twarford/.conda/envs/mace_scf/lib/python3.12/site-packages/torch/jit/_script.py:1488: DeprecationWarning: `torch.jit.script` is deprecated. Please switch to `torch.compile` or `torch.export`.
  warnings.warn(
/global/homes/t/twarford/.conda/envs/mace_scf/lib/python3.12/ast.py:407: UserWarning: The TorchScript type system doesn't support instance-level annotations on empty non-base types in `__init__`. Instead, either 1) use a type annotation in the class body, or 2) wrap the type in `torch.jit.Attribute`.
  return visitor(node)
/global/homes/t/twarford/.conda/envs/mace_scf/lib/python3.12/ast.py:407: UserWarning: The TorchScript type system doesn't support instance-level annotations on empty non-base types in `__init__`. Instead, either 1) use a type annotation in the class body, or 2) wrap the type in `torch.jit.Attribute`.
  return visitor(node)
/global/homes/t/twarford/.conda/envs/mace_scf/lib/python3.12/site-packages/torch/jit/_script.py:1488: DeprecationWarning: `torch.jit.script` is deprecated. Please switch to `torch.compile` or `torch.export`.
  warnings.warn(
/global/homes/t/twarford/.conda/envs/mace_scf/lib/python3.12/site-packages/torch/jit/_script.py:1488: DeprecationWarning: `torch.jit.script` is deprecated. Please switch to `torch.compile` or `torch.export`.
  warnings.warn(
/global/homes/t/twarford/.conda/envs/mace_scf/lib/python3.12/site-packages/torch/jit/_script.py:1488: DeprecationWarning: `torch.jit.script` is deprecated. Please switch to `torch.compile` or `torch.export`.
  warnings.warn(
/global/homes/t/twarford/.conda/envs/mace_scf/lib/python3.12/ast.py:407: UserWarning: The TorchScript type system doesn't support instance-level annotations on empty non-base types in `__init__`. Instead, either 1) use a type annotation in the class body, or 2) wrap the type in `torch.jit.Attribute`.
  return visitor(node)
/global/homes/t/twarford/.conda/envs/mace_scf/lib/python3.12/site-packages/torch/jit/_script.py:1488: DeprecationWarning: `torch.jit.script` is deprecated. Please switch to `torch.compile` or `torch.export`.
  warnings.warn(
/global/homes/t/twarford/.conda/envs/mace_scf/lib/python3.12/site-packages/torch/jit/_script.py:1488: DeprecationWarning: `torch.jit.script` is deprecated. Please switch to `torch.compile` or `torch.export`.
  warnings.warn(
/global/homes/t/twarford/.conda/envs/mace_scf/lib/python3.12/ast.py:407: UserWarning: The TorchScript type system doesn't support instance-level annotations on empty non-base types in `__init__`. Instead, either 1) use a type annotation in the class body, or 2) wrap the type in `torch.jit.Attribute`.
  return visitor(node)
/global/homes/t/twarford/.conda/envs/mace_scf/lib/python3.12/ast.py:407: UserWarning: The TorchScript type system doesn't support instance-level annotations on empty non-base types in `__init__`. Instead, either 1) use a type annotation in the class body, or 2) wrap the type in `torch.jit.Attribute`.
  return visitor(node)
/global/homes/t/twarford/.conda/envs/mace_scf/lib/python3.12/ast.py:407: UserWarning: The TorchScript type system doesn't support instance-level annotations on empty non-base types in `__init__`. Instead, either 1) use a type annotation in the class body, or 2) wrap the type in `torch.jit.Attribute`.
  return visitor(node)
/global/homes/t/twarford/.conda/envs/mace_scf/lib/python3.12/ast.py:407: UserWarning: The TorchScript type system doesn't support instance-level annotations on empty non-base types in `__init__`. Instead, either 1) use a type annotation in the class body, or 2) wrap the type in `torch.jit.Attribute`.
  return visitor(node)
/global/homes/t/twarford/.conda/envs/mace_scf/lib/python3.12/ast.py:407: UserWarning: The TorchScript type system doesn't support instance-level annotations on empty non-base types in `__init__`. Instead, either 1) use a type annotation in the class body, or 2) wrap the type in `torch.jit.Attribute`.
  return visitor(node)
/global/homes/t/twarford/.conda/envs/mace_scf/lib/python3.12/ast.py:407: UserWarning: The TorchScript type system doesn't support instance-level annotations on empty non-base types in `__init__`. Instead, either 1) use a type annotation in the class body, or 2) wrap the type in `torch.jit.Attribute`.
  return visitor(node)
/global/homes/t/twarford/.conda/envs/mace_scf/lib/python3.12/site-packages/torch/jit/_script.py:1488: DeprecationWarning: `torch.jit.script` is deprecated. Please switch to `torch.compile` or `torch.export`.
  warnings.warn(
/global/homes/t/twarford/.conda/envs/mace_scf/lib/python3.12/site-packages/torch/jit/_script.py:1488: DeprecationWarning: `torch.jit.script` is deprecated. Please switch to `torch.compile` or `torch.export`.
  warnings.warn(
/global/homes/t/twarford/.conda/envs/mace_scf/lib/python3.12/ast.py:407: UserWarning: The TorchScript type system doesn't support instance-level annotations on empty non-base types in `__init__`. Instead, either 1) use a type annotation in the class body, or 2) wrap the type in `torch.jit.Attribute`.
  return visitor(node)
/global/homes/t/twarford/.conda/envs/mace_scf/lib/python3.12/ast.py:407: UserWarning: The TorchScript type system doesn't support instance-level annotations on empty non-base types in `__init__`. Instead, either 1) use a type annotation in the class body, or 2) wrap the type in `torch.jit.Attribute`.
  return visitor(node)
/global/homes/t/twarford/.conda/envs/mace_scf/lib/python3.12/site-packages/torch/jit/_script.py:1488: DeprecationWarning: `torch.jit.script` is deprecated. Please switch to `torch.compile` or `torch.export`.
  warnings.warn(
/global/homes/t/twarford/.conda/envs/mace_scf/lib/python3.12/site-packages/torch/jit/_script.py:1488: DeprecationWarning: `torch.jit.script` is deprecated. Please switch to `torch.compile` or `torch.export`.
  warnings.warn(
/global/homes/t/twarford/.conda/envs/mace_scf/lib/python3.12/site-packages/torch/jit/_script.py:1488: DeprecationWarning: `torch.jit.script` is deprecated. Please switch to `torch.compile` or `torch.export`.
  warnings.warn(
/global/homes/t/twarford/.conda/envs/mace_scf/lib/python3.12/site-packages/torch/jit/_script.py:1488: DeprecationWarning: `torch.jit.script` is deprecated. Please switch to `torch.compile` or `torch.export`.
  warnings.warn(
/global/homes/t/twarford/.conda/envs/mace_scf/lib/python3.12/ast.py:407: UserWarning: The TorchScript type system doesn't support instance-level annotations on empty non-base types in `__init__`. Instead, either 1) use a type annotation in the class body, or 2) wrap the type in `torch.jit.Attribute`.
  return visitor(node)
/global/homes/t/twarford/.conda/envs/mace_scf/lib/python3.12/ast.py:407: UserWarning: The TorchScript type system doesn't support instance-level annotations on empty non-base types in `__init__`. Instead, either 1) use a type annotation in the class body, or 2) wrap the type in `torch.jit.Attribute`.
  return visitor(node)
/global/homes/t/twarford/.conda/envs/mace_scf/lib/python3.12/ast.py:407: UserWarning: The TorchScript type system doesn't support instance-level annotations on empty non-base types in `__init__`. Instead, either 1) use a type annotation in the class body, or 2) wrap the type in `torch.jit.Attribute`.
  return visitor(node)
/global/homes/t/twarford/.conda/envs/mace_scf/lib/python3.12/ast.py:407: UserWarning: The TorchScript type system doesn't support instance-level annotations on empty non-base types in `__init__`. Instead, either 1) use a type annotation in the class body, or 2) wrap the type in `torch.jit.Attribute`.
  return visitor(node)
/global/homes/t/twarford/.conda/envs/mace_scf/lib/python3.12/site-packages/torch/jit/_script.py:1488: DeprecationWarning: `torch.jit.script` is deprecated. Please switch to `torch.compile` or `torch.export`.
  warnings.warn(
/global/homes/t/twarford/.conda/envs/mace_scf/lib/python3.12/site-packages/torch/jit/_script.py:1488: DeprecationWarning: `torch.jit.script` is deprecated. Please switch to `torch.compile` or `torch.export`.
  warnings.warn(
/global/homes/t/twarford/.conda/envs/mace_scf/lib/python3.12/site-packages/torch/jit/_script.py:1488: DeprecationWarning: `torch.jit.script` is deprecated. Please switch to `torch.compile` or `torch.export`.
  warnings.warn(
/global/homes/t/twarford/.conda/envs/mace_scf/lib/python3.12/site-packages/torch/jit/_script.py:1488: DeprecationWarning: `torch.jit.script` is deprecated. Please switch to `torch.compile` or `torch.export`.
  warnings.warn(
/global/homes/t/twarford/.conda/envs/mace_scf/lib/python3.12/ast.py:407: UserWarning: The TorchScript type system doesn't support instance-level annotations on empty non-base types in `__init__`. Instead, either 1) use a type annotation in the class body, or 2) wrap the type in `torch.jit.Attribute`.
  return visitor(node)
/global/homes/t/twarford/.conda/envs/mace_scf/lib/python3.12/ast.py:407: UserWarning: The TorchScript type system doesn't support instance-level annotations on empty non-base types in `__init__`. Instead, either 1) use a type annotation in the class body, or 2) wrap the type in `torch.jit.Attribute`.
  return visitor(node)
/global/homes/t/twarford/.conda/envs/mace_scf/lib/python3.12/ast.py:407: UserWarning: The TorchScript type system doesn't support instance-level annotations on empty non-base types in `__init__`. Instead, either 1) use a type annotation in the class body, or 2) wrap the type in `torch.jit.Attribute`.
  return visitor(node)
/global/homes/t/twarford/.conda/envs/mace_scf/lib/python3.12/ast.py:407: UserWarning: The TorchScript type system doesn't support instance-level annotations on empty non-base types in `__init__`. Instead, either 1) use a type annotation in the class body, or 2) wrap the type in `torch.jit.Attribute`.
  return visitor(node)
/global/homes/t/twarford/.conda/envs/mace_scf/lib/python3.12/site-packages/torch/jit/_script.py:1488: DeprecationWarning: `torch.jit.script` is deprecated. Please switch to `torch.compile` or `torch.export`.
  warnings.warn(
/global/homes/t/twarford/.conda/envs/mace_scf/lib/python3.12/site-packages/torch/jit/_script.py:1488: DeprecationWarning: `torch.jit.script` is deprecated. Please switch to `torch.compile` or `torch.export`.
  warnings.warn(
/global/homes/t/twarford/.conda/envs/mace_scf/lib/python3.12/site-packages/torch/jit/_script.py:1488: DeprecationWarning: `torch.jit.script` is deprecated. Please switch to `torch.compile` or `torch.export`.
  warnings.warn(
/global/homes/t/twarford/.conda/envs/mace_scf/lib/python3.12/site-packages/torch/jit/_script.py:1488: DeprecationWarning: `torch.jit.script` is deprecated. Please switch to `torch.compile` or `torch.export`.
  warnings.warn(
/global/homes/t/twarford/.conda/envs/mace_scf/lib/python3.12/ast.py:407: UserWarning: The TorchScript type system doesn't support instance-level annotations on empty non-base types in `__init__`. Instead, either 1) use a type annotation in the class body, or 2) wrap the type in `torch.jit.Attribute`.
  return visitor(node)
/global/homes/t/twarford/.conda/envs/mace_scf/lib/python3.12/ast.py:407: UserWarning: The TorchScript type system doesn't support instance-level annotations on empty non-base types in `__init__`. Instead, either 1) use a type annotation in the class body, or 2) wrap the type in `torch.jit.Attribute`.
  return visitor(node)
/global/homes/t/twarford/.conda/envs/mace_scf/lib/python3.12/ast.py:407: UserWarning: The TorchScript type system doesn't support instance-level annotations on empty non-base types in `__init__`. Instead, either 1) use a type annotation in the class body, or 2) wrap the type in `torch.jit.Attribute`.
  return visitor(node)
/global/homes/t/twarford/.conda/envs/mace_scf/lib/python3.12/ast.py:407: UserWarning: The TorchScript type system doesn't support instance-level annotations on empty non-base types in `__init__`. Instead, either 1) use a type annotation in the class body, or 2) wrap the type in `torch.jit.Attribute`.
  return visitor(node)
/global/homes/t/twarford/.conda/envs/mace_scf/lib/python3.12/site-packages/torch/jit/_script.py:1488: DeprecationWarning: `torch.jit.script` is deprecated. Please switch to `torch.compile` or `torch.export`.
  warnings.warn(
/global/homes/t/twarford/.conda/envs/mace_scf/lib/python3.12/site-packages/torch/jit/_script.py:1488: DeprecationWarning: `torch.jit.script` is deprecated. Please switch to `torch.compile` or `torch.export`.
  warnings.warn(
/global/homes/t/twarford/.conda/envs/mace_scf/lib/python3.12/ast.py:407: UserWarning: The TorchScript type system doesn't support instance-level annotations on empty non-base types in `__init__`. Instead, either 1) use a type annotation in the class body, or 2) wrap the type in `torch.jit.Attribute`.
  return visitor(node)
/global/homes/t/twarford/.conda/envs/mace_scf/lib/python3.12/ast.py:407: UserWarning: The TorchScript type system doesn't support instance-level annotations on empty non-base types in `__init__`. Instead, either 1) use a type annotation in the class body, or 2) wrap the type in `torch.jit.Attribute`.
  return visitor(node)
/global/homes/t/twarford/.conda/envs/mace_scf/lib/python3.12/site-packages/torch/jit/_script.py:1488: DeprecationWarning: `torch.jit.script` is deprecated. Please switch to `torch.compile` or `torch.export`.
  warnings.warn(
/global/homes/t/twarford/.conda/envs/mace_scf/lib/python3.12/ast.py:407: UserWarning: The TorchScript type system doesn't support instance-level annotations on empty non-base types in `__init__`. Instead, either 1) use a type annotation in the class body, or 2) wrap the type in `torch.jit.Attribute`.
  return visitor(node)
/global/homes/t/twarford/.conda/envs/mace_scf/lib/python3.12/site-packages/torch/jit/_script.py:1488: DeprecationWarning: `torch.jit.script` is deprecated. Please switch to `torch.compile` or `torch.export`.
  warnings.warn(
/global/homes/t/twarford/.conda/envs/mace_scf/lib/python3.12/ast.py:407: UserWarning: The TorchScript type system doesn't support instance-level annotations on empty non-base types in `__init__`. Instead, either 1) use a type annotation in the class body, or 2) wrap the type in `torch.jit.Attribute`.
  return visitor(node)
/global/homes/t/twarford/.conda/envs/mace_scf/lib/python3.12/site-packages/torch/jit/_script.py:1488: DeprecationWarning: `torch.jit.script` is deprecated. Please switch to `torch.compile` or `torch.export`.
  warnings.warn(
/global/homes/t/twarford/.conda/envs/mace_scf/lib/python3.12/ast.py:407: UserWarning: The TorchScript type system doesn't support instance-level annotations on empty non-base types in `__init__`. Instead, either 1) use a type annotation in the class body, or 2) wrap the type in `torch.jit.Attribute`.
  return visitor(node)
/global/homes/t/twarford/.conda/envs/mace_scf/lib/python3.12/site-packages/torch/jit/_script.py:1488: DeprecationWarning: `torch.jit.script` is deprecated. Please switch to `torch.compile` or `torch.export`.
  warnings.warn(
/global/homes/t/twarford/.conda/envs/mace_scf/lib/python3.12/ast.py:407: UserWarning: The TorchScript type system doesn't support instance-level annotations on empty non-base types in `__init__`. Instead, either 1) use a type annotation in the class body, or 2) wrap the type in `torch.jit.Attribute`.
  return visitor(node)
/global/homes/t/twarford/.conda/envs/mace_scf/lib/python3.12/site-packages/wandb/analytics/sentry.py:269: DeprecationWarning: Read the `app_url` setting from the appropriate Settings object.
  app_url = wandb.util.app_url(tags["base_url"])  # type: ignore[index]
wandb: WARNING `resume` will be ignored since W&B syncing is set to `offline`. Starting a new run with run id matpes_vanilla_0b3_debug.
/global/homes/t/twarford/.conda/envs/mace_scf/lib/python3.12/site-packages/wandb/analytics/sentry.py:269: DeprecationWarning: Read the `app_url` setting from the appropriate Settings object.
  app_url = wandb.util.app_url(tags["base_url"])  # type: ignore[index]
wandb: Tracking run with wandb version 0.28.0
wandb: W&B syncing is set to `offline` in this directory. Run `wandb online` or set WANDB_MODE=online to enable cloud syncing.
wandb: Run data is saved locally in /global/u1/t/twarford/dev/mace-scf/fit_matpes_vanilla_0b3/wandb/wandb/offline-run-20260918_174033-matpes_vanilla_0b3_debug
wandb: View this run in the terminal with `wandb leet`
/global/homes/t/twarford/.conda/envs/mace_scf/lib/python3.12/multiprocessing/popen_fork.py:66: DeprecationWarning: This process (pid=1026364) is multi-threaded, use of fork() may lead to deadlocks in the child.
  self.pid = os.fork()
/global/homes/t/twarford/.conda/envs/mace_scf/lib/python3.12/multiprocessing/popen_fork.py:66: DeprecationWarning: This process (pid=1026362) is multi-threaded, use of fork() may lead to deadlocks in the child.
  self.pid = os.fork()
/global/homes/t/twarford/.conda/envs/mace_scf/lib/python3.12/multiprocessing/popen_fork.py:66: DeprecationWarning: This process (pid=1026359) is multi-threaded, use of fork() may lead to deadlocks in the child.
  self.pid = os.fork()
/global/homes/t/twarford/.conda/envs/mace_scf/lib/python3.12/multiprocessing/popen_fork.py:66: DeprecationWarning: This process (pid=1026363) is multi-threaded, use of fork() may lead to deadlocks in the child.
  self.pid = os.fork()
/global/homes/t/twarford/.conda/envs/mace_scf/lib/python3.12/multiprocessing/popen_fork.py:66: DeprecationWarning: This process (pid=976545) is multi-threaded, use of fork() may lead to deadlocks in the child.
  self.pid = os.fork()
/global/homes/t/twarford/.conda/envs/mace_scf/lib/python3.12/multiprocessing/popen_fork.py:66: DeprecationWarning: This process (pid=976543) is multi-threaded, use of fork() may lead to deadlocks in the child.
  self.pid = os.fork()
/global/homes/t/twarford/.conda/envs/mace_scf/lib/python3.12/multiprocessing/popen_fork.py:66: DeprecationWarning: This process (pid=978368) is multi-threaded, use of fork() may lead to deadlocks in the child.
  self.pid = os.fork()
/global/homes/t/twarford/.conda/envs/mace_scf/lib/python3.12/multiprocessing/popen_fork.py:66: DeprecationWarning: This process (pid=1046521) is multi-threaded, use of fork() may lead to deadlocks in the child.
  self.pid = os.fork()
/global/homes/t/twarford/.conda/envs/mace_scf/lib/python3.12/multiprocessing/popen_fork.py:66: DeprecationWarning: This process (pid=978370) is multi-threaded, use of fork() may lead to deadlocks in the child.
  self.pid = os.fork()
/global/homes/t/twarford/.conda/envs/mace_scf/lib/python3.12/multiprocessing/popen_fork.py:66: DeprecationWarning: This process (pid=1046522) is multi-threaded, use of fork() may lead to deadlocks in the child.
  self.pid = os.fork()
/global/homes/t/twarford/.conda/envs/mace_scf/lib/python3.12/multiprocessing/popen_fork.py:66: DeprecationWarning: This process (pid=1141631) is multi-threaded, use of fork() may lead to deadlocks in the child.
  self.pid = os.fork()
/global/homes/t/twarford/.conda/envs/mace_scf/lib/python3.12/multiprocessing/popen_fork.py:66: DeprecationWarning: This process (pid=978369) is multi-threaded, use of fork() may lead to deadlocks in the child.
  self.pid = os.fork()
/global/homes/t/twarford/.conda/envs/mace_scf/lib/python3.12/multiprocessing/popen_fork.py:66: DeprecationWarning: This process (pid=1046523) is multi-threaded, use of fork() may lead to deadlocks in the child.
  self.pid = os.fork()
/global/homes/t/twarford/.conda/envs/mace_scf/lib/python3.12/multiprocessing/popen_fork.py:66: DeprecationWarning: This process (pid=976542) is multi-threaded, use of fork() may lead to deadlocks in the child.
  self.pid = os.fork()
/global/homes/t/twarford/.conda/envs/mace_scf/lib/python3.12/multiprocessing/popen_fork.py:66: DeprecationWarning: This process (pid=1141629) is multi-threaded, use of fork() may lead to deadlocks in the child.
  self.pid = os.fork()
/global/homes/t/twarford/.conda/envs/mace_scf/lib/python3.12/multiprocessing/popen_fork.py:66: DeprecationWarning: This process (pid=978367) is multi-threaded, use of fork() may lead to deadlocks in the child.
  self.pid = os.fork()
/global/homes/t/twarford/.conda/envs/mace_scf/lib/python3.12/multiprocessing/popen_fork.py:66: DeprecationWarning: This process (pid=1046524) is multi-threaded, use of fork() may lead to deadlocks in the child.
  self.pid = os.fork()
/global/homes/t/twarford/.conda/envs/mace_scf/lib/python3.12/multiprocessing/popen_fork.py:66: DeprecationWarning: This process (pid=976544) is multi-threaded, use of fork() may lead to deadlocks in the child.
  self.pid = os.fork()
/global/homes/t/twarford/.conda/envs/mace_scf/lib/python3.12/multiprocessing/popen_fork.py:66: DeprecationWarning: This process (pid=1141632) is multi-threaded, use of fork() may lead to deadlocks in the child.
  self.pid = os.fork()
/global/homes/t/twarford/.conda/envs/mace_scf/lib/python3.12/multiprocessing/popen_fork.py:66: DeprecationWarning: This process (pid=1280555) is multi-threaded, use of fork() may lead to deadlocks in the child.
  self.pid = os.fork()
/global/homes/t/twarford/.conda/envs/mace_scf/lib/python3.12/multiprocessing/popen_fork.py:66: DeprecationWarning: This process (pid=978402) is multi-threaded, use of fork() may lead to deadlocks in the child.
  self.pid = os.fork()
/global/homes/t/twarford/.conda/envs/mace_scf/lib/python3.12/multiprocessing/popen_fork.py:66: DeprecationWarning: This process (pid=1141630) is multi-threaded, use of fork() may lead to deadlocks in the child.
  self.pid = os.fork()
/global/homes/t/twarford/.conda/envs/mace_scf/lib/python3.12/multiprocessing/popen_fork.py:66: DeprecationWarning: This process (pid=978400) is multi-threaded, use of fork() may lead to deadlocks in the child.
  self.pid = os.fork()
/global/homes/t/twarford/.conda/envs/mace_scf/lib/python3.12/multiprocessing/popen_fork.py:66: DeprecationWarning: This process (pid=978401) is multi-threaded, use of fork() may lead to deadlocks in the child.
  self.pid = os.fork()
/global/homes/t/twarford/.conda/envs/mace_scf/lib/python3.12/multiprocessing/popen_fork.py:66: DeprecationWarning: This process (pid=1280554) is multi-threaded, use of fork() may lead to deadlocks in the child.
  self.pid = os.fork()
/global/homes/t/twarford/.conda/envs/mace_scf/lib/python3.12/multiprocessing/popen_fork.py:66: DeprecationWarning: This process (pid=978399) is multi-threaded, use of fork() may lead to deadlocks in the child.
  self.pid = os.fork()
/global/homes/t/twarford/.conda/envs/mace_scf/lib/python3.12/multiprocessing/popen_fork.py:66: DeprecationWarning: This process (pid=1280538) is multi-threaded, use of fork() may lead to deadlocks in the child.
  self.pid = os.fork()
/global/homes/t/twarford/.conda/envs/mace_scf/lib/python3.12/multiprocessing/popen_fork.py:66: DeprecationWarning: This process (pid=1200530) is multi-threaded, use of fork() may lead to deadlocks in the child.
  self.pid = os.fork()
/global/homes/t/twarford/.conda/envs/mace_scf/lib/python3.12/multiprocessing/popen_fork.py:66: DeprecationWarning: This process (pid=1280539) is multi-threaded, use of fork() may lead to deadlocks in the child.
  self.pid = os.fork()
/global/homes/t/twarford/.conda/envs/mace_scf/lib/python3.12/multiprocessing/popen_fork.py:66: DeprecationWarning: This process (pid=1200528) is multi-threaded, use of fork() may lead to deadlocks in the child.
  self.pid = os.fork()
/global/homes/t/twarford/.conda/envs/mace_scf/lib/python3.12/multiprocessing/popen_fork.py:66: DeprecationWarning: This process (pid=1200529) is multi-threaded, use of fork() may lead to deadlocks in the child.
  self.pid = os.fork()
/global/homes/t/twarford/.conda/envs/mace_scf/lib/python3.12/multiprocessing/popen_fork.py:66: DeprecationWarning: This process (pid=1200531) is multi-threaded, use of fork() may lead to deadlocks in the child.
  self.pid = os.fork()
/global/homes/t/twarford/.conda/envs/mace_scf/lib/python3.12/site-packages/torch/distributed/c10d_logger.py:83: UserWarning: barrier(): using the device under current context. You can specify `device_id` in `init_process_group` to mute this warning.
  return func(*args, **kwargs)
/global/homes/t/twarford/.conda/envs/mace_scf/lib/python3.12/multiprocessing/popen_fork.py:66: DeprecationWarning: This process (pid=1026362) is multi-threaded, use of fork() may lead to deadlocks in the child.
  self.pid = os.fork()
/global/homes/t/twarford/.conda/envs/mace_scf/lib/python3.12/multiprocessing/popen_fork.py:66: DeprecationWarning: This process (pid=1026364) is multi-threaded, use of fork() may lead to deadlocks in the child.
  self.pid = os.fork()
/global/homes/t/twarford/.conda/envs/mace_scf/lib/python3.12/multiprocessing/popen_fork.py:66: DeprecationWarning: This process (pid=1026359) is multi-threaded, use of fork() may lead to deadlocks in the child.
  self.pid = os.fork()
/global/homes/t/twarford/.conda/envs/mace_scf/lib/python3.12/multiprocessing/popen_fork.py:66: DeprecationWarning: This process (pid=978367) is multi-threaded, use of fork() may lead to deadlocks in the child.
  self.pid = os.fork()
/global/homes/t/twarford/.conda/envs/mace_scf/lib/python3.12/multiprocessing/popen_fork.py:66: DeprecationWarning: This process (pid=978368) is multi-threaded, use of fork() may lead to deadlocks in the child.
  self.pid = os.fork()
/global/homes/t/twarford/.conda/envs/mace_scf/lib/python3.12/multiprocessing/popen_fork.py:66: DeprecationWarning: This process (pid=1026363) is multi-threaded, use of fork() may lead to deadlocks in the child.
  self.pid = os.fork()
/global/homes/t/twarford/.conda/envs/mace_scf/lib/python3.12/multiprocessing/popen_fork.py:66: DeprecationWarning: This process (pid=978369) is multi-threaded, use of fork() may lead to deadlocks in the child.
  self.pid = os.fork()
/global/homes/t/twarford/.conda/envs/mace_scf/lib/python3.12/multiprocessing/popen_fork.py:66: DeprecationWarning: This process (pid=1046522) is multi-threaded, use of fork() may lead to deadlocks in the child.
  self.pid = os.fork()
/global/homes/t/twarford/.conda/envs/mace_scf/lib/python3.12/multiprocessing/popen_fork.py:66: DeprecationWarning: This process (pid=978370) is multi-threaded, use of fork() may lead to deadlocks in the child.
  self.pid = os.fork()
/global/homes/t/twarford/.conda/envs/mace_scf/lib/python3.12/multiprocessing/popen_fork.py:66: DeprecationWarning: This process (pid=1046521) is multi-threaded, use of fork() may lead to deadlocks in the child.
  self.pid = os.fork()
/global/homes/t/twarford/.conda/envs/mace_scf/lib/python3.12/multiprocessing/popen_fork.py:66: DeprecationWarning: This process (pid=976545) is multi-threaded, use of fork() may lead to deadlocks in the child.
  self.pid = os.fork()
/global/homes/t/twarford/.conda/envs/mace_scf/lib/python3.12/multiprocessing/popen_fork.py:66: DeprecationWarning: This process (pid=976542) is multi-threaded, use of fork() may lead to deadlocks in the child.
  self.pid = os.fork()
/global/homes/t/twarford/.conda/envs/mace_scf/lib/python3.12/multiprocessing/popen_fork.py:66: DeprecationWarning: This process (pid=978402) is multi-threaded, use of fork() may lead to deadlocks in the child.
  self.pid = os.fork()
/global/homes/t/twarford/.conda/envs/mace_scf/lib/python3.12/multiprocessing/popen_fork.py:66: DeprecationWarning: This process (pid=976543) is multi-threaded, use of fork() may lead to deadlocks in the child.
  self.pid = os.fork()
/global/homes/t/twarford/.conda/envs/mace_scf/lib/python3.12/multiprocessing/popen_fork.py:66: DeprecationWarning: This process (pid=978401) is multi-threaded, use of fork() may lead to deadlocks in the child.
  self.pid = os.fork()
/global/homes/t/twarford/.conda/envs/mace_scf/lib/python3.12/multiprocessing/popen_fork.py:66: DeprecationWarning: This process (pid=1141629) is multi-threaded, use of fork() may lead to deadlocks in the child.
  self.pid = os.fork()
/global/homes/t/twarford/.conda/envs/mace_scf/lib/python3.12/multiprocessing/popen_fork.py:66: DeprecationWarning: This process (pid=1046524) is multi-threaded, use of fork() may lead to deadlocks in the child.
  self.pid = os.fork()
/global/homes/t/twarford/.conda/envs/mace_scf/lib/python3.12/multiprocessing/popen_fork.py:66: DeprecationWarning: This process (pid=978400) is multi-threaded, use of fork() may lead to deadlocks in the child.
  self.pid = os.fork()
/global/homes/t/twarford/.conda/envs/mace_scf/lib/python3.12/multiprocessing/popen_fork.py:66: DeprecationWarning: This process (pid=1046523) is multi-threaded, use of fork() may lead to deadlocks in the child.
  self.pid = os.fork()
/global/homes/t/twarford/.conda/envs/mace_scf/lib/python3.12/multiprocessing/popen_fork.py:66: DeprecationWarning: This process (pid=978399) is multi-threaded, use of fork() may lead to deadlocks in the child.
  self.pid = os.fork()
/global/homes/t/twarford/.conda/envs/mace_scf/lib/python3.12/multiprocessing/popen_fork.py:66: DeprecationWarning: This process (pid=1141632) is multi-threaded, use of fork() may lead to deadlocks in the child.
  self.pid = os.fork()
/global/homes/t/twarford/.conda/envs/mace_scf/lib/python3.12/multiprocessing/popen_fork.py:66: DeprecationWarning: This process (pid=1141631) is multi-threaded, use of fork() may lead to deadlocks in the child.
  self.pid = os.fork()
/global/homes/t/twarford/.conda/envs/mace_scf/lib/python3.12/multiprocessing/popen_fork.py:66: DeprecationWarning: This process (pid=1280555) is multi-threaded, use of fork() may lead to deadlocks in the child.
  self.pid = os.fork()
/global/homes/t/twarford/.conda/envs/mace_scf/lib/python3.12/multiprocessing/popen_fork.py:66: DeprecationWarning: This process (pid=1141630) is multi-threaded, use of fork() may lead to deadlocks in the child.
  self.pid = os.fork()
/global/homes/t/twarford/.conda/envs/mace_scf/lib/python3.12/multiprocessing/popen_fork.py:66: DeprecationWarning: This process (pid=976544) is multi-threaded, use of fork() may lead to deadlocks in the child.
  self.pid = os.fork()
/global/homes/t/twarford/.conda/envs/mace_scf/lib/python3.12/multiprocessing/popen_fork.py:66: DeprecationWarning: This process (pid=1280539) is multi-threaded, use of fork() may lead to deadlocks in the child.
  self.pid = os.fork()
/global/homes/t/twarford/.conda/envs/mace_scf/lib/python3.12/multiprocessing/popen_fork.py:66: DeprecationWarning: This process (pid=1200528) is multi-threaded, use of fork() may lead to deadlocks in the child.
  self.pid = os.fork()
/global/homes/t/twarford/.conda/envs/mace_scf/lib/python3.12/multiprocessing/popen_fork.py:66: DeprecationWarning: This process (pid=1280554) is multi-threaded, use of fork() may lead to deadlocks in the child.
  self.pid = os.fork()
/global/homes/t/twarford/.conda/envs/mace_scf/lib/python3.12/multiprocessing/popen_fork.py:66: DeprecationWarning: This process (pid=1280538) is multi-threaded, use of fork() may lead to deadlocks in the child.
  self.pid = os.fork()
/global/homes/t/twarford/.conda/envs/mace_scf/lib/python3.12/multiprocessing/popen_fork.py:66: DeprecationWarning: This process (pid=1200529) is multi-threaded, use of fork() may lead to deadlocks in the child.
  self.pid = os.fork()
/global/homes/t/twarford/.conda/envs/mace_scf/lib/python3.12/multiprocessing/popen_fork.py:66: DeprecationWarning: This process (pid=1200531) is multi-threaded, use of fork() may lead to deadlocks in the child.
  self.pid = os.fork()
/global/homes/t/twarford/.conda/envs/mace_scf/lib/python3.12/multiprocessing/popen_fork.py:66: DeprecationWarning: This process (pid=1200530) is multi-threaded, use of fork() may lead to deadlocks in the child.
  self.pid = os.fork()
[2026-09-19T01:09:40.251] error: *** STEP 58552530.0 ON nid001625 CANCELLED AT 2026-09-19T01:09:40 DUE TO TIME LIMIT ***
[2026-09-19T01:09:40.251] error: *** JOB 58552530 ON nid001625 CANCELLED AT 2026-09-19T01:09:40 DUE TO TIME LIMIT ***
